date,yield_3m,yield_6m,yield_1y,yield_3y,yield_5y,yield_7y,yield_10y,shibor_on,shibor_1w,shibor_1m,shibor_3m,cpi_yoy,ppi_yoy,pmi_manufacturing,m2_yoy
2011-01-04,2.9634,3.0288,3.2281,3.3801,3.5,3.6783,3.8606,2.9308,4.3108,4.4711,4.5583,5.1192,6.06,55.2,19.5
2011-01-05,2.8693,2.925,3.0283,3.347,3.4304,3.6151,3.8132,2.68,3.2192,4.1676,4.522,5.1192,6.06,55.2,19.5
2011-01-06,2.8426,2.8998,2.994,3.3275,3.4402,3.639,3.8339,2.1804,3.1567,4.1188,4.4648,5.1192,6.06,55.2,19.5
2011-01-07,2.8012,2.8402,2.9524,3.2975,3.4105,3.6247,3.8237,2.12,2.7996,3.9565,4.4184,5.1192,6.06,55.2,19.5
2011-01-10,2.81,2.8655,2.9294,3.2899,3.4072,3.6385,3.8449,2.01,2.3725,3.9007,4.3408,5.1192,6.06,55.2,19.5
2011-01-11,2.8061,2.8522,2.9201,3.276,3.4269,3.66,3.8703,1.98,2.4375,3.8782,4.2643,5.1192,6.06,55.2,19.5
2011-01-12,2.7735,2.7818,2.8527,3.2791,3.4083,3.6532,3.855,1.9625,2.4853,3.8569,4.1951,5.1192,6.06,55.2,19.5
2011-01-13,2.7251,2.7797,2.8506,3.2731,3.4419,3.6788,3.8831,1.9157,2.3075,3.8299,4.172,5.1192,6.06,55.2,19.5
2011-01-14,2.699,2.7893,2.85,3.288,3.4714,3.7119,3.9156,1.9217,2.5458,3.8204,4.1398,5.1192,6.06,55.2,19.5
2011-01-17,2.753,2.8207,2.8857,3.3237,3.5334,3.7655,3.9651,1.9258,2.5713,4.1505,4.1383,5.1192,6.06,55.2,19.5
2011-01-18,2.803,2.8544,2.9357,3.3559,3.5998,3.8177,3.9954,1.9971,2.7675,4.4708,4.1671,5.1192,6.06,55.2,19.5
2011-01-19,2.9906,2.9125,3.0017,3.3599,3.623,3.8222,3.9752,2.6275,4.0588,5.2633,4.3572,5.1192,6.06,55.2,19.5
2011-01-20,3.1306,3.0321,3.0457,3.3678,3.6283,3.8298,3.9749,5.7083,6.0767,6.735,4.6839,5.1192,6.06,55.2,19.5
2011-01-21,3.2926,3.0749,3.0866,3.384,3.6297,3.8198,3.9837,5.7242,7.3208,7.4775,4.9322,5.1192,6.06,55.2,19.5
2011-01-24,3.21,3.1076,3.1336,3.3624,3.6216,3.8202,3.9918,5.0408,5.4242,7.9417,5.0497,5.1192,6.06,55.2,19.5
2011-01-25,3.3369,3.1988,3.2104,3.3632,3.6133,3.8242,4.0152,7.2042,7.7033,8.13,5.2502,5.1192,6.06,55.2,19.5
2011-01-26,3.3465,3.2018,3.2154,3.367,3.6164,3.828,3.9991,7.7608,7.8725,8.1258,5.4415,5.1192,6.06,55.2,19.5
2011-01-27,3.3169,3.2118,3.1854,3.38,3.6179,3.8269,4.0058,7.9997,8.4058,8.1392,5.5597,5.1192,6.06,55.2,19.5
2011-01-28,3.2857,3.1854,3.1657,3.3731,3.6185,3.8271,4.0096,7.6992,8.1883,8.13,5.6207,5.1192,6.06,55.2,19.5
2011-01-30,3.2937,3.1899,3.1727,3.3646,3.6135,3.8189,4.01,7.9833,8.5117,8.1118,5.7059,5.1192,6.06,55.2,19.5
2011-01-31,3.297,3.15,3.1527,3.3612,3.6087,3.831,4.0187,5.0142,8.2192,8.1318,5.7464,4.5859,5.93,53.9,19.7
2011-02-01,3.2255,3.1293,3.1427,3.3571,3.616,3.8233,4.0186,3.3458,3.3692,6.625,5.6437,4.5859,5.93,53.9,19.7
2011-02-09,3.1715,3.1763,3.1996,3.43,3.7123,3.9023,4.1006,3.8475,4.0903,5.5818,5.7299,4.5859,5.93,53.9,19.7
2011-02-10,3.0915,3.1676,3.2,3.4208,3.7173,3.8949,4.1158,2.8758,3.9717,5.3151,5.6362,4.5859,5.93,53.9,19.7
2011-02-11,2.9915,3.0676,3.2,3.4235,3.7127,3.8834,4.1062,2.885,3.971,5.1129,5.4415,4.5859,5.93,53.9,19.7
2011-02-12,2.9605,3.0476,3.2,3.4206,3.7195,3.884,4.1087,2.595,2.6412,4.7917,5.1854,4.5859,5.93,53.9,19.7
2011-02-14,2.8105,2.966,3.1664,3.3807,3.6771,3.8504,4.0552,2.31,2.7067,4.4325,5.0048,4.5859,5.93,53.9,19.7
2011-02-15,2.7477,2.9071,3.0664,3.3747,3.6639,3.855,4.0454,2.31,2.6245,4.4292,4.825,4.5859,5.93,53.9,19.7
2011-02-16,2.7717,2.9159,3.065,3.3943,3.6329,3.8786,4.045,2.3008,2.5882,4.4817,4.765,4.5859,5.93,53.9,19.7
2011-02-17,2.8017,2.8966,3.065,3.3894,3.6252,3.867,4.0449,2.1867,2.925,4.3436,4.7215,4.5859,5.93,53.9,19.7
2011-02-18,2.7675,2.8841,3.0587,3.3905,3.6339,3.8698,4.045,2.1075,2.7949,4.3814,4.7145,4.5859,5.93,53.9,19.7
2011-02-21,2.9239,2.9731,3.1532,3.4372,3.6955,3.9052,4.0702,2.1783,6.0942,5.215,4.8776,4.5859,5.93,53.9,19.7
2011-02-22,2.9244,2.9762,3.12,3.4372,3.6753,3.8702,4.04,2.0167,6.2533,5.3383,4.9333,4.5859,5.93,53.9,19.7
2011-02-23,2.7444,2.9477,3.1007,3.4325,3.6381,3.8299,3.9946,1.995,6.2033,5.1042,4.9357,4.5859,5.93,53.9,19.7
2011-02-24,2.6753,2.8477,3.0177,3.3726,3.6081,3.7865,3.9132,2.2892,3.4463,4.8545,4.9197,4.5859,5.93,53.9,19.7
2011-02-25,2.6268,2.8321,3.0257,3.3526,3.6336,3.8313,3.9566,2.7028,3.1492,4.8413,4.925,4.5859,5.93,53.9,19.7
2011-02-28,2.6208,2.7864,3.0,3.3574,3.5849,3.8212,3.9314,2.3783,2.9967,4.7503,4.9107,4.9121,6.6436,52.9,17.2
2011-03-01,2.5369,2.7568,2.9727,3.35,3.5795,3.8026,3.9259,2.1875,2.9958,4.4535,4.8281,4.9121,6.6436,52.9,17.2
2011-03-02,2.484,2.6918,2.9697,3.3678,3.5647,3.771,3.9233,2.0183,2.9942,4.2138,4.6752,4.9121,6.6436,52.9,17.2
2011-03-03,2.4596,2.6161,2.9496,3.3315,3.5599,3.7873,3.9279,1.9419,2.4392,4.0445,4.5258,4.9121,6.6436,52.9,17.2
2011-03-04,2.4785,2.5988,2.9508,3.3386,3.5806,3.7982,3.9388,1.8933,2.2092,4.0075,4.4645,4.9121,6.6436,52.9,17.2
2011-03-07,2.3985,2.6,2.9352,3.3311,3.5813,3.7946,3.9351,1.7858,2.163,3.7679,4.4015,4.9121,6.6436,52.9,17.2
2011-03-08,2.4028,2.5903,2.9394,3.33,3.5325,3.7531,3.9078,1.6917,2.2033,3.7475,4.3203,4.9121,6.6436,52.9,17.2
2011-03-09,2.3706,2.568,2.8898,3.26,3.5087,3.7391,3.8879,1.6875,2.1513,3.618,4.2237,4.9121,6.6436,52.9,17.2
2011-03-10,2.3706,2.6162,2.9105,3.26,3.5465,3.757,3.9321,1.6792,2.2575,3.7062,4.1944,4.9121,6.6436,52.9,17.2
2011-03-11,2.4704,2.666,2.8904,3.2599,3.5414,3.7692,3.9328,1.6858,2.0508,3.6936,4.1845,4.9121,6.6436,52.9,17.2
2011-03-14,2.47,2.6787,2.8977,3.2771,3.5525,3.7468,3.9074,1.6875,2.0467,3.7425,4.1903,4.9121,6.6436,52.9,17.2
2011-03-15,2.4741,2.6616,2.9007,3.2633,3.5083,3.7022,3.8659,1.6804,1.9917,3.9108,4.2129,4.9121,6.6436,52.9,17.2
2011-03-16,2.493,2.696,2.8986,3.2511,3.5063,3.693,3.86,1.6783,1.9933,3.9639,4.2207,4.9121,6.6436,52.9,17.2
2011-03-17,2.4799,2.6928,2.89,3.2321,3.4932,3.6748,3.8326,1.6733,1.9983,3.9342,4.2401,4.9121,6.6436,52.9,17.2
2011-03-18,2.5,2.7015,2.8965,3.2365,3.4942,3.6789,3.8489,1.6692,1.9967,3.8817,4.2461,4.9121,6.6436,52.9,17.2
2011-03-21,2.5712,2.7219,2.9365,3.2476,3.5222,3.7006,3.8774,1.9242,2.96,3.909,4.2684,4.9121,6.6436,52.9,17.2
2011-03-22,2.5758,2.7209,2.915,3.2532,3.5262,3.7165,3.8987,1.9158,2.8283,3.91,4.2684,4.9121,6.6436,52.9,17.2
2011-03-23,2.6076,2.6897,2.85,3.2373,3.528,3.7088,3.9037,1.8992,2.7133,3.8799,4.2654,4.9121,6.6436,52.9,17.2
2011-03-24,2.61,2.6731,2.8519,3.2321,3.5035,3.7083,3.8762,1.879,2.7,3.8606,4.2517,4.9121,6.6436,52.9,17.2
2011-03-25,2.6019,2.6741,2.851,3.2223,3.4953,3.7107,3.8714,1.8675,2.2342,3.8509,4.2388,4.9121,6.6436,52.9,17.2
2011-03-28,2.6262,2.6919,2.88,3.2323,3.4958,3.7111,3.8807,1.7883,2.3058,3.8484,4.2072,4.9121,6.6436,52.9,17.2
2011-03-29,2.5939,2.6975,2.8883,3.2326,3.4969,3.7344,3.9044,1.7883,2.0842,3.6517,4.1666,4.9121,6.6436,52.9,17.2
2011-03-30,2.5883,2.7039,2.8733,3.2292,3.5157,3.7368,3.9069,1.7858,2.6071,3.5989,4.1656,4.9121,6.6436,52.9,17.2
2011-03-31,2.6179,2.7008,2.8734,3.2328,3.5074,3.7443,3.912,1.7992,2.8183,3.59,4.169,4.9443,7.2322,52.2,15.7
2011-04-01,2.6197,2.6967,2.8259,3.2328,3.5071,3.7395,3.9126,1.7922,2.7821,3.565,4.1788,4.9443,7.2322,52.2,15.7
2011-04-02,2.6012,2.6939,2.8346,3.2357,3.5096,3.7337,3.9078,1.7802,2.2783,3.5343,4.1765,4.9443,7.2322,52.2,15.7
2011-04-06,2.6342,2.7161,2.859,3.2412,3.5316,3.737,3.9203,1.7829,2.3883,3.522,4.2293,4.9443,7.2322,52.2,15.7
2011-04-07,2.6588,2.7517,2.8709,3.2469,3.5297,3.7316,3.9167,1.7717,2.0625,3.5109,4.2491,4.9443,7.2322,52.2,15.7
2011-04-08,2.615,2.7217,2.8589,3.2434,3.5315,3.7244,3.9081,1.7663,2.4692,3.5217,4.2531,4.9443,7.2322,52.2,15.7
2011-04-11,2.6085,2.7273,2.8625,3.2444,3.51,3.7128,3.8928,1.7571,1.9938,3.5128,4.2522,4.9443,7.2322,52.2,15.7
2011-04-12,2.6044,2.7272,2.8482,3.2365,3.4632,3.6653,3.87,1.7452,1.9517,3.5132,4.248,4.9443,7.2322,52.2,15.7
2011-04-13,2.5758,2.7,2.8144,3.2049,3.432,3.6675,3.8703,1.7361,1.9658,3.4976,4.2463,4.9443,7.2322,52.2,15.7
2011-04-14,2.5419,2.6857,2.8105,3.1946,3.4321,3.6629,3.8707,1.7338,2.3782,3.4756,4.2387,4.9443,7.2322,52.2,15.7
2011-04-15,2.5539,2.7014,2.8133,3.1994,3.4326,3.6632,3.8709,1.7282,2.3513,3.4479,4.2373,4.9443,7.2322,52.2,15.7
2011-04-18,2.5487,2.707,2.8297,3.2137,3.462,3.6881,3.896,1.7629,2.695,3.4625,4.2671,4.9443,7.2322,52.2,15.7
2011-04-19,2.5559,2.6775,2.8186,3.2086,3.4622,3.6833,3.8911,1.7637,2.9598,3.4629,4.288,4.9443,7.2322,52.2,15.7
2011-04-20,2.5868,2.6856,2.8211,3.2037,3.4574,3.6834,3.8913,1.7569,2.9992,3.5039,4.3058,4.9443,7.2322,52.2,15.7
2011-04-21,2.602,2.7084,2.8283,3.2205,3.4571,3.6834,3.8912,3.5333,3.9275,4.0058,4.3449,4.9443,7.2322,52.2,15.7
2011-04-22,2.6013,2.6969,2.8389,3.2274,3.464,3.6845,3.8966,3.0775,3.5496,4.2225,4.3771,4.9443,7.2322,52.2,15.7
2011-04-25,2.6425,2.7397,2.84,3.2425,3.4646,3.6848,3.8961,2.6958,4.0542,4.4425,4.4797,4.9443,7.2322,52.2,15.7
2011-04-26,2.6629,2.7527,2.8486,3.2685,3.4704,3.6879,3.896,2.6792,4.4275,4.6149,4.5218,4.9443,7.2322,52.2,15.7
2011-04-27,2.6318,2.7094,2.8078,3.2581,3.4706,3.6847,3.8812,2.0233,3.7533,4.5172,4.5315,4.9443,7.2322,52.2,15.7
2011-04-28,2.5728,2.7163,2.8066,3.2639,3.4418,3.6879,3.87,2.0242,3.0392,4.3444,4.5339,4.9443,7.2322,52.2,15.7
2011-04-29,2.5789,2.7149,2.8094,3.2594,3.4321,3.6714,3.8713,2.4992,2.94,4.1433,4.5387,4.9443,7.2322,52.2,15.7
2011-05-03,2.6131,2.7257,2.8335,3.2617,3.4242,3.6793,3.8752,2.5525,2.9492,3.9708,4.539,5.383,7.3081,53.4,16.6
2011-05-04,2.6135,2.72,2.82,3.2619,3.4252,3.6691,3.8772,2.5167,2.9983,3.8824,4.5165,5.383,7.3081,53.4,16.6
2011-05-05,2.6137,2.71,2.8528,3.2623,3.4315,3.6757,3.8715,1.9942,2.965,3.6765,4.5209,5.383,7.3081,53.4,16.6
2011-05-06,2.5846,2.7072,2.8661,3.2632,3.4273,3.6455,3.8308,1.9938,2.7817,3.5907,4.5083,5.383,7.3081,53.4,16.6
2011-05-09,2.6156,2.7261,2.8614,3.2687,3.4224,3.6464,3.8378,2.12,2.7458,3.6158,4.5101,5.383,7.3081,53.4,16.6
2011-05-10,2.6172,2.7378,2.8567,3.2773,3.4323,3.6464,3.8326,2.11,2.7783,3.628,4.4986,5.383,7.3081,53.4,16.6
2011-05-11,2.6027,2.7394,2.8758,3.2726,3.424,3.6275,3.8334,2.1006,2.7883,3.6542,4.4944,5.383,7.3081,53.4,16.6
2011-05-12,2.5954,2.7367,2.9065,3.2676,3.4215,3.6326,3.8211,2.0858,2.7729,3.7142,4.4909,5.383,7.3081,53.4,16.6
2011-05-13,2.714,2.8867,2.9747,3.2929,3.4511,3.6452,3.8363,2.0892,3.5542,3.93,4.5138,5.383,7.3081,53.4,16.6
2011-05-16,2.755,2.9009,2.9799,3.2881,3.4532,3.6478,3.8432,2.0908,4.5983,4.5592,4.5257,5.383,7.3081,53.4,16.6
2011-05-17,2.7574,2.8977,2.9596,3.2922,3.4532,3.654,3.8318,2.0992,4.6375,4.63,4.5455,5.383,7.3081,53.4,16.6
2011-05-18,2.75,2.8777,2.9585,3.2902,3.4507,3.6485,3.8338,3.1492,3.269,4.5808,4.5622,5.383,7.3081,53.4,16.6
2011-05-19,2.7521,2.8846,2.9788,3.2916,3.4502,3.651,3.8309,3.5467,3.5283,4.5058,4.5603,5.383,7.3081,53.4,16.6
2011-05-20,2.7924,2.952,3.037,3.3027,3.4424,3.6518,3.8429,4.005,3.9892,4.4949,4.5625,5.383,7.3081,53.4,16.6
2011-05-23,2.8606,2.952,3.0466,3.3059,3.428,3.6401,3.84,4.0008,4.7108,4.89,4.5682,5.383,7.3081,53.4,16.6
2011-05-24,2.8806,2.9937,3.055,3.3054,3.4303,3.6378,3.8414,4.4767,4.73,5.1233,4.5933,5.383,7.3081,53.4,16.6
2011-05-25,2.9,2.9924,3.0577,3.307,3.3968,3.6456,3.8382,4.9992,5.305,5.3367,4.6263,5.383,7.3081,53.4,16.6
2011-05-26,2.9047,2.9853,3.0589,3.2884,3.3846,3.6374,3.8352,4.8533,5.0883,5.36,4.644,5.383,7.3081,53.4,16.6
2011-05-27,2.8767,2.9253,3.0053,3.2801,3.3953,3.6292,3.8217,2.8362,4.3958,5.0908,4.642,5.383,7.3081,53.4,16.6
2011-05-30,2.8874,2.9286,3.0317,3.2751,3.3906,3.6196,3.8256,2.55,3.2008,4.734,4.6003,5.383,7.3081,53.4,16.6
2011-05-31,2.9062,2.9427,3.0348,3.2809,3.4156,3.6471,3.8311,3.8433,3.8467,4.6269,4.6059,5.3442,6.821,52.9,15.3
2011-06-01,2.9041,2.9451,3.0402,3.3113,3.4226,3.6502,3.8311,3.1454,3.9167,4.4299,4.6121,5.3442,6.821,52.9,15.3
2011-06-02,2.9039,2.9565,3.0597,3.3305,3.4233,3.6502,3.8337,2.8436,3.5033,4.4954,4.6002,5.3442,6.821,52.9,15.3
2011-06-03,2.906,2.9506,3.0419,3.3312,3.4241,3.6491,3.8337,2.505,3.5075,4.584,4.5925,5.3442,6.821,52.9,15.3
2011-06-07,2.9261,2.9639,3.0558,3.3343,3.4347,3.6598,3.8341,2.9967,3.2292,4.6025,4.5981,5.3442,6.821,52.9,15.3
2011-06-08,2.9461,2.9876,3.0925,3.3552,3.4904,3.679,3.8572,3.6663,3.71,4.8667,4.6543,5.3442,6.821,52.9,15.3
2011-06-09,2.9611,3.0012,3.0833,3.3605,3.5136,3.6855,3.8726,3.7858,4.1017,5.1317,4.7502,5.3442,6.821,52.9,15.3
2011-06-10,2.9811,3.0063,3.0901,3.3712,3.5219,3.7119,3.894,3.8167,4.6142,5.3242,4.7705,5.3442,6.821,52.9,15.3
2011-06-13,2.9961,3.017,3.1185,3.4005,3.5245,3.7151,3.9036,3.8025,4.5317,5.395,4.8743,5.3442,6.821,52.9,15.3
2011-06-14,3.0461,3.0722,3.1552,3.4336,3.5701,3.7454,3.9406,3.4842,4.1592,5.4417,4.9232,5.3442,6.821,52.9,15.3
2011-06-15,3.2261,3.2628,3.3465,3.489,3.6211,3.8032,3.9986,3.9878,6.1825,7.1625,5.2788,5.3442,6.821,52.9,15.3
2011-06-16,3.3801,3.4579,3.5,3.5217,3.6208,3.8383,3.9839,3.9957,6.6,7.3708,5.5884,5.3442,6.821,52.9,15.3
2011-06-17,3.534,3.5905,3.6113,3.5332,3.6309,3.8276,3.9803,3.985,6.6842,7.3895,5.6733,5.3442,6.821,52.9,15.3
2011-06-20,3.5184,3.55,3.5808,3.4851,3.5845,3.7764,3.9413,6.955,7.4958,7.4458,5.7433,5.3442,6.821,52.9,15.3
2011-06-21,3.5332,3.5462,3.5805,3.4702,3.5602,3.7551,3.9003,7.1375,8.3267,7.5583,5.8421,5.3442,6.821,52.9,15.3
2011-06-22,3.578,3.5949,3.5929,3.52,3.6162,3.8126,3.9555,7.47,8.835,7.5683,6.0594,5.3442,6.821,52.9,15.3
2011-06-23,3.6398,3.624,3.6168,3.51,3.6172,3.8117,3.9691,7.3325,9.0708,7.9167,6.383,5.3442,6.821,52.9,15.3
2011-06-24,3.5736,3.58,3.5903,3.4947,3.5823,3.7722,3.8963,7.0502,8.67,7.8857,6.3893,5.3442,6.821,52.9,15.3
2011-06-27,3.4355,3.437,3.4957,3.4569,3.5289,3.7342,3.8703,6.1117,7.2617,7.9225,6.4302,5.3442,6.821,52.9,15.3
2011-06-28,3.408,3.4244,3.5007,3.4552,3.5467,3.7267,3.8801,5.0554,6.4925,7.755,6.4611,5.3442,6.821,52.9,15.3
2011-06-29,3.4,3.4444,3.4915,3.4601,3.5536,3.738,3.8833,5.035,6.3283,7.7363,6.4571,5.3442,6.821,52.9,15.3
2011-06-30,3.3902,3.4127,3.4742,3.47,3.555,3.7364,3.8857,4.9983,6.5986,7.5666,6.3917,5.5146,6.7851,52.0,15.1
2011-07-01,3.3477,3.35,3.432,3.4104,3.5339,3.7102,3.8775,4.7297,5.9483,7.2727,6.3867,5.5146,6.7851,52.0,15.1
2011-07-04,3.2927,3.297,3.4018,3.3856,3.5155,3.7099,3.8842,2.8505,4.7617,6.6792,6.3579,5.5146,6.7851,52.0,15.1
2011-07-05,3.2927,3.2828,3.404,3.3956,3.5269,3.7075,3.8909,5.8392,6.7992,6.396,6.3481,5.5146,6.7851,52.0,15.1
2011-07-06,3.2592,3.2709,3.4151,3.4358,3.5437,3.74,3.9116,5.5817,7.4367,6.4292,6.3333,5.5146,6.7851,52.0,15.1
2011-07-07,3.2773,3.2969,3.4,3.4363,3.5529,3.7423,3.9021,4.8292,5.6133,6.0717,6.3302,5.5146,6.7851,52.0,15.1
2011-07-08,3.1996,3.2561,3.41,3.4375,3.5501,3.7376,3.8881,4.9983,6.2542,5.8892,6.3057,5.5146,6.7851,52.0,15.1
2011-07-11,3.1759,3.2251,3.3821,3.4619,3.5704,3.7395,3.8923,4.015,5.3283,5.545,6.2398,5.5146,6.7851,52.0,15.1
2011-07-12,3.1701,3.2163,3.4123,3.462,3.5648,3.7471,3.8899,2.4325,4.8683,5.3214,6.1912,5.5146,6.7851,52.0,15.1
2011-07-13,3.2,3.2763,3.5323,3.4999,3.569,3.7509,3.8913,3.4525,3.6975,5.2603,6.1102,5.5146,6.7851,52.0,15.1
2011-07-14,3.2541,3.3363,3.5779,3.5021,3.5869,3.7714,3.9204,4.2217,4.8042,5.2627,6.0853,5.5146,6.7851,52.0,15.1
2011-07-15,3.0993,3.293,3.5674,3.4947,3.5951,3.787,3.9278,3.8683,4.0925,5.3109,6.0216,5.5146,6.7851,52.0,15.1
2011-07-18,3.1619,3.355,3.5868,3.5126,3.6441,3.8181,3.9558,3.6367,4.5217,5.42,5.9927,5.5146,6.7851,52.0,15.1
2011-07-19,3.241,3.4309,3.665,3.5924,3.6855,3.8737,4.0088,4.43,4.5817,5.445,5.981,5.5146,6.7851,52.0,15.1
2011-07-20,3.4429,3.5232,3.75,3.686,3.7608,3.9616,4.0715,4.7383,5.3533,5.9083,5.9694,5.5146,6.7851,52.0,15.1
2011-07-21,3.4488,3.6,3.8242,3.7291,3.8153,4.0012,4.0889,5.4208,5.7742,6.6117,5.956,5.5146,6.7851,52.0,15.1
2011-07-22,3.3379,3.6081,3.8275,3.7564,3.7968,3.9933,4.0671,5.2967,5.42,6.9975,5.9688,5.5146,6.7851,52.0,15.1
2011-07-25,3.3375,3.6257,3.7943,3.7573,3.8023,3.9623,4.0663,5.1408,5.2592,6.6608,6.0383,5.5146,6.7851,52.0,15.1
2011-07-26,3.3645,3.6407,3.7842,3.7595,3.8191,3.9625,4.0753,4.615,4.9908,6.6692,6.0283,5.5146,6.7851,52.0,15.1
2011-07-27,3.3952,3.6766,3.7793,3.7489,3.8145,3.9627,4.0855,4.1483,4.9583,6.5833,6.0198,5.5146,6.7851,52.0,15.1
2011-07-28,3.3381,3.6167,3.7393,3.7307,3.8118,3.9574,4.0627,3.6367,5.0467,6.428,6.0002,5.5146,6.7851,52.0,15.1
2011-07-29,3.2995,3.5766,3.7339,3.7126,3.7914,3.937,4.0477,3.4817,5.1142,6.2651,5.9993,5.5146,6.7851,52.0,15.1
2011-08-01,3.317,3.5937,3.7102,3.7158,3.7978,3.9329,4.0502,3.0263,5.0121,5.7242,5.9712,6.3553,7.1209,50.9,15.9
2011-08-02,3.32,3.5928,3.7194,3.7175,3.8033,3.9401,4.0615,2.8121,4.8732,5.3972,5.9085,6.3553,7.1209,50.9,15.9
2011-08-03,3.3228,3.61,3.7045,3.7602,3.9,4.0011,4.1201,2.8133,4.0992,5.1933,5.8897,6.3553,7.1209,50.9,15.9
2011-08-04,3.3424,3.6103,3.7059,3.753,3.9568,3.9975,4.0911,2.8442,3.2666,5.01,5.8493,6.3553,7.1209,50.9,15.9
2011-08-05,3.3265,3.5891,3.6707,3.7036,3.8997,3.948,4.0423,2.8175,3.01,5.0444,5.8066,6.3553,7.1209,50.9,15.9
2011-08-08,3.2965,3.5305,3.6233,3.6705,3.862,3.9335,4.0007,2.7286,3.0,5.0313,5.7463,6.3553,7.1209,50.9,15.9
2011-08-09,3.2468,3.4797,3.599,3.6504,3.831,3.8863,3.9554,2.7368,3.0933,5.0583,5.6908,6.3553,7.1209,50.9,15.9
2011-08-10,3.2268,3.4544,3.5821,3.6591,3.8329,3.918,3.9639,3.0425,3.1058,5.0038,5.649,6.3553,7.1209,50.9,15.9
2011-08-11,3.2256,3.4406,3.5481,3.6239,3.7764,3.8604,3.9291,2.7438,3.0967,4.9725,5.5883,6.3553,7.1209,50.9,15.9
2011-08-12,3.2087,3.4114,3.5782,3.6138,3.8056,3.8769,3.9268,2.7942,3.0825,4.9842,5.5257,6.3553,7.1209,50.9,15.9
2011-08-15,3.18,3.4113,3.5832,3.6216,3.8104,3.8638,3.9231,2.8492,3.2375,4.8707,5.4929,6.3553,7.1209,50.9,15.9
2011-08-16,3.2142,3.4524,3.6218,3.6459,3.8355,3.9008,3.9492,2.9871,3.2129,4.8367,5.4602,6.3553,7.1209,50.9,15.9
2011-08-17,3.2142,3.506,3.6257,3.6573,3.8229,3.8928,3.9432,2.9992,3.2167,4.8861,5.4443,6.3553,7.1209,50.9,15.9
2011-08-18,3.2562,3.5439,3.656,3.672,3.8328,3.9026,3.956,3.4425,3.7658,5.07,5.4328,6.3553,7.1209,50.9,15.9
2011-08-19,3.2492,3.5285,3.6475,3.6536,3.7921,3.8757,3.9331,3.6892,4.3033,5.4275,5.4328,6.3553,7.1209,50.9,15.9
2011-08-22,3.2642,3.5407,3.6391,3.6661,3.7974,3.8761,3.9325,4.03,4.9667,5.4663,5.4273,6.3553,7.1209,50.9,15.9
2011-08-23,3.2862,3.5277,3.6476,3.6524,3.8123,3.8933,3.9356,4.2306,5.19,5.4797,5.4246,6.3553,7.1209,50.9,15.9
2011-08-24,3.2922,3.5442,3.66,3.6668,3.8125,3.905,3.9501,3.7683,4.4383,5.2292,5.4049,6.3553,7.1209,50.9,15.9
2011-08-25,3.301,3.5591,3.6607,3.6753,3.8246,3.9302,3.975,3.3377,4.4825,5.14,5.3848,6.3553,7.1209,50.9,15.9
2011-08-26,3.316,3.5743,3.6692,3.698,3.8597,3.9387,3.9886,3.2235,4.0558,5.015,5.3546,6.3553,7.1209,50.9,15.9
2011-08-29,3.436,3.6979,3.8092,3.848,3.9869,4.0006,4.0994,3.165,4.3961,5.2858,5.4867,6.3553,7.1209,50.9,15.9
2011-08-30,3.5836,3.8323,3.9379,3.9338,4.039,4.0717,4.1303,3.4308,4.975,5.3277,5.5113,6.3553,7.1209,50.9,15.9
2011-08-31,3.6175,3.8444,3.9174,3.9108,4.0131,4.0712,4.105,3.3538,4.955,5.4033,5.5444,6.4508,7.5417,50.7,14.7
2011-09-01,3.6284,3.8137,3.9,3.8791,3.9711,4.0233,4.0708,3.4192,4.7658,5.4242,5.5774,6.4508,7.5417,50.7,14.7
2011-09-02,3.5943,3.8232,3.897,3.8717,3.9559,4.0218,4.07,3.4808,4.2021,5.58,5.5753,6.4508,7.5417,50.7,14.7
2011-09-05,3.5793,3.8203,3.8923,3.8529,3.9122,4.009,4.0501,3.8892,4.8775,5.6608,5.6079,6.4508,7.5417,50.7,14.7
2011-09-06,3.6135,3.7976,3.8675,3.8607,3.8814,3.9782,4.0107,2.9975,4.4883,5.6708,5.611,6.4508,7.5417,50.7,14.7
2011-09-07,3.6189,3.7794,3.8727,3.9525,3.9218,4.0239,4.05,3.0546,4.3625,5.5069,5.6509,6.4508,7.5417,50.7,14.7
2011-09-08,3.6285,3.8006,3.8716,3.957,3.943,4.0305,4.065,3.1058,4.01,5.3543,5.6554,6.4508,7.5417,50.7,14.7
2011-09-09,3.5834,3.7763,3.8642,3.9439,3.9083,4.0004,4.0452,3.0408,3.6233,5.0942,5.6513,6.4508,7.5417,50.7,14.7
2011-09-13,3.583,3.7386,3.8642,3.9376,3.8858,3.9763,4.0208,2.9525,3.2817,5.065,5.6272,6.4508,7.5417,50.7,14.7
2011-09-14,3.5444,3.7889,3.9342,3.9445,3.9015,3.9788,4.021,2.9575,3.2883,5.3,5.6304,6.4508,7.5417,50.7,14.7
2011-09-15,3.5159,3.8026,3.9214,3.9661,3.928,4.0073,4.0495,3.1933,3.3433,5.2583,5.6209,6.4508,7.5417,50.7,14.7
2011-09-16,3.5173,3.9201,3.9401,3.9824,3.9501,4.0293,4.0752,3.19,3.3202,5.2149,5.6167,6.4508,7.5417,50.7,14.7
2011-09-19,3.5701,3.8429,3.9219,3.9862,3.9535,4.0233,4.0801,3.4777,3.55,5.4267,5.6138,6.4508,7.5417,50.7,14.7
2011-09-20,3.5846,3.844,3.9116,3.9722,3.944,4.0362,4.0801,3.7975,3.9933,5.685,5.6216,6.4508,7.5417,50.7,14.7
2011-09-21,3.5368,3.8443,3.8729,3.9571,3.9581,4.029,4.0908,3.7346,4.079,5.8408,5.6393,6.4508,7.5417,50.7,14.7
2011-09-22,3.515,3.8193,3.8529,3.9186,3.9164,3.9954,4.0676,3.5042,3.9025,5.9258,5.6289,6.4508,7.5417,50.7,14.7
2011-09-23,3.5001,3.6654,3.7032,3.8232,3.8187,3.9232,3.9662,3.2942,4.1633,5.88,5.6328,6.4508,7.5417,50.7,14.7
2011-09-26,3.4378,3.5203,3.5519,3.7447,3.7549,3.8563,3.8878,3.0958,3.81,5.8733,5.6195,6.4508,7.5417,50.7,14.7
2011-09-27,3.4553,3.5269,3.5766,3.7697,3.7931,3.8909,3.9158,4.055,4.6667,5.7011,5.6269,6.4508,7.5417,50.7,14.7
2011-09-28,3.4301,3.5232,3.6164,3.7761,3.7847,3.8899,3.9203,3.9917,4.81,5.815,5.6391,6.4508,7.5417,50.7,14.7
2011-09-29,3.4114,3.4817,3.5829,3.7417,3.7505,3.8525,3.884,3.8721,5.0675,5.8242,5.6399,6.4508,7.5417,50.7,14.7
2011-09-30,3.3724,3.4729,3.6069,3.7119,3.7217,3.819,3.8605,4.8925,5.0025,5.9167,5.6466,6.1514,7.2528,50.9,13.5
2011-10-08,3.3917,3.4748,3.5999,3.7083,3.7266,3.8222,3.8605,4.8604,4.9667,5.4838,5.6421,6.1514,7.2528,50.9,13.5
2011-10-09,3.3868,3.4482,3.5531,3.6481,3.6565,3.7595,3.8056,4.5642,4.795,5.2758,5.6412,6.1514,7.2528,50.9,13.5
2011-10-10,3.3458,3.4261,3.4522,3.5488,3.5775,3.7034,3.7706,3.8192,4.4283,5.2975,5.648,6.1514,7.2528,50.9,13.5
2011-10-11,3.3203,3.3739,3.3824,3.4918,3.5631,3.6792,3.7593,3.4417,4.1975,5.2396,5.6503,6.1514,7.2528,50.9,13.5
2011-10-12,3.196,3.204,3.2323,3.5017,3.604,3.7088,3.8005,2.995,3.3158,5.3258,5.6343,6.1514,7.2528,50.9,13.5
2011-10-13,3.138,3.1479,3.1501,3.5271,3.6644,3.738,3.8205,2.9642,3.1517,5.29,5.632,6.1514,7.2528,50.9,13.5
2011-10-14,3.0708,3.1106,3.1466,3.4883,3.6238,3.7,3.7707,2.88,3.1475,5.3292,5.6343,6.1514,7.2528,50.9,13.5
2011-10-17,3.1002,3.1289,3.141,3.5342,3.6519,3.7215,3.7906,2.8075,3.34,5.0558,5.6404,6.1514,7.2528,50.9,13.5
2011-10-18,3.0638,3.1173,3.1412,3.4944,3.5883,3.6699,3.7407,2.8308,3.4933,5.0626,5.6235,6.1514,7.2528,50.9,13.5
2011-10-19,3.0898,3.0983,3.1411,3.5013,3.6025,3.6755,3.7311,2.8963,3.3517,5.0044,5.6179,6.1514,7.2528,50.9,13.5
2011-10-20,3.0651,3.102,3.1412,3.4764,3.585,3.6696,3.7266,3.01,3.4575,4.9775,5.604,6.1514,7.2528,50.9,13.5
2011-10-21,3.049,3.0937,3.14,3.5028,3.6022,3.6802,3.7385,3.0738,3.4342,4.9608,5.617,6.1514,7.2528,50.9,13.5
2011-10-24,3.0861,3.1146,3.1347,3.5029,3.6118,3.7004,3.7533,3.065,3.4033,4.9667,5.6136,6.1514,7.2528,50.9,13.5
2011-10-25,3.1027,3.1314,3.1669,3.5324,3.64,3.7411,3.796,3.5983,3.99,5.101,5.6363,6.1514,7.2528,50.9,13.5
2011-10-26,3.1027,3.1129,3.1691,3.5087,3.6307,3.7212,3.7918,3.9983,4.0917,5.145,5.6354,6.1514,7.2528,50.9,13.5
2011-10-27,3.1129,3.1273,3.1898,3.512,3.6508,3.7411,3.8032,4.1875,4.5417,5.3269,5.6522,6.1514,7.2528,50.9,13.5
2011-10-28,3.1333,3.1389,3.1898,3.51,3.6306,3.7315,3.787,4.8983,4.9792,5.8317,5.6643,6.1514,7.2528,50.9,13.5
2011-10-31,3.1207,3.1232,3.1398,3.4902,3.5804,3.6989,3.7607,4.695,4.9433,5.9107,5.7048,6.0671,6.5227,51.2,13.04
2011-11-01,3.0648,3.0884,3.0899,3.4385,3.5483,3.6387,3.7395,3.3025,4.3542,5.6958,5.7693,6.0671,6.5227,51.2,13.04
2011-11-02,3.0459,3.0585,3.0681,3.4127,3.5197,3.6288,3.7208,3.0964,3.6958,5.2208,5.7033,6.0671,6.5227,51.2,13.04
2011-11-03,2.988,2.9889,3.0252,3.3988,3.5114,3.6411,3.7233,3.09,3.3975,5.1758,5.7017,6.0671,6.5227,51.2,13.04
2011-11-04,2.9635,2.9693,2.9969,3.3793,3.4971,3.6285,3.7158,3.09,3.4983,5.0775,5.7043,6.0671,6.5227,51.2,13.04
2011-11-07,2.9583,2.9643,2.9901,3.3805,3.5024,3.6382,3.7333,3.0933,3.5683,4.9242,5.7221,6.0671,6.5227,51.2,13.04
2011-11-08,2.8233,2.8363,2.8563,3.3525,3.4666,3.6004,3.6988,3.1117,3.5583,4.9133,5.71,6.0671,6.5227,51.2,13.04
2011-11-09,2.5499,2.6072,2.6438,3.2528,3.382,3.5833,3.6436,3.1167,3.5183,4.5819,5.7046,6.0671,6.5227,51.2,13.04
2011-11-10,2.5258,2.5272,2.5705,3.1133,3.2916,3.4783,3.5563,3.1254,3.4767,4.6075,5.6842,6.0671,6.5227,51.2,13.04
2011-11-11,2.5425,2.5432,2.5683,3.1142,3.3027,3.5023,3.5916,2.8233,3.5,4.5358,5.6542,6.0671,6.5227,51.2,13.04
2011-11-14,2.4654,2.4932,2.5562,3.1504,3.2998,3.4985,3.5807,2.8988,3.3067,4.5358,5.6617,6.0671,6.5227,51.2,13.04
2011-11-15,2.4915,2.4932,2.5459,3.1313,3.3423,3.541,3.6563,2.9125,3.2975,4.5622,5.6608,6.0671,6.5227,51.2,13.04
2011-11-16,2.5118,2.5213,2.5692,3.1414,3.3545,3.541,3.626,2.925,3.345,4.6345,5.6558,6.0671,6.5227,51.2,13.04
2011-11-17,2.5522,2.5553,2.598,3.1515,3.3979,3.5512,3.636,3.2292,3.5525,4.8814,5.6575,6.0671,6.5227,51.2,13.04
2011-11-18,2.5637,2.5668,2.6013,3.1375,3.3673,3.5546,3.6412,3.4225,3.6994,4.9232,5.655,6.0671,6.5227,51.2,13.04
2011-11-21,2.6196,2.638,2.611,3.1681,3.3959,3.5814,3.6598,3.6033,4.2092,5.145,5.665,6.0671,6.5227,51.2,13.04
2011-11-22,2.6405,2.643,2.6397,3.1676,3.4075,3.5518,3.6412,3.8342,4.4117,5.3083,5.6707,6.0671,6.5227,51.2,13.04
2011-11-23,2.6458,2.6483,2.6717,3.1369,3.3321,3.5159,3.5914,3.9567,4.3325,5.2993,5.6692,6.0671,6.5227,51.2,13.04
2011-11-24,2.631,2.6416,2.6754,3.1249,3.3062,3.5118,3.6103,3.9467,4.105,5.3211,5.6673,6.0671,6.5227,51.2,13.04
2011-11-25,2.6719,2.6766,2.6932,3.1099,3.3105,3.5132,3.6115,4.0192,4.0358,5.3208,5.6673,6.0671,6.5227,51.2,13.04
2011-11-28,2.6785,2.6802,2.7215,3.1012,3.3353,3.5358,3.6402,3.7075,3.9833,5.1583,5.6514,6.0671,6.5227,51.2,13.04
2011-11-29,2.6861,2.6802,2.724,3.1202,3.3458,3.5377,3.6315,3.4086,3.6375,5.1517,5.6696,6.0671,6.5227,51.2,13.04
2011-11-30,2.7057,2.703,2.7366,3.0994,3.3026,3.5071,3.6091,3.425,3.9642,4.8033,5.6654,5.4954,5.0038,50.4,12.9
2011-12-01,2.5098,2.5034,2.5866,2.9659,3.1236,3.4134,3.5005,2.9775,3.9717,4.7028,5.6054,5.4954,5.0038,50.4,12.9
2011-12-02,2.5313,2.5377,2.6334,2.9351,3.0515,3.3687,3.472,2.9723,3.6446,4.608,5.5433,5.4954,5.0038,50.4,12.9
2011-12-05,2.4959,2.4948,2.6213,2.9099,3.0373,3.355,3.442,2.8567,3.2933,4.6271,5.53,5.4954,5.0038,50.4,12.9
2011-12-06,2.5616,2.5609,2.6293,2.91,3.0791,3.3654,3.479,2.8504,3.3942,4.6543,5.5183,5.4954,5.0038,50.4,12.9
2011-12-07,2.5815,2.5829,2.63,2.866,3.109,3.3738,3.489,2.8696,3.4308,4.6969,5.4842,5.4954,5.0038,50.4,12.9
2011-12-08,2.5815,2.5833,2.63,2.87,3.0892,3.3796,3.4953,2.8596,3.4692,4.8042,5.4711,5.4954,5.0038,50.4,12.9
2011-12-09,2.5939,2.5956,2.6324,2.8561,3.0492,3.375,3.4817,2.89,3.5308,4.5743,5.4682,5.4954,5.0038,50.4,12.9
2011-12-12,2.594,2.5941,2.6595,2.871,3.0619,3.384,3.4927,2.9475,3.5392,4.8814,5.4607,5.4954,5.0038,50.4,12.9
2011-12-13,2.604,2.5841,2.6926,2.8979,3.1032,3.3948,3.4982,2.9513,3.4975,4.9194,5.4511,5.4954,5.0038,50.4,12.9
2011-12-14,2.614,2.5841,2.7183,2.921,3.1054,3.3852,3.4807,2.9158,3.21,4.7305,5.4459,5.4954,5.0038,50.4,12.9
2011-12-15,2.6147,2.5661,2.7198,2.9384,3.1085,3.3881,3.489,2.9483,3.4492,5.0975,5.4471,5.4954,5.0038,50.4,12.9
2011-12-16,2.6165,2.5727,2.7202,2.9221,3.0836,3.372,3.4637,2.8758,3.0583,5.0583,5.4506,5.4954,5.0038,50.4,12.9
2011-12-19,2.6265,2.5743,2.7127,2.9173,3.0937,3.3613,3.4702,2.8763,3.0075,5.39,5.4505,5.4954,5.0038,50.4,12.9
2011-12-20,2.6207,2.5643,2.7127,2.9339,3.0858,3.3734,3.4655,2.8775,3.2208,5.5708,5.4563,5.4954,5.0038,50.4,12.9
2011-12-21,2.6431,2.5922,2.7316,2.9451,3.0834,3.3861,3.4709,2.8983,3.5983,5.865,5.4484,5.4954,5.0038,50.4,12.9
2011-12-22,2.6814,2.6409,2.7241,2.9394,3.0831,3.3878,3.4752,2.935,3.7733,5.8917,5.456,5.4954,5.0038,50.4,12.9
2011-12-23,2.7116,2.6603,2.7341,2.9337,3.0888,3.3881,3.4803,2.9392,3.7392,5.8172,5.4612,5.4954,5.0038,50.4,12.9
2011-12-26,2.7106,2.6502,2.7315,2.9347,3.0896,3.3852,3.4652,2.9992,4.0958,5.8097,5.4572,5.4954,5.0038,50.4,12.9
2011-12-27,2.7302,2.6502,2.7316,2.927,3.0865,3.3656,3.4603,3.0775,4.3842,5.8511,5.4686,5.4954,5.0038,50.4,12.9
2011-12-28,2.7398,2.6428,2.7342,2.9278,3.0876,3.3672,3.4603,3.4202,4.7292,5.85,5.4757,5.4954,5.0038,50.4,12.9
2011-12-29,2.7395,2.6605,2.7369,2.8993,3.0743,3.3441,3.4453,3.4175,5.4192,5.85,5.4742,5.4954,5.0038,50.4,12.9
2011-12-30,2.7492,2.6641,2.7201,2.8794,3.0376,3.325,3.4303,3.4067,5.5808,5.99,5.4749,5.4954,5.0038,50.4,12.9
2011-12-31,2.7403,2.6761,2.7167,2.864,3.0406,3.3153,3.4211,4.9992,6.33,6.0,5.4691,4.2246,2.7179,49.0,12.7
2012-01-04,2.7476,2.659,2.7278,2.8657,3.0468,3.3469,3.4395,3.4975,4.0208,5.9133,5.4655,4.2246,2.7179,49.0,12.7
2012-01-05,2.7581,2.6899,2.7405,2.8912,3.0749,3.3526,3.4304,4.0,4.5042,5.8494,5.4615,4.2246,2.7179,49.0,12.7
2012-01-06,2.7455,2.6345,2.7391,2.8741,3.023,3.3068,3.397,3.9979,4.3008,5.9483,5.46,4.2246,2.7179,49.0,12.7
2012-01-09,2.7138,2.6576,2.7309,2.8789,3.0243,3.3025,3.3806,4.0,4.5083,5.9351,5.4602,4.2246,2.7179,49.0,12.7
2012-01-10,2.7101,2.6515,2.7284,2.8801,3.0286,3.3062,3.403,3.6933,4.1017,5.9339,5.4616,4.2246,2.7179,49.0,12.7
2012-01-11,2.74,2.7453,2.7884,2.8775,3.0297,3.3245,3.4208,3.24,3.9958,5.9484,5.442,4.2246,2.7179,49.0,12.7
2012-01-12,2.74,2.7457,2.7842,2.8761,3.0376,3.2924,3.402,3.475,4.1658,5.8467,5.4498,4.2246,2.7179,49.0,12.7
2012-01-13,2.74,2.7544,2.7938,2.8809,3.0382,3.3062,3.4108,4.6363,4.8383,6.1918,5.457,4.2246,2.7179,49.0,12.7
2012-01-16,2.7972,2.7854,2.8251,2.8985,3.0582,3.3212,3.4233,5.4725,5.585,6.91,5.4844,4.2246,2.7179,49.0,12.7
2012-01-17,2.8056,2.7953,2.8209,2.9069,3.0556,3.305,3.4045,7.3667,7.4117,7.7992,5.5147,4.2246,2.7179,49.0,12.7
2012-01-18,2.8527,2.7978,2.8614,2.9143,3.0659,3.3045,3.3957,8.1667,7.9,9.2356,5.5883,4.2246,2.7179,49.0,12.7
2012-01-19,2.8824,2.7053,2.8439,2.9072,3.0356,3.2841,3.3758,6.4975,6.0117,7.5842,5.5498,4.2246,2.7179,49.0,12.7
2012-01-20,2.8977,2.7103,2.8155,2.8942,3.0307,3.2817,3.3808,3.4775,4.9917,6.025,5.5071,4.2246,2.7179,49.0,12.7
2012-01-21,2.896,2.7053,2.8169,2.8952,3.0367,3.2787,3.3811,3.4692,3.9308,5.4792,5.4815,4.2246,2.7179,49.0,12.7
2012-01-29,2.8984,2.6823,2.7757,2.8817,3.0333,3.2814,3.3812,3.2992,4.2308,5.4142,5.4742,4.2246,2.7179,49.0,12.7
2012-01-30,2.8786,2.6824,2.7757,2.8858,3.0561,3.2892,3.4005,2.8578,4.3463,5.4208,5.4705,4.2246,2.7179,49.0,12.7
2012-01-31,2.9083,2.7081,2.7658,2.8893,3.0502,3.2988,3.4064,2.9675,4.3142,5.3645,5.4668,4.0704,1.6854,50.3,13.6
2012-02-01,2.9182,2.7364,2.7829,2.9075,3.1131,3.3517,3.4318,2.965,4.3567,5.2567,5.4586,4.0704,1.6854,50.3,13.6
2012-02-02,2.9624,2.7361,2.7733,2.9059,3.1073,3.3581,3.441,2.9675,4.3267,5.2098,5.4515,4.0704,1.6854,50.3,13.6
2012-02-03,2.9623,2.7352,2.7803,2.9058,3.1113,3.3615,3.436,2.9242,3.3125,4.9293,5.4391,4.0704,1.6854,50.3,13.6
2012-02-06,2.9667,2.7275,2.8131,2.9149,3.1409,3.3951,3.4785,2.775,3.4425,4.9967,5.431,4.0704,1.6854,50.3,13.6
2012-02-07,2.965,2.6866,2.8176,2.9119,3.1364,3.3961,3.481,2.7767,3.5,4.7798,5.3811,4.0704,1.6854,50.3,13.6
2012-02-08,3.0619,2.7663,2.9275,2.9761,3.1666,3.4119,3.5098,2.7667,3.7108,4.7357,5.3611,4.0704,1.6854,50.3,13.6
2012-02-09,3.0674,2.869,2.9589,3.0283,3.1726,3.4406,3.5409,2.6567,3.6708,4.6975,5.3313,4.0704,1.6854,50.3,13.6
2012-02-10,3.0343,2.8626,2.9547,3.0251,3.1601,3.422,3.521,2.6867,3.6408,4.5147,5.3142,4.0704,1.6854,50.3,13.6
2012-02-13,3.0515,2.8583,2.9037,3.0243,3.1291,3.3989,3.5148,2.6883,3.6515,4.4267,5.2982,4.0704,1.6854,50.3,13.6
2012-02-14,3.0888,2.8502,2.9325,3.0158,3.1382,3.3971,3.516,2.9973,3.77,4.4175,5.284,4.0704,1.6854,50.3,13.6
2012-02-15,3.0654,2.9256,2.9437,3.0253,3.1607,3.4338,3.5335,3.0075,3.885,4.5992,5.2774,4.0704,1.6854,50.3,13.6
2012-02-16,3.0633,2.9256,2.9696,3.0369,3.1709,3.4426,3.5361,3.5025,4.3283,5.0227,5.284,4.0704,1.6854,50.3,13.6
2012-02-17,3.1065,2.9412,2.9856,3.0601,3.1978,3.452,3.5361,4.4958,5.1792,5.8244,5.3061,4.0704,1.6854,50.3,13.6
2012-02-20,3.0706,2.9051,2.9218,3.0061,3.148,3.4199,3.5116,4.7792,5.3472,5.7102,5.3148,4.0704,1.6854,50.3,13.6
2012-02-21,3.0771,2.9002,2.936,3.0376,3.1459,3.4327,3.5164,4.8842,5.1233,5.6908,5.306,4.0704,1.6854,50.3,13.6
2012-02-22,2.9211,2.9002,2.9395,3.0491,3.174,3.43,3.5276,5.0167,5.0317,5.7958,5.3055,4.0704,1.6854,50.3,13.6
2012-02-23,2.9611,2.8797,2.9412,3.0487,3.1741,3.4219,3.5254,5.2192,5.485,5.6433,5.3044,4.0704,1.6854,50.3,13.6
2012-02-24,2.9466,2.8962,2.9269,3.0497,3.1814,3.4218,3.5164,4.6433,4.4817,5.2525,5.3043,4.0704,1.6854,50.3,13.6
2012-02-27,2.9682,2.9247,2.9371,3.0634,3.2072,3.4494,3.5501,3.0131,3.645,5.0793,5.2974,4.0704,1.6854,50.3,13.6
2012-02-28,2.9673,2.9196,2.9468,3.0693,3.2274,3.4647,3.5464,2.6817,3.6533,4.7042,5.2828,4.0704,1.6854,50.3,13.6
2012-02-29,2.9646,2.9202,2.9475,3.0602,3.2029,3.4379,3.534,2.5933,3.4717,4.6433,5.2775,4.5485,0.7347,50.5,12.4
2012-03-01,2.9651,2.9197,2.9305,3.0624,3.2025,3.4455,3.55,2.5067,3.2642,4.663,5.2665,4.5485,0.7347,50.5,12.4
2012-03-02,2.9657,2.9186,2.9256,3.0626,3.2231,3.4757,3.5616,2.5292,3.2683,4.4635,5.2506,4.5485,0.7347,50.5,12.4
2012-03-05,2.9769,2.9082,2.9307,3.0626,3.2286,3.4926,3.5614,2.4465,3.1392,4.435,5.2383,4.5485,0.7347,50.5,12.4
2012-03-06,2.9533,2.8782,2.9322,3.0326,3.2133,3.4621,3.5465,2.3154,3.1298,4.2527,5.2158,4.5485,0.7347,50.5,12.4
2012-03-07,2.8993,2.8583,2.9013,3.0338,3.1896,3.4325,3.5316,2.3154,3.09,3.984,5.1689,4.5485,0.7347,50.5,12.4
2012-03-08,2.8996,2.8572,2.8958,3.0025,3.1871,3.4342,3.5316,2.3146,2.9325,3.9892,5.1397,4.5485,0.7347,50.5,12.4
2012-03-09,2.8956,2.8561,2.8922,3.004,3.1715,3.4309,3.5367,2.3088,2.9683,4.0133,5.1081,4.5485,0.7347,50.5,12.4
2012-03-12,2.8648,2.8261,2.8595,2.9993,3.1498,3.4197,3.5242,2.3058,2.7958,4.0233,5.0835,4.5485,0.7347,50.5,12.4
2012-03-13,2.8594,2.8208,2.8654,2.9817,3.1576,3.4223,3.5401,2.3175,2.9958,4.0,5.0629,4.5485,0.7347,50.5,12.4
2012-03-14,2.8593,2.821,2.8785,2.9926,3.1752,3.4454,3.5451,2.3139,3.0,4.0492,5.0461,4.5485,0.7347,50.5,12.4
2012-03-15,2.8588,2.8211,2.8872,2.9953,3.1902,3.4555,3.5589,2.3477,2.8808,4.12,5.0195,4.5485,0.7347,50.5,12.4
2012-03-16,2.8636,2.8211,2.869,2.9876,3.1881,3.4456,3.5483,2.3783,2.8975,4.12,4.9999,4.5485,0.7347,50.5,12.4
2012-03-19,2.8496,2.8311,2.8452,2.9909,3.1826,3.4407,3.559,2.395,2.8883,4.0345,4.9818,4.5485,0.7347,50.5,12.4
2012-03-20,2.8399,2.8311,2.8711,2.9869,3.2038,3.4513,3.5601,2.4992,2.9983,4.071,4.967,4.5485,0.7347,50.5,12.4
2012-03-21,2.8396,2.8316,2.8775,2.9901,3.2148,3.4473,3.5608,2.5478,3.0758,4.343,4.9643,4.5485,0.7347,50.5,12.4
2012-03-22,2.8347,2.8315,2.8816,2.9948,3.1863,3.4514,3.5502,2.6983,3.1683,4.4,4.95,4.5485,0.7347,50.5,12.4
2012-03-23,2.8354,2.8277,2.8528,2.9788,3.1597,3.4307,3.5267,2.7125,2.9758,4.375,4.9515,4.5485,0.7347,50.5,12.4
2012-03-26,2.8299,2.8284,2.8436,2.9708,3.1676,3.4261,3.5247,2.6842,3.2983,4.2297,4.9446,4.5485,0.7347,50.5,12.4
2012-03-27,2.8299,2.8289,2.8436,2.9732,3.1688,3.4335,3.5403,2.5483,3.2442,4.4258,4.9474,4.5485,0.7347,50.5,12.4
2012-03-28,2.8034,2.8228,2.8485,2.9631,3.1521,3.4242,3.5223,2.635,3.525,4.5088,4.9282,4.5485,0.7347,50.5,12.4
2012-03-29,2.7755,2.7718,2.8336,2.9278,3.142,3.4098,3.5143,2.6008,3.4954,4.2309,4.9114,4.5485,0.7347,50.5,12.4
2012-03-30,2.7559,2.7682,2.8355,2.933,3.1236,3.4038,3.5054,2.6767,3.7067,4.1577,4.9024,4.5485,0.7347,50.5,12.4
2012-03-31,2.7562,2.7685,2.8355,2.9225,3.1236,3.4016,3.5004,2.6733,3.4415,4.2192,4.8832,3.1613,0.0284,51.0,13.0
2012-04-01,2.7662,2.7701,2.8551,2.9252,3.1436,3.4242,3.5204,2.6392,3.44,4.1269,4.883,3.1613,0.0284,51.0,13.0
2012-04-05,2.771,2.7754,2.8595,2.9163,3.1362,3.4219,3.5191,3.0033,3.9658,4.0751,4.8775,3.1613,0.0284,51.0,13.0
2012-04-06,2.7699,2.783,2.8731,2.9152,3.1411,3.4275,3.5203,3.2288,4.2258,4.052,4.876,3.1613,0.0284,51.0,13.0
2012-04-09,2.7766,2.7857,2.8698,2.9301,3.1418,3.4323,3.5352,2.9125,3.7442,4.0384,4.8659,3.1613,0.0284,51.0,13.0
2012-04-10,2.7569,2.7794,2.8712,2.9121,3.1307,3.422,3.5366,2.9946,3.7008,4.0071,4.8543,3.1613,0.0284,51.0,13.0
2012-04-11,2.7569,2.7751,2.8714,2.9136,3.124,3.4337,3.5308,2.9975,3.7808,4.0002,4.8446,3.1613,0.0284,51.0,13.0
2012-04-12,2.7569,2.7715,2.8994,2.9222,3.1439,3.4272,3.5407,3.0475,3.7992,4.075,4.8399,3.1613,0.0284,51.0,13.0
2012-04-13,2.7539,2.7715,2.8799,2.9272,3.1511,3.4218,3.5277,3.4958,3.7942,4.0129,4.8368,3.1613,0.0284,51.0,13.0
2012-04-16,2.7575,2.7614,2.8835,2.925,3.1529,3.4321,3.5318,3.29,3.8,4.2158,4.8355,3.1613,0.0284,51.0,13.0
2012-04-17,2.7676,2.7714,2.872,2.9235,3.1531,3.4203,3.5291,3.0004,3.7517,4.0,4.8194,3.1613,0.0284,51.0,13.0
2012-04-18,2.7574,2.7614,2.8545,2.9226,3.1605,3.4247,3.5366,2.9983,3.7488,3.9383,4.7934,3.1613,0.0284,51.0,13.0
2012-04-19,2.7441,2.7642,2.846,2.9371,3.1733,3.4325,3.5518,3.1992,3.8025,3.9738,4.7768,3.1613,0.0284,51.0,13.0
2012-04-20,2.7447,2.7511,2.837,2.9303,3.1603,3.4281,3.5414,3.4,3.9525,4.0875,4.7658,3.1613,0.0284,51.0,13.0
2012-04-23,2.7389,2.7591,2.8473,2.922,3.1642,3.4214,3.5407,3.3267,3.7642,4.0952,4.745,3.1613,0.0284,51.0,13.0
2012-04-24,2.7396,2.7514,2.8439,2.93,3.1602,3.4159,3.5302,3.2163,3.7967,4.19,4.7363,3.1613,0.0284,51.0,13.0
2012-04-25,2.7712,2.7814,2.8455,2.9451,3.1577,3.4283,3.5369,3.4658,3.9133,4.0801,4.724,3.1613,0.0284,51.0,13.0
2012-04-26,2.7668,2.7879,2.8489,2.9569,3.1545,3.4266,3.5357,3.4358,3.9708,4.085,4.7165,3.1613,0.0284,51.0,13.0
2012-04-27,2.7652,2.7925,2.8541,2.953,3.1538,3.4162,3.5389,3.285,3.8725,4.1267,4.7113,3.1613,0.0284,51.0,13.0
2012-04-28,2.7637,2.7903,2.8562,2.9582,3.1508,3.4126,3.5391,2.7967,3.7796,4.04,4.7037,3.1613,0.0284,51.0,13.0
2012-05-02,2.7624,2.778,2.845,2.9672,3.1589,3.4238,3.5449,2.8367,3.8,4.09,4.6985,3.5856,-0.3171,53.1,13.4
2012-05-03,2.7733,2.784,2.8496,2.989,3.1608,3.4151,3.5454,2.955,3.8529,3.9681,4.6919,3.5856,-0.3171,53.1,13.4
2012-05-04,2.7617,2.7871,2.8618,3.0044,3.1651,3.4285,3.5512,2.9575,3.8292,3.9321,4.6844,3.5856,-0.3171,53.1,13.4
2012-05-07,2.7477,2.7866,2.8612,2.9972,3.1634,3.4223,3.5518,2.9625,3.7729,3.8577,4.6728,3.5856,-0.3171,53.1,13.4
2012-05-08,2.7557,2.7729,2.8572,2.998,3.1592,3.4209,3.552,2.4683,3.6917,3.7704,4.6628,3.5856,-0.3171,53.1,13.4
2012-05-09,2.73,2.75,2.8399,2.9778,3.1588,3.4105,3.5414,2.395,3.3108,3.7368,4.6479,3.5856,-0.3171,53.1,13.4
2012-05-10,2.7001,2.7025,2.7978,2.9642,3.1243,3.3994,3.5287,2.3667,3.2258,3.663,4.6298,3.5856,-0.3171,53.1,13.4
2012-05-11,2.6421,2.6452,2.7531,2.9248,3.0901,3.3687,3.4907,2.275,3.1867,3.655,4.6178,3.5856,-0.3171,53.1,13.4
2012-05-14,2.37,2.37,2.5488,2.8044,3.0241,3.3511,3.4461,1.9221,3.1433,3.5013,4.5584,3.5856,-0.3171,53.1,13.4
2012-05-15,2.3998,2.3616,2.4766,2.6444,2.8374,3.2572,3.405,1.8725,2.8292,3.4892,4.5223,3.5856,-0.3171,53.1,13.4
2012-05-16,2.428,2.3679,2.4042,2.5847,2.8068,3.2049,3.3618,1.8275,2.7867,3.33,4.4876,3.5856,-0.3171,53.1,13.4
2012-05-17,2.3713,2.3437,2.4267,2.6848,2.8909,3.2366,3.4116,1.8114,2.68,3.1058,4.4612,3.5856,-0.3171,53.1,13.4
2012-05-18,2.3368,2.3277,2.4196,2.6371,2.8192,3.2065,3.3614,1.8275,2.6858,3.0283,4.4331,3.5856,-0.3171,53.1,13.4
2012-05-21,2.29,2.293,2.4317,2.6672,2.8367,3.2076,3.3866,1.8142,2.6742,3.0033,4.405,3.5856,-0.3171,53.1,13.4
2012-05-22,2.277,2.2894,2.3817,2.6383,2.8442,3.2245,3.3948,1.8208,2.6925,2.9783,4.3754,3.5856,-0.3171,53.1,13.4
2012-05-23,2.2556,2.2814,2.3517,2.6412,2.8404,3.2151,3.3825,1.845,2.4196,3.0258,4.3333,3.5856,-0.3171,53.1,13.4
2012-05-24,2.2056,2.2159,2.261,2.4928,2.7346,3.1718,3.3619,1.8833,2.2277,3.0525,4.3048,3.5856,-0.3171,53.1,13.4
2012-05-25,2.1756,2.1825,2.2347,2.4544,2.6454,3.1186,3.3019,1.9017,2.5025,3.0267,4.27,3.5856,-0.3171,53.1,13.4
2012-05-28,2.1819,2.1959,2.25,2.4502,2.6878,3.1681,3.3418,1.9117,2.4958,3.0033,4.25,3.5856,-0.3171,53.1,13.4
2012-05-29,2.187,2.199,2.25,2.4498,2.7335,3.1825,3.3718,1.9042,2.5733,3.0,4.232,3.5856,-0.3171,53.1,13.4
2012-05-30,2.2189,2.2134,2.2534,2.5089,2.78,3.2002,3.3766,1.9058,2.3217,2.985,4.2213,3.5856,-0.3171,53.1,13.4
2012-05-31,2.17,2.18,2.2307,2.4454,2.796,3.1521,3.3443,1.8788,2.1375,2.9642,4.2068,3.3653,-0.6984,53.3,12.8
2012-06-01,2.1633,2.1701,2.2042,2.4178,2.8199,3.1493,3.3416,1.895,2.3442,2.8983,4.1968,3.3653,-0.6984,53.3,12.8
2012-06-04,2.1593,2.1638,2.2,2.4221,2.8271,3.1553,3.3469,1.9183,2.5183,2.8292,4.1921,3.3653,-0.6984,53.3,12.8
2012-06-05,2.1482,2.154,2.2104,2.4519,2.8629,3.1777,3.3568,1.9983,2.5967,2.7808,4.1818,3.3653,-0.6984,53.3,12.8
2012-06-06,2.16,2.1624,2.2215,2.4563,2.901,3.185,3.36,2.2017,2.5667,2.8063,4.1766,3.3653,-0.6984,53.3,12.8
2012-06-07,2.1655,2.176,2.2514,2.4644,2.8983,3.1926,3.3751,2.4008,2.675,2.8563,4.1701,3.3653,-0.6984,53.3,12.8
2012-06-08,2.1205,2.1264,2.1587,2.3929,2.838,3.1458,3.3101,2.4033,2.4567,2.9463,4.1163,3.3653,-0.6984,53.3,12.8
2012-06-11,2.0711,2.1099,2.1779,2.4233,2.9186,3.1709,3.3491,2.3196,2.4154,2.9725,4.0972,3.3653,-0.6984,53.3,12.8
2012-06-12,2.0619,2.1114,2.1889,2.4819,2.9222,3.1983,3.3747,2.3867,2.5325,2.9871,4.0835,3.3653,-0.6984,53.3,12.8
2012-06-13,2.0826,2.1115,2.209,2.5342,2.9734,3.2117,3.3909,2.4938,2.6883,3.1683,4.0649,3.3653,-0.6984,53.3,12.8
2012-06-14,2.0832,2.1234,2.2508,2.5719,2.9909,3.2185,3.4009,2.5483,2.695,3.2375,4.0523,3.3653,-0.6984,53.3,12.8
2012-06-15,2.0832,2.0896,2.246,2.5608,2.984,3.2045,3.3932,2.5592,2.7196,3.1992,4.0419,3.3653,-0.6984,53.3,12.8
2012-06-18,2.0832,2.0951,2.2609,2.5996,3.0625,3.2486,3.4107,2.5388,2.5567,3.2954,4.0343,3.3653,-0.6984,53.3,12.8
2012-06-19,2.0849,2.102,2.3308,2.6365,3.058,3.2234,3.4093,2.6908,2.9242,3.3917,4.0247,3.3653,-0.6984,53.3,12.8
2012-06-20,2.0856,2.1074,2.3708,2.6627,3.0573,3.2223,3.4101,3.2775,3.4163,3.4767,4.0402,3.3653,-0.6984,53.3,12.8
2012-06-21,2.0823,2.0846,2.3655,2.6241,3.0301,3.2015,3.4001,3.59,4.3083,4.2829,4.0517,3.3653,-0.6984,53.3,12.8
2012-06-25,2.0808,2.1356,2.3666,2.6384,2.9961,3.1902,3.3677,3.6508,4.2175,4.6192,4.1036,3.3653,-0.6984,53.3,12.8
2012-06-26,2.081,2.1322,2.3616,2.602,2.9631,3.1602,3.3653,3.8775,4.28,4.8,4.1132,3.3653,-0.6984,53.3,12.8
2012-06-27,2.111,2.1892,2.3716,2.5523,2.92,3.1222,3.3252,3.4967,4.1708,4.6883,4.1093,3.3653,-0.6984,53.3,12.8
2012-06-28,2.1004,2.2196,2.3566,2.5277,2.8981,3.1221,3.3253,3.5483,3.925,4.2313,4.0844,3.3653,-0.6984,53.3,12.8
2012-06-29,2.0991,2.2184,2.342,2.5235,2.9143,3.1039,3.3253,3.6008,4.1083,4.4758,4.0778,3.3653,-0.6984,53.3,12.8
2012-07-02,2.1034,2.2187,2.347,2.5474,2.9393,3.115,3.3353,3.6092,4.1567,4.4835,4.0732,3.0008,-1.3981,50.4,13.2
2012-07-03,2.1162,2.2261,2.3452,2.5729,2.9173,3.1113,3.3204,3.2475,4.165,4.4102,4.0674,3.0008,-1.3981,50.4,13.2
2012-07-04,2.1058,2.2099,2.3252,2.5491,2.9204,3.1005,3.3195,2.6208,3.8558,4.355,4.055,3.0008,-1.3981,50.4,13.2
2012-07-05,2.0773,2.2014,2.3129,2.5305,2.9035,3.0964,3.3193,2.6025,3.99,4.3492,4.0479,3.0008,-1.3981,50.4,13.2
2012-07-06,2.0404,2.1602,2.2525,2.4879,2.8499,3.0663,3.296,2.3501,3.4308,3.9985,4.0092,3.0008,-1.3981,50.4,13.2
2012-07-09,2.0132,2.1476,2.1979,2.4749,2.8256,3.036,3.2709,2.3437,3.3442,3.5896,3.9841,3.0008,-1.3981,50.4,13.2
2012-07-10,1.9847,2.1288,2.2161,2.451,2.8053,3.0239,3.2549,2.3277,3.3142,3.3534,3.9544,3.0008,-1.3981,50.4,13.2
2012-07-11,1.9799,2.1328,2.2236,2.4269,2.7841,3.0072,3.2398,2.3467,3.2663,3.2873,3.9225,3.0008,-1.3981,50.4,13.2
2012-07-12,1.9699,2.1221,2.2287,2.4204,2.7656,3.0152,3.2502,2.389,3.1908,3.1943,3.8791,3.0008,-1.3981,50.4,13.2
2012-07-13,1.9674,2.1404,2.2171,2.4397,2.7706,3.0312,3.2591,2.4792,3.3317,3.1658,3.8374,3.0008,-1.3981,50.4,13.2
2012-07-16,1.9903,2.1332,2.2353,2.4453,2.7881,3.0449,3.2752,2.4573,3.2746,3.1404,3.8071,3.0008,-1.3981,50.4,13.2
2012-07-17,2.0105,2.14,2.2453,2.3949,2.809,3.061,3.285,2.6325,3.2771,3.1222,3.7932,3.0008,-1.3981,50.4,13.2
2012-07-18,2.0567,2.1466,2.2513,2.3979,2.8167,3.0721,3.2858,2.9342,3.45,3.2816,3.7859,3.0008,-1.3981,50.4,13.2
2012-07-19,2.0484,2.1446,2.2591,2.4137,2.8136,3.0658,3.286,2.9858,3.5225,3.5771,3.7834,3.0008,-1.3981,50.4,13.2
2012-07-20,2.0893,2.1442,2.2699,2.3848,2.8045,3.0574,3.281,3.1271,3.5642,3.6792,3.7801,3.0008,-1.3981,50.4,13.2
2012-07-23,2.1189,2.1412,2.2849,2.4083,2.8123,3.0504,3.276,3.3275,3.5533,3.9063,3.7777,3.0008,-1.3981,50.4,13.2
2012-07-24,2.1389,2.1502,2.2891,2.4009,2.8106,3.0647,3.2759,2.9517,3.3717,3.9925,3.7669,3.0008,-1.3981,50.4,13.2
2012-07-25,2.1446,2.1867,2.2819,2.4904,2.8137,3.0706,3.276,2.6813,3.3375,3.7829,3.7737,3.0008,-1.3981,50.4,13.2
2012-07-26,2.151,2.2191,2.278,2.578,2.8127,3.0715,3.2763,2.66,3.3767,3.7518,3.7689,3.0008,-1.3981,50.4,13.2
2012-07-27,2.1358,2.2615,2.2977,2.6046,2.8333,3.0757,3.2764,2.6,3.1092,3.5183,3.7593,3.0008,-1.3981,50.4,13.2
2012-07-30,2.1592,2.265,2.2952,2.6024,2.8429,3.0775,3.2755,2.5283,3.1233,3.4547,3.7466,3.0008,-1.3981,50.4,13.2
2012-07-31,2.1992,2.2908,2.3077,2.6257,2.8614,3.0997,3.2915,2.5983,3.3508,3.3479,3.7371,2.1504,-2.0843,50.2,13.6
2012-08-01,2.2118,2.3108,2.3277,2.6158,2.8648,3.1065,3.2921,2.6192,3.4175,3.3415,3.7289,2.1504,-2.0843,50.2,13.6
2012-08-02,2.2166,2.3011,2.3306,2.6212,2.8548,3.1041,3.2861,2.5375,3.4992,3.314,3.7197,2.1504,-2.0843,50.2,13.6
2012-08-03,2.2518,2.4012,2.3553,2.6321,2.8628,3.1102,3.2902,2.5033,3.3917,3.3117,3.6864,2.1504,-2.0843,50.2,13.6
2012-08-06,2.2749,2.4064,2.3728,2.6602,2.8921,3.1297,3.31,2.4783,3.4,3.246,3.674,2.1504,-2.0843,50.2,13.6
2012-08-07,2.3049,2.4275,2.4078,2.6902,2.9171,3.1579,3.33,2.5344,3.2575,3.2177,3.6587,2.1504,-2.0843,50.2,13.6
2012-08-08,2.3143,2.4499,2.4378,2.7155,2.9592,3.182,3.3545,2.5483,3.2533,3.2342,3.6393,2.1504,-2.0843,50.2,13.6
2012-08-09,2.3362,2.4273,2.4381,2.6777,2.9504,3.1715,3.3023,2.5992,3.3117,3.2283,3.6099,2.1504,-2.0843,50.2,13.6
2012-08-10,2.3062,2.415,2.3959,2.6567,2.9478,3.168,3.2825,2.6592,3.3,3.2325,3.5893,2.1504,-2.0843,50.2,13.6
2012-08-13,2.3172,2.4199,2.4134,2.6841,2.9762,3.1907,3.3029,2.4342,3.3383,3.2392,3.5793,2.1504,-2.0843,50.2,13.6
2012-08-14,2.3568,2.4313,2.4183,2.7202,3.0012,3.2073,3.3105,2.675,3.3417,3.3872,3.5823,2.1504,-2.0843,50.2,13.6
2012-08-15,2.4051,2.4607,2.4572,2.7651,3.0454,3.2225,3.3402,3.1117,3.4,3.5592,3.5892,2.1504,-2.0843,50.2,13.6
2012-08-16,2.4262,2.4952,2.4622,2.7841,3.0555,3.2365,3.3467,3.0942,3.525,3.7633,3.5994,2.1504,-2.0843,50.2,13.6
2012-08-17,2.4762,2.5478,2.4745,2.7841,3.0705,3.2228,3.3342,3.175,3.9025,4.0517,3.6113,2.1504,-2.0843,50.2,13.6
2012-08-20,2.5662,2.6427,2.5216,2.8616,3.0813,3.266,3.3564,3.3525,3.585,4.1235,3.6263,2.1504,-2.0843,50.2,13.6
2012-08-21,2.6216,2.633,2.5566,2.8905,3.0972,3.2796,3.3578,3.49,3.7458,4.2654,3.6508,2.1504,-2.0843,50.2,13.6
2012-08-22,2.6328,2.6413,2.5814,2.935,3.173,3.3175,3.3935,3.08,3.8,4.0417,3.6533,2.1504,-2.0843,50.2,13.6
2012-08-23,2.6528,2.6284,2.63,2.9254,3.122,3.2913,3.3702,3.055,3.8,4.0338,3.6543,2.1504,-2.0843,50.2,13.6
2012-08-24,2.6469,2.6281,2.6275,2.9152,3.0614,3.2296,3.3364,2.6983,3.62,3.9121,3.6548,2.1504,-2.0843,50.2,13.6
2012-08-27,2.6069,2.6224,2.6412,2.9328,3.0715,3.2213,3.3498,2.6975,3.4508,3.8664,3.6284,2.1504,-2.0843,50.2,13.6
2012-08-28,2.5469,2.5643,2.6863,2.9594,3.0816,3.2348,3.3634,2.7001,3.0817,3.7593,3.6379,2.1504,-2.0843,50.2,13.6
2012-08-29,2.5469,2.5623,2.6963,2.9784,3.0815,3.249,3.3943,2.5992,3.5279,3.7267,3.6335,2.1504,-2.0843,50.2,13.6
2012-08-30,2.5269,2.5483,2.6917,2.9813,3.0971,3.2596,3.3904,2.3838,3.5842,3.6871,3.6314,2.1504,-2.0843,50.2,13.6
2012-08-31,2.5269,2.5724,2.6806,2.9766,3.1063,3.2572,3.3928,2.0657,3.5108,3.652,3.6325,1.8,-2.8651,50.1,13.9
2012-09-03,2.4995,2.5394,2.6775,2.9402,3.0954,3.2609,3.4001,2.05,3.3917,3.5367,3.637,1.8,-2.8651,50.1,13.9
2012-09-04,2.4879,2.5079,2.6251,2.9041,3.0727,3.2621,3.3836,2.0075,2.5025,3.4849,3.637,1.8,-2.8651,50.1,13.9
2012-09-05,2.4888,2.5116,2.6255,2.925,3.0762,3.2778,3.3887,2.1375,3.4275,3.6371,3.6397,1.8,-2.8651,50.1,13.9
2012-09-06,2.4927,2.5179,2.6155,2.9389,3.0761,3.2932,3.3963,2.1237,3.4017,3.635,3.6365,1.8,-2.8651,50.1,13.9
2012-09-07,2.4933,2.5403,2.6364,2.9879,3.1258,3.3378,3.4162,2.1253,3.3908,3.7336,3.6373,1.8,-2.8651,50.1,13.9
2012-09-10,2.523,2.5472,2.6475,3.0498,3.1826,3.4006,3.4611,2.2992,3.0025,3.6839,3.6389,1.8,-2.8651,50.1,13.9
2012-09-11,2.5035,2.5601,2.6574,3.076,3.203,3.4025,3.4714,2.4992,2.9973,3.8179,3.6465,1.8,-2.8651,50.1,13.9
2012-09-12,2.5948,2.6573,2.7023,3.165,3.2645,3.4406,3.4909,2.5983,3.4346,3.8667,3.6461,1.8,-2.8651,50.1,13.9
2012-09-13,2.5977,2.6894,2.7365,3.1784,3.2689,3.4264,3.4834,2.6833,3.435,3.9246,3.6496,1.8,-2.8651,50.1,13.9
2012-09-14,2.6571,2.7,2.7984,3.2262,3.3079,3.4721,3.5485,2.6732,3.3633,3.9443,3.6501,1.8,-2.8651,50.1,13.9
2012-09-17,2.6934,2.7197,2.7984,3.2586,3.3521,3.5065,3.5717,2.715,3.2433,3.9858,3.6497,1.8,-2.8651,50.1,13.9
2012-09-18,2.6892,2.7277,2.8022,3.1967,3.2963,3.4469,3.5216,2.9217,3.1408,4.0208,3.6505,1.8,-2.8651,50.1,13.9
2012-09-19,2.7193,2.737,2.8022,3.2096,3.3072,3.4418,3.5166,3.5008,3.3017,4.105,3.652,1.8,-2.8651,50.1,13.9
2012-09-20,2.6954,2.736,2.8271,3.1877,3.2823,3.42,3.5171,3.9992,3.9075,4.308,3.6583,1.8,-2.8651,50.1,13.9
2012-09-21,2.7027,2.7461,2.8401,3.1539,3.2806,3.4221,3.4998,4.2892,4.4258,4.4247,3.6686,1.8,-2.8651,50.1,13.9
2012-09-24,2.7215,2.7592,2.8401,3.154,3.2891,3.431,3.4956,4.3892,4.4975,4.6654,3.6835,1.8,-2.8651,50.1,13.9
2012-09-25,2.7129,2.7593,2.8485,3.0961,3.2434,3.3813,3.4676,4.5,4.7408,4.8375,3.6874,1.8,-2.8651,50.1,13.9
2012-09-26,2.7131,2.7422,2.8318,3.0563,3.1764,3.3536,3.4444,2.9975,3.7417,4.8296,3.6883,1.8,-2.8651,50.1,13.9
2012-09-27,2.7184,2.7422,2.8121,3.0548,3.1495,3.3738,3.4525,2.9992,3.7692,4.1667,3.6875,1.8,-2.8651,50.1,13.9
2012-09-28,2.716,2.7289,2.7921,3.0573,3.1719,3.3806,3.4575,2.4758,2.8275,3.9675,3.6865,1.8,-2.8651,50.1,13.9
2012-09-29,2.7201,2.7234,2.7921,3.0665,3.1738,3.3827,3.4574,3.28,3.1867,3.9925,3.6857,1.8,-2.8651,50.1,13.9
2012-10-08,2.7025,2.706,2.7845,3.0865,3.2033,3.4173,3.4814,3.7192,3.8125,4.0,3.6868,2.0,-3.4784,49.2,13.5
2012-10-09,2.7203,2.721,2.7844,3.0906,3.2048,3.4283,3.4921,3.3635,3.7508,4.0088,3.6881,2.0,-3.4784,49.2,13.5
2012-10-10,2.7067,2.691,2.7644,3.1014,3.2158,3.4333,3.5036,2.65,3.16,3.8492,3.689,2.0,-3.4784,49.2,13.5
2012-10-11,2.6936,2.69,2.762,3.0779,3.2068,3.4314,3.499,2.4475,3.1608,3.6752,3.6997,2.0,-3.4784,49.2,13.5
2012-10-12,2.682,2.6852,2.7543,3.0534,3.184,3.4197,3.4807,2.4228,3.1725,3.5943,3.7026,2.0,-3.4784,49.2,13.5
2012-10-15,2.6894,2.6934,2.7511,3.0436,3.1704,3.4229,3.473,2.0408,2.7742,3.6167,3.6992,2.0,-3.4784,49.2,13.5
2012-10-16,2.7231,2.7272,2.7641,3.0355,3.1879,3.4442,3.4903,2.2058,2.7933,3.6283,3.6994,2.0,-3.4784,49.2,13.5
2012-10-17,2.7703,2.7744,2.8441,3.0575,3.1992,3.4514,3.5036,2.2192,2.8508,3.6579,3.6991,2.0,-3.4784,49.2,13.5
2012-10-18,2.7845,2.7745,2.8971,3.0599,3.2001,3.4681,3.519,2.1943,2.68,3.7371,3.7037,2.0,-3.4784,49.2,13.5
2012-10-19,2.8934,2.813,2.922,3.077,3.2148,3.4723,3.535,2.1958,2.6868,3.4716,3.7075,2.0,-3.4784,49.2,13.5
2012-10-22,2.8854,2.8111,2.905,3.055,3.2115,3.4654,3.5293,2.2435,2.7075,3.3763,3.7019,2.0,-3.4784,49.2,13.5
2012-10-23,2.8994,2.821,2.9061,3.0597,3.2133,3.4684,3.5454,2.3446,2.905,3.4033,3.6918,2.0,-3.4784,49.2,13.5
2012-10-24,2.9074,2.8205,2.9421,3.084,3.2257,3.4783,3.5478,2.7633,3.1467,3.93,3.7039,2.0,-3.4784,49.2,13.5
2012-10-25,2.9275,2.8166,2.9764,3.0849,3.2291,3.4769,3.5672,2.7092,3.6175,4.3796,3.7086,2.0,-3.4784,49.2,13.5
2012-10-26,2.944,2.8666,2.9766,3.0813,3.2378,3.479,3.5727,3.315,3.5867,4.5955,3.7108,2.0,-3.4784,49.2,13.5
2012-10-29,2.9203,2.9015,2.9848,3.0793,3.2228,3.4798,3.5668,4.4292,4.1958,4.9379,3.722,2.0,-3.4784,49.2,13.5
2012-10-30,2.8683,2.8451,2.9533,3.0503,3.2103,3.471,3.5648,3.0585,3.2361,4.3633,3.7193,2.0,-3.4784,49.2,13.5
2012-10-31,2.7921,2.8315,2.9327,3.04,3.2152,3.4809,3.5739,2.955,3.2183,4.2175,3.7185,1.9,-3.5545,49.8,14.8
2012-11-01,2.829,2.8316,2.9429,3.0753,3.2353,3.5058,3.5984,3.0433,3.4223,4.0034,3.7164,1.9,-3.5545,49.8,14.8
2012-11-02,2.929,2.8365,2.9555,3.092,3.2164,3.5054,3.5852,2.6758,3.4267,3.8332,3.7204,1.9,-3.5545,49.8,14.8
2012-11-05,2.909,2.8415,2.9475,3.0869,3.206,3.4938,3.5872,2.6933,3.3308,3.7702,3.722,1.9,-3.5545,49.8,14.8
2012-11-06,2.8993,2.8415,2.9438,3.0857,3.2,3.504,3.5771,2.5267,3.1952,3.7467,3.7221,1.9,-3.5545,49.8,14.8
2012-11-07,2.8793,2.8315,2.9341,3.0786,3.1994,3.506,3.5644,2.5688,3.1229,3.7821,3.7285,1.9,-3.5545,49.8,14.8
2012-11-08,2.8816,2.8216,2.9423,3.0637,3.1943,3.4867,3.5609,2.5748,3.2792,3.7602,3.7332,1.9,-3.5545,49.8,14.8
2012-11-09,2.8784,2.8099,2.9377,3.044,3.1833,3.4706,3.5594,2.6183,3.1133,3.7288,3.7407,1.9,-3.5545,49.8,14.8
2012-11-12,2.8795,2.8108,2.9424,3.0492,3.1902,3.4781,3.5585,2.5221,3.0825,3.7313,3.7559,1.9,-3.5545,49.8,14.8
2012-11-13,2.8871,2.8107,2.9224,3.0492,3.1761,3.4633,3.547,2.32,3.1505,3.785,3.7694,1.9,-3.5545,49.8,14.8
2012-11-14,2.8838,2.8107,2.9188,3.0498,3.1711,3.448,3.5356,2.2974,3.3483,3.7495,3.7699,1.9,-3.5545,49.8,14.8
2012-11-15,2.8576,2.8106,2.9152,3.045,3.1686,3.4353,3.5279,2.2775,3.3167,3.8005,3.771,1.9,-3.5545,49.8,14.8
2012-11-16,2.8573,2.8015,2.8886,3.0353,3.1492,3.4233,3.5133,2.2775,2.9075,3.6475,3.7777,1.9,-3.5545,49.8,14.8
2012-11-19,2.8534,2.8055,2.8633,2.9953,3.1259,3.4068,3.501,2.154,3.2042,3.7244,3.7839,1.9,-3.5545,49.8,14.8
2012-11-20,2.8277,2.8055,2.8263,2.9965,3.1286,3.4143,3.5111,2.2422,3.3425,3.6583,3.7893,1.9,-3.5545,49.8,14.8
2012-11-21,2.8241,2.8142,2.8116,2.9865,3.1454,3.4314,3.5205,2.3042,3.1975,3.6739,3.79,1.9,-3.5545,49.8,14.8
2012-11-22,2.829,2.8142,2.8216,2.9856,3.1781,3.4444,3.5357,2.315,3.2183,3.7142,3.7979,1.9,-3.5545,49.8,14.8
2012-11-23,2.8154,2.8142,2.8231,2.9959,3.1801,3.4449,3.5428,2.2525,2.8467,3.7283,3.8012,1.9,-3.5545,49.8,14.8
2012-11-26,2.8255,2.8212,2.8399,3.0156,3.1852,3.4549,3.5511,2.2992,2.8458,3.7458,3.8055,1.9,-3.5545,49.8,14.8
2012-11-27,2.8355,2.8271,2.8439,3.0216,3.2047,3.4581,3.557,2.3108,2.8708,3.7594,3.8125,1.9,-3.5545,49.8,14.8
2012-11-28,2.8453,2.8371,2.8315,3.0186,3.2313,3.455,3.5535,2.315,3.3617,3.8344,3.814,1.9,-3.5545,49.8,14.8
2012-11-29,2.8577,2.8337,2.8665,3.0317,3.2474,3.4414,3.5311,2.3148,3.3408,3.8759,3.821,1.9,-3.5545,49.8,14.8
2012-11-30,2.8617,2.8245,2.8834,3.0534,3.2636,3.439,3.5332,2.2533,3.3867,3.86,3.8256,1.7,-2.7558,50.2,14.1
2012-12-03,2.8664,2.8274,2.8744,3.0659,3.2647,3.4562,3.5397,2.258,3.3572,3.7833,3.8252,1.7,-2.7558,50.2,14.1
2012-12-04,2.8913,2.8374,2.8815,3.0904,3.2795,3.4593,3.5498,2.25,2.883,3.7797,3.8319,1.7,-2.7558,50.2,14.1
2012-12-05,2.8923,2.8574,2.9106,3.1104,3.2912,3.4648,3.5622,2.25,2.8,3.8065,3.8347,1.7,-2.7558,50.2,14.1
2012-12-06,2.8714,2.8574,2.8986,3.1538,3.2912,3.469,3.558,2.2399,2.883,3.8615,3.8398,1.7,-2.7558,50.2,14.1
2012-12-07,2.8714,2.8615,2.8952,3.1591,3.3014,3.4702,3.5689,2.2503,3.054,3.92,3.8431,1.7,-2.7558,50.2,14.1
2012-12-10,2.8714,2.8715,2.8975,3.1651,3.308,3.472,3.5707,2.249,3.024,3.951,3.8488,1.7,-2.7558,50.2,14.1
2012-12-11,2.8715,2.8716,2.8999,3.162,3.3009,3.4648,3.5658,2.25,3.008,3.9838,3.8513,1.7,-2.7558,50.2,14.1
2012-12-12,2.8716,2.8816,2.9089,3.1522,3.293,3.4645,3.5666,2.26,3.016,4.0339,3.8547,1.7,-2.7558,50.2,14.1
2012-12-13,2.8416,2.8544,2.9007,3.1446,3.2875,3.456,3.5649,2.2747,2.66,3.9854,3.855,1.7,-2.7558,50.2,14.1
2012-12-14,2.8162,2.8509,2.8919,3.1585,3.2911,3.4683,3.5781,2.2559,3.0,4.0386,3.8572,1.7,-2.7558,50.2,14.1
2012-12-17,2.7941,2.8484,2.8937,3.1562,3.3003,3.47,3.5814,2.256,3.0185,3.894,3.8608,1.7,-2.7558,50.2,14.1
2012-12-18,2.8141,2.8442,2.9114,3.1518,3.289,3.4768,3.5843,2.28,2.999,4.1302,3.8664,1.7,-2.7558,50.2,14.1
2012-12-19,2.8141,2.844,2.9063,3.1517,3.2906,3.4849,3.5942,2.2775,3.043,4.389,3.8742,1.7,-2.7558,50.2,14.1
2012-12-20,2.8341,2.864,2.9102,3.1576,3.2976,3.496,3.6086,2.638,3.45,4.688,3.8809,1.7,-2.7558,50.2,14.1
2012-12-21,2.8342,2.863,2.9179,3.157,3.2958,3.4958,3.606,2.42,3.396,4.8633,3.8832,1.7,-2.7558,50.2,14.1
2012-12-24,2.8503,2.862,2.9375,3.1595,3.2986,3.4951,3.6009,2.3,3.179,4.898,3.888,1.7,-2.7558,50.2,14.1
2012-12-25,2.848,2.872,2.9178,3.1569,3.3025,3.4888,3.5955,2.3,3.812,4.92,3.8923,1.7,-2.7558,50.2,14.1
2012-12-26,2.853,2.8541,2.9278,3.1528,3.2821,3.4812,3.5925,2.303,3.894,4.595,3.8954,1.7,-2.7558,50.2,14.1
2012-12-27,2.8475,2.8516,2.9073,3.1262,3.251,3.4656,3.5803,2.2925,3.991,4.8605,3.8961,1.7,-2.7558,50.2,14.1
2012-12-28,2.7882,2.8016,2.8985,3.1001,3.2335,3.4655,3.5752,2.286,4.067,4.863,3.8965,1.7,-2.7558,50.2,14.1
2012-12-31,2.7821,2.7967,2.905,3.0956,3.2227,3.4658,3.5738,3.866,4.58,4.899,3.8996,2.0,-2.1995,50.6,13.9
2013-01-04,2.7876,2.7967,2.9189,3.136,3.2723,3.5029,3.6062,2.557,4.048,4.203,3.9,2.0,-2.1995,50.6,13.9
2013-01-05,2.7486,2.7717,2.8768,3.0942,3.2541,3.4961,3.6003,2.304,3.801,4.164,3.9016,2.0,-2.1995,50.6,13.9
2013-01-06,2.7178,2.7273,2.8688,3.0983,3.24,3.5002,3.595,2.199,3.6,4.019,3.9026,2.0,-2.1995,50.6,13.9
2013-01-07,2.7277,2.7136,2.8689,3.0912,3.2407,3.495,3.5965,2.1529,3.2,4.012,3.9028,2.0,-2.1995,50.6,13.9
2013-01-08,2.6878,2.6829,2.8498,3.0646,3.2183,3.4743,3.5943,2.145,3.15,3.99,3.9029,2.0,-2.1995,50.6,13.9
2013-01-09,2.6975,2.6982,2.8341,3.0536,3.2143,3.4673,3.575,2.107,3.0245,3.908,3.9031,2.0,-2.1995,50.6,13.9
2013-01-10,2.6973,2.7032,2.8547,3.0741,3.2393,3.4907,3.595,2.108,2.999,3.7627,3.9024,2.0,-2.1995,50.6,13.9
2013-01-11,2.7016,2.7074,2.8648,3.0869,3.2607,3.512,3.5999,2.104,2.746,3.777,3.9043,2.0,-2.1995,50.6,13.9
2013-01-14,2.6369,2.675,2.8361,3.099,3.2564,3.5112,3.6023,2.078,2.794,3.791,3.9058,2.0,-2.1995,50.6,13.9
2013-01-15,2.6467,2.675,2.7995,3.09,3.2489,3.5014,3.6008,2.105,2.871,3.7028,3.9047,2.0,-2.1995,50.6,13.9
2013-01-16,2.6319,2.665,2.811,3.0964,3.2497,3.5035,3.6047,2.071,2.788,3.6885,3.9029,2.0,-2.1995,50.6,13.9
2013-01-17,2.6301,2.655,2.8111,3.0911,3.2353,3.4991,3.5986,2.029,2.805,3.737,3.9026,2.0,-2.1995,50.6,13.9
2013-01-18,2.6084,2.6299,2.7811,3.0784,3.213,3.4896,3.5834,1.979,2.89,3.7785,3.8942,2.0,-2.1995,50.6,13.9
2013-01-21,2.6117,2.6309,2.8002,3.0729,3.2057,3.4745,3.5743,1.958,2.991,3.6829,3.8861,2.0,-2.1995,50.6,13.9
2013-01-22,2.6191,2.6363,2.7902,3.0729,3.2086,3.4698,3.5705,1.927,2.994,3.83,3.8839,2.0,-2.1995,50.6,13.9
2013-01-23,2.6664,2.6662,2.8373,3.0968,3.2293,3.4627,3.5682,1.9409,2.9848,3.792,3.88,2.0,-2.1995,50.6,13.9
2013-01-24,2.6764,2.6911,2.8383,3.1112,3.2417,3.4797,3.5816,2.0665,2.824,3.858,3.8804,2.0,-2.1995,50.6,13.9
2013-01-25,2.6636,2.7023,2.834,3.1074,3.2335,3.4793,3.5837,2.103,2.698,3.935,3.8831,2.0,-2.1995,50.6,13.9
2013-01-28,2.6633,2.7135,2.8495,3.139,3.2551,3.4884,3.6042,2.1,2.992,4.016,3.8863,2.0,-2.1995,50.6,13.9
2013-01-29,2.6744,2.7276,2.8226,3.1129,3.2627,3.4955,3.6116,2.1,3.0995,3.997,3.8872,2.0,-2.1995,50.6,13.9
2013-01-30,2.7028,2.7427,2.8091,3.1274,3.2695,3.498,3.6053,2.1,3.236,4.085,3.8876,2.0,-2.1995,50.6,13.9
2013-01-31,2.7132,2.7427,2.8047,3.1129,3.2653,3.5002,3.6054,2.31,3.233,4.199,3.8878,2.5,-1.9397,50.6,13.8
2013-02-01,2.7086,2.7331,2.8064,3.1126,3.2633,3.4781,3.6004,2.6745,3.34,4.176,3.8883,2.5,-1.9397,50.6,13.8
2013-02-04,2.7134,2.7376,2.7824,3.1159,3.2687,3.4812,3.6016,2.833,3.4,4.253,3.889,2.5,-1.9397,50.6,13.8
2013-02-05,2.6937,2.7373,2.7709,3.1056,3.2724,3.4708,3.591,3.25,3.338,4.1555,3.8913,2.5,-1.9397,50.6,13.8
2013-02-06,2.6835,2.7376,2.7869,3.0956,3.273,3.4612,3.5922,3.596,3.696,4.1035,3.8929,2.5,-1.9397,50.6,13.8
2013-02-07,2.6842,2.7376,2.7883,3.0855,3.2659,3.471,3.5928,3.6463,4.1,4.145,3.8937,2.5,-1.9397,50.6,13.8
2013-02-08,2.6793,2.707,2.7658,3.066,3.2652,3.4656,3.5859,2.715,3.513,4.045,3.8916,2.5,-1.9397,50.6,13.8
2013-02-16,2.5493,2.607,2.7161,3.0564,3.2656,3.4671,3.5922,1.98,2.831,3.9,3.8933,2.5,-1.9397,50.6,13.8
2013-02-17,2.5442,2.5897,2.7117,3.051,3.2665,3.4644,3.5847,1.899,2.986,3.667,3.8892,2.5,-1.9397,50.6,13.8
2013-02-18,2.6001,2.6246,2.722,3.066,3.2692,3.4723,3.5929,1.866,2.9286,3.582,3.886,2.5,-1.9397,50.6,13.8
2013-02-19,2.6101,2.6299,2.7091,3.0613,3.2776,3.4772,3.5931,1.8693,2.949,3.4536,3.8817,2.5,-1.9397,50.6,13.8
2013-02-20,2.61,2.6299,2.6929,3.0638,3.2652,3.4598,3.5632,1.8798,2.949,3.3646,3.88,2.5,-1.9397,50.6,13.8
2013-02-21,2.6067,2.63,2.7059,3.0672,3.2794,3.4627,3.5623,2.018,2.998,3.2801,3.88,2.5,-1.9397,50.6,13.8
2013-02-22,2.6174,2.6393,2.7107,3.0828,3.2811,3.4747,3.5708,2.2,3.091,3.278,3.8798,2.5,-1.9397,50.6,13.8
2013-02-25,2.6274,2.6493,2.7199,3.1081,3.2967,3.4792,3.5821,2.386,3.31,3.2713,3.88,2.5,-1.9397,50.6,13.8
2013-02-26,2.6774,2.6865,2.7862,3.1082,3.3018,3.481,3.5948,3.69,3.811,4.405,3.8842,2.5,-1.9397,50.6,13.8
2013-02-27,2.6674,2.6815,2.7528,3.1025,3.2928,3.4762,3.5904,3.932,4.225,4.384,3.8866,2.5,-1.9397,50.6,13.8
2013-02-28,2.6874,2.7115,2.7612,3.1078,3.2978,3.4769,3.5957,4.011,4.267,4.4901,3.8946,2.0,-1.6372,50.4,15.9
2013-03-01,2.6962,2.734,2.7727,3.1136,3.3048,3.4744,3.5878,4.136,4.476,4.4505,3.8946,2.0,-1.6372,50.4,15.9
2013-03-04,2.6991,2.7264,2.7727,3.0943,3.2707,3.4731,3.5785,3.2935,4.313,4.281,3.892,2.0,-1.6372,50.4,15.9
2013-03-05,2.707,2.7219,2.7656,3.0935,3.2721,3.4626,3.576,3.018,3.189,3.806,3.8918,2.0,-1.6372,50.4,15.9
2013-03-06,2.7004,2.7174,2.7639,3.0943,3.2571,3.4672,3.5802,2.858,2.998,3.6279,3.8866,2.0,-1.6372,50.4,15.9
2013-03-07,2.7071,2.7233,2.7645,3.0972,3.2768,3.4727,3.5813,2.486,2.519,3.5335,3.8837,2.0,-1.6372,50.4,15.9
2013-03-08,2.6975,2.734,2.7675,3.1025,3.2792,3.4756,3.5816,2.468,2.496,3.4425,3.8812,2.0,-1.6372,50.4,15.9
2013-03-11,2.7345,2.7438,2.7719,3.1119,3.2976,3.4827,3.583,2.2315,2.998,3.422,3.8816,2.0,-1.6372,50.4,15.9
2013-03-12,2.7346,2.7438,2.7669,3.1015,3.2879,3.4834,3.5897,2.095,3.07,3.34,3.8822,2.0,-1.6372,50.4,15.9
2013-03-13,2.7347,2.7389,2.7659,3.0984,3.2791,3.4778,3.5898,2.072,3.035,3.3301,3.8833,2.0,-1.6372,50.4,15.9
2013-03-14,2.7347,2.7399,2.7687,3.1065,3.2838,3.4808,3.5919,2.057,3.084,3.318,3.8821,2.0,-1.6372,50.4,15.9
2013-03-15,2.7216,2.7249,2.7503,3.1047,3.2989,3.4906,3.5919,2.064,3.3905,3.292,3.8836,2.0,-1.6372,50.4,15.9
2013-03-18,2.7097,2.7152,2.7594,3.1075,3.2983,3.4879,3.5971,2.524,3.086,3.2612,3.8801,2.0,-1.6372,50.4,15.9
2013-03-19,2.7097,2.7248,2.7514,3.0953,3.2954,3.4882,3.5922,2.248,2.973,3.2782,3.8802,2.0,-1.6372,50.4,15.9
2013-03-20,2.6997,2.6661,2.7441,3.0963,3.2936,3.48,3.5722,2.051,3.278,3.591,3.8804,2.0,-1.6372,50.4,15.9
2013-03-21,2.6996,2.6584,2.7341,3.0964,3.3051,3.4885,3.5819,1.938,3.04,3.36,3.8794,2.0,-1.6372,50.4,15.9
2013-03-22,2.7107,2.6316,2.7341,3.0961,3.306,3.4876,3.5816,1.807,2.979,3.3245,3.8801,2.0,-1.6372,50.4,15.9
2013-03-25,2.6701,2.5963,2.7221,3.0965,3.3028,3.4859,3.577,1.6841,2.923,3.2985,3.8801,2.0,-1.6372,50.4,15.9
2013-03-26,2.6701,2.6056,2.7121,3.0965,3.3029,3.488,3.5717,1.674,3.025,3.2473,3.8802,2.0,-1.6372,50.4,15.9
2013-03-27,2.67,2.6244,2.6879,3.1053,3.303,3.4872,3.5611,1.741,2.849,3.277,3.8811,2.0,-1.6372,50.4,15.9
2013-03-28,2.6699,2.6356,2.6855,3.0912,3.2999,3.4726,3.5505,1.75,3.177,3.351,3.8814,2.0,-1.6372,50.4,15.9
2013-03-29,2.6658,2.63,2.679,3.0917,3.2972,3.4751,3.5392,2.684,3.394,3.4,3.8805,2.0,-1.6372,50.4,15.9
2013-04-01,2.6677,2.6177,2.6799,3.0744,3.2741,3.4514,3.5303,1.9915,3.404,3.434,3.8804,3.2,-1.6254,50.1,15.2
2013-04-02,2.6581,2.622,2.6716,3.0253,3.2434,3.4244,3.5106,2.019,3.407,3.4245,3.8804,3.2,-1.6254,50.1,15.2
2013-04-03,2.6485,2.6271,2.6741,3.0255,3.2305,3.4153,3.5005,2.093,3.297,3.352,3.8804,3.2,-1.6254,50.1,15.2
2013-04-07,2.6356,2.6168,2.6702,3.016,3.2143,3.3959,3.4907,2.033,3.323,3.3308,3.8814,3.2,-1.6254,50.1,15.2
2013-04-08,2.5862,2.5768,2.6432,3.0374,3.2392,3.4076,3.4905,2.1808,3.279,3.3065,3.8818,3.2,-1.6254,50.1,15.2
2013-04-09,2.5812,2.582,2.6421,3.0244,3.2261,3.4056,3.4705,2.14,3.288,3.276,3.8812,3.2,-1.6254,50.1,15.2
2013-04-10,2.5809,2.5223,2.6504,3.0072,3.2064,3.3999,3.4624,2.1235,3.217,3.3033,3.8818,3.2,-1.6254,50.1,15.2
2013-04-11,2.5654,2.5272,2.6575,3.021,3.217,3.403,3.4705,2.0669,3.035,3.268,3.8803,3.2,-1.6254,50.1,15.2
2013-04-12,2.5677,2.5635,2.679,3.0067,3.208,3.3996,3.4655,2.0238,2.97,3.2358,3.8803,3.2,-1.6254,50.1,15.2
2013-04-15,2.5844,2.5747,2.6636,3.0103,3.1959,3.3795,3.4405,2.0533,2.981,3.2128,3.8802,3.2,-1.6254,50.1,15.2
2013-04-16,2.5742,2.5795,2.6719,2.9813,3.1589,3.3451,3.4005,2.017,3.044,3.2593,3.8803,3.2,-1.6254,50.1,15.2
2013-04-17,2.5793,2.5797,2.7085,2.9897,3.1903,3.3537,3.4131,2.0138,3.013,3.302,3.8803,3.2,-1.6254,50.1,15.2
2013-04-18,2.5746,2.5943,2.7585,3.0087,3.2081,3.3819,3.4431,2.208,2.895,3.336,3.8803,3.2,-1.6254,50.1,15.2
2013-04-19,2.5919,2.6178,2.8663,3.0185,3.2214,3.3829,3.4503,2.503,3.085,3.797,3.8813,3.2,-1.6254,50.1,15.2
2013-04-22,2.6108,2.6895,2.8898,3.0423,3.2349,3.4179,3.4867,2.637,3.123,4.109,3.8828,3.2,-1.6254,50.1,15.2
2013-04-23,2.5628,2.7318,2.8495,3.031,3.1999,3.3829,3.4629,2.97,3.57,4.303,3.8844,3.2,-1.6254,50.1,15.2
2013-04-24,2.6122,2.7824,2.8243,3.0268,3.1978,3.3648,3.4498,4.061,4.754,4.667,3.8837,3.2,-1.6254,50.1,15.2
2013-04-25,2.6466,2.7776,2.8311,3.0104,3.1953,3.3513,3.4314,4.291,5.021,4.294,3.8857,3.2,-1.6254,50.1,15.2
2013-04-26,2.6417,2.7789,2.8162,3.008,3.1503,3.3501,3.4313,3.0,3.527,3.9,3.8843,3.2,-1.6254,50.1,15.2
2013-04-27,2.6368,2.7599,2.7905,2.9966,3.1406,3.3452,3.4311,3.016,3.52,3.585,3.8821,3.2,-1.6254,50.1,15.2
2013-04-28,2.6307,2.7405,2.7842,2.975,3.1329,3.3458,3.4314,2.83,3.03,3.442,3.8821,3.2,-1.6254,50.1,15.2
2013-05-02,2.6134,2.7333,2.7768,2.9801,3.1471,3.3302,3.4119,2.8,2.919,3.3,3.883,2.1,-1.919,50.9,15.7
2013-05-03,2.5901,2.6841,2.7759,2.9783,3.1346,3.3302,3.4212,3.0,3.237,3.233,3.8814,2.1,-1.919,50.9,15.7
2013-05-06,2.5952,2.7139,2.8008,3.0029,3.147,3.3402,3.4354,2.78,3.221,3.233,3.881,2.1,-1.919,50.9,15.7
2013-05-07,2.5902,2.7195,2.8052,2.997,3.0962,3.3245,3.4261,2.36,3.176,3.25,3.8808,2.1,-1.919,50.9,15.7
2013-05-08,2.6124,2.7437,2.8329,3.0127,3.1282,3.3551,3.4345,2.11,2.984,3.2565,3.8804,2.1,-1.919,50.9,15.7
2013-05-09,2.6642,2.7403,2.833,3.0216,3.1232,3.3351,3.4317,2.11,3.106,3.2725,3.8803,2.1,-1.919,50.9,15.7
2013-05-10,2.6612,2.7095,2.8305,3.0375,3.1003,3.3253,3.4212,2.14,2.971,3.274,3.8802,2.1,-1.919,50.9,15.7
2013-05-13,2.6844,2.7648,2.8415,3.0468,3.098,3.3328,3.4238,2.1573,2.901,3.318,3.88,2.1,-1.919,50.9,15.7
2013-05-14,2.6847,2.7287,2.8412,3.0594,3.1016,3.3303,3.4248,2.24,2.774,3.31,3.8803,2.1,-1.919,50.9,15.7
2013-05-15,2.7221,2.741,2.8298,3.0601,3.1373,3.3204,3.4218,2.2445,2.767,3.253,3.8803,2.1,-1.919,50.9,15.7
2013-05-16,2.7272,2.7405,2.8459,3.0627,3.1435,3.325,3.4219,2.702,3.192,3.4,3.8805,2.1,-1.919,50.9,15.7
2013-05-17,2.7298,2.7498,2.8622,3.0627,3.1436,3.3401,3.4213,2.8439,3.5858,3.967,3.8823,2.1,-1.919,50.9,15.7
2013-05-20,2.7618,2.7648,2.8653,3.0761,3.1436,3.3412,3.4253,2.957,4.23,4.517,3.8831,2.1,-1.919,50.9,15.7
2013-05-21,2.7719,2.7925,2.8812,3.0831,3.1436,3.3451,3.4253,3.36,4.375,4.512,3.8834,2.1,-1.919,50.9,15.7
2013-05-22,2.7672,2.7793,2.8714,3.0809,3.1445,3.34,3.4153,3.424,3.952,4.456,3.8852,2.1,-1.919,50.9,15.7
2013-05-23,2.7674,2.7817,2.8649,3.0772,3.1288,3.338,3.413,3.681,4.192,4.635,3.8847,2.1,-1.919,50.9,15.7
2013-05-24,2.7653,2.782,2.8673,3.075,3.1288,3.336,3.4181,3.504,4.151,4.595,3.8838,2.1,-1.919,50.9,15.7
2013-05-27,2.7642,2.775,2.8655,3.0708,3.1169,3.3341,3.4166,3.56,4.08,4.391,3.8834,2.1,-1.919,50.9,15.7
2013-05-28,2.7594,2.7689,2.8609,3.056,3.0978,3.3308,3.4206,3.35,3.503,4.1457,3.8848,2.1,-1.919,50.9,15.7
2013-05-29,2.7596,2.7732,2.861,3.053,3.1443,3.3455,3.434,3.05,3.67,3.68,3.8821,2.1,-1.919,50.9,15.7
2013-05-30,2.7598,2.7975,2.8609,3.0561,3.1468,3.3431,3.434,3.39,4.144,3.75,3.8818,2.1,-1.919,50.9,15.7
2013-05-31,2.7771,2.7974,2.8682,3.0607,3.1573,3.3446,3.4399,4.501,4.781,4.016,3.8821,2.4,-2.6175,50.6,16.1
2013-06-03,2.762,2.8177,2.8714,3.0813,3.1704,3.3651,3.4478,4.599,4.628,4.501,3.8834,2.4,-2.6175,50.6,16.1
2013-06-04,2.7821,2.8287,2.8812,3.0822,3.1763,3.375,3.4603,4.517,4.716,4.3805,3.8835,2.4,-2.6175,50.6,16.1
2013-06-05,2.8506,2.8664,2.9112,3.0917,3.1897,3.3903,3.4615,4.623,4.739,4.512,3.8838,2.4,-2.6175,50.6,16.1
2013-06-06,2.9344,2.9461,2.9362,3.1111,3.2097,3.4003,3.4651,5.982,5.137,5.09,3.8938,2.4,-2.6175,50.6,16.1
2013-06-07,3.1058,3.0715,3.0309,3.1386,3.2286,3.4202,3.4822,8.294,6.657,6.3415,4.574,2.4,-2.6175,50.6,16.1
2013-06-08,3.2006,3.1738,3.1007,3.1648,3.2353,3.4205,3.4822,9.581,7.603,6.646,5.108,2.4,-2.6175,50.6,16.1
2013-06-09,3.0903,3.1738,3.0844,3.11,3.2205,3.3715,3.4491,7.49,6.612,6.811,5.145,2.4,-2.6175,50.6,16.1
2013-06-13,3.3482,3.1738,3.0859,3.1401,3.2567,3.3916,3.4591,6.691,6.08,6.962,5.205,2.4,-2.6175,50.6,16.1
2013-06-14,3.0983,3.1867,3.1024,3.2002,3.275,3.4116,3.4689,6.968,6.811,7.21,5.29,2.4,-2.6175,50.6,16.1
2013-06-17,3.0611,3.1425,3.1,3.2103,3.2814,3.415,3.4785,4.813,6.848,7.282,5.319,2.4,-2.6175,50.6,16.1
2013-06-18,3.2111,3.244,3.1509,3.2599,3.3015,3.4305,3.4818,5.596,6.703,7.178,5.329,2.4,-2.6175,50.6,16.1
2013-06-19,3.3932,3.3826,3.2606,3.3597,3.3809,3.4906,3.5516,7.66,8.075,7.615,5.408,2.4,-2.6175,50.6,16.1
2013-06-20,5.0132,4.1903,3.5606,3.6054,3.6209,3.6259,3.7016,13.444,11.004,9.399,5.803,2.4,-2.6175,50.6,16.1
2013-06-21,5.1132,4.1744,3.6106,3.5992,3.5797,3.5991,3.6014,8.492,8.543,9.698,5.79,2.4,-2.6175,50.6,16.1
2013-06-24,5.0132,4.3744,3.6504,3.55,3.5397,3.5691,3.5999,6.489,7.311,7.355,5.724,2.4,-2.6175,50.6,16.1
2013-06-25,4.8151,4.3744,3.6504,3.4617,3.5108,3.5555,3.5999,5.736,7.644,8.418,5.641,2.4,-2.6175,50.6,16.1
2013-06-26,4.5697,3.9337,3.5738,3.322,3.3611,3.4532,3.55,5.553,7.201,8.545,5.582,2.4,-2.6175,50.6,16.1
2013-06-27,3.9691,3.8824,3.4463,3.3287,3.3258,3.3997,3.5231,5.561,6.684,8.384,5.539,2.4,-2.6175,50.6,16.1
2013-06-28,4.0691,3.7712,3.4812,3.2033,3.2909,3.3852,3.5125,4.941,6.163,7.35,5.439,2.4,-2.6175,50.6,16.1
2013-07-01,3.9601,3.5667,3.4706,3.2334,3.2911,3.3861,3.5245,4.456,5.423,6.88,5.295,2.0981,-2.8658,50.8,15.8
2013-07-02,3.7875,3.5108,3.3721,3.1604,3.2917,3.3883,3.5243,3.786,4.75,5.8,5.211,2.0981,-2.8658,50.8,15.8
2013-07-03,3.7137,3.4065,3.4212,3.1204,3.275,3.3934,3.5302,3.4,4.242,5.2,5.148,2.0981,-2.8658,50.8,15.8
2013-07-04,3.6337,3.3919,3.3912,3.1083,3.2629,3.4021,3.5102,3.348,3.938,5.102,5.029,2.0981,-2.8658,50.8,15.8
2013-07-05,3.5337,3.3505,3.3716,3.0954,3.2629,3.3997,3.5127,3.38,3.816,4.7885,4.939,2.0981,-2.8658,50.8,15.8
2013-07-08,3.4999,3.3517,3.3916,3.1311,3.2933,3.4185,3.5177,3.256,3.656,4.3,4.794,2.0981,-2.8658,50.8,15.8
2013-07-09,3.4999,3.3818,3.4016,3.1778,3.3272,3.4266,3.5202,3.249,3.596,4.298,4.723,2.0981,-2.8658,50.8,15.8
2013-07-10,3.5499,3.4215,3.5001,3.2235,3.3492,3.4877,3.5802,3.251,3.59,4.269,4.704,2.0981,-2.8658,50.8,15.8
2013-07-11,3.6099,3.4315,3.5001,3.2783,3.3796,3.5256,3.5902,3.3547,3.81,4.351,4.6955,2.0981,-2.8658,50.8,15.8
2013-07-12,3.5599,3.4694,3.5006,3.3306,3.4115,3.5571,3.6001,3.3,3.8,4.128,4.691,2.0981,-2.8658,50.8,15.8
2013-07-15,3.5899,3.5477,3.4998,3.3436,3.4247,3.5571,3.6102,3.2998,3.809,4.2705,4.6785,2.0981,-2.8658,50.8,15.8
2013-07-16,3.5699,3.542,3.4299,3.3414,3.4391,3.5771,3.619,3.013,3.706,4.424,4.6703,2.0981,-2.8658,50.8,15.8
2013-07-17,3.5599,3.5366,3.4345,3.3514,3.4657,3.6231,3.669,2.968,3.596,4.53,4.662,2.0981,-2.8658,50.8,15.8
2013-07-18,3.5699,3.4913,3.4544,3.4015,3.479,3.6201,3.6903,2.998,3.634,4.61,4.6578,2.0981,-2.8658,50.8,15.8
2013-07-19,3.5599,3.4985,3.4624,3.4315,3.4982,3.6249,3.7051,3.04,3.745,4.669,4.6525,2.0981,-2.8658,50.8,15.8
2013-07-22,3.5799,3.6348,3.5248,3.5281,3.548,3.6601,3.7401,3.1035,3.925,4.806,4.6515,2.0981,-2.8658,50.8,15.8
2013-07-23,3.5799,3.6643,3.5503,3.6239,3.5984,3.69,3.7602,3.1355,3.959,4.99,4.6517,2.0981,-2.8658,50.8,15.8
2013-07-24,3.6099,3.6938,3.5746,3.6439,3.705,3.7702,3.7952,3.23,4.011,5.293,4.661,2.0981,-2.8658,50.8,15.8
2013-07-25,3.6099,3.6438,3.5107,3.5727,3.6956,3.7,3.7102,3.3495,4.132,5.468,4.6601,2.0981,-2.8658,50.8,15.8
2013-07-26,3.4806,3.6327,3.5034,3.5767,3.6668,3.69,3.7152,3.55,4.351,5.722,4.667,2.0981,-2.8658,50.8,15.8
2013-07-29,3.4606,3.5839,3.5128,3.602,3.6712,3.7,3.7228,3.703,5.057,5.988,4.671,2.0981,-2.8658,50.8,15.8
2013-07-30,3.4106,3.4239,3.5,3.5835,3.6705,3.6837,3.7227,3.641,4.972,5.889,4.667,2.0981,-2.8658,50.8,15.8
2013-07-31,3.4406,3.45,3.4908,3.5551,3.6551,3.6602,3.7214,3.699,4.971,5.34,4.6645,2.7,-2.6965,50.1,14.0
2013-08-01,3.3906,3.4,3.4347,3.5252,3.6135,3.6402,3.7053,3.549,4.545,4.846,4.6635,2.7,-2.6965,50.1,14.0
2013-08-02,3.3869,3.3905,3.3938,3.5224,3.6187,3.6402,3.7034,3.2539,4.314,4.642,4.6595,2.7,-2.6965,50.1,14.0
2013-08-05,3.3569,3.3605,3.419,3.5324,3.6275,3.6577,3.7104,3.1,4.356,4.575,4.655,2.7,-2.6965,50.1,14.0
2013-08-06,3.3669,3.3705,3.4047,3.5424,3.6323,3.6733,3.7153,3.1,4.066,4.6005,4.6538,2.7,-2.6965,50.1,14.0
2013-08-07,3.3838,3.3911,3.4069,3.5524,3.6841,3.7119,3.7703,3.1005,3.873,4.58,4.6515,2.7,-2.6965,50.1,14.0
2013-08-08,3.4383,3.4193,3.4271,3.5724,3.7313,3.7707,3.8455,3.1641,3.7585,4.595,4.6504,2.7,-2.6965,50.1,14.0
2013-08-09,3.4383,3.3893,3.4333,3.6024,3.7453,3.7826,3.8407,2.914,3.64,4.535,4.6501,2.7,-2.6965,50.1,14.0
2013-08-12,3.4283,3.3993,3.4479,3.6224,3.776,3.8061,3.8513,2.9645,3.648,4.5,4.65,2.7,-2.6965,50.1,14.0
2013-08-13,3.4283,3.4093,3.4837,3.6824,3.8407,3.871,3.9252,3.2253,3.702,4.524,4.65,2.7,-2.6965,50.1,14.0
2013-08-14,3.4283,3.4506,3.5373,3.7867,3.8881,3.9249,3.9516,3.435,3.855,4.505,4.65,2.7,-2.6965,50.1,14.0
2013-08-15,3.4583,3.4806,3.5541,3.7746,3.8905,3.9397,3.9602,3.283,3.994,4.517,4.6502,2.7,-2.6965,50.1,14.0
2013-08-16,3.5366,3.6295,3.6041,3.7931,3.8717,3.9344,3.9401,3.209,3.772,4.56,4.6503,2.7,-2.6965,50.1,14.0
2013-08-19,3.5366,3.6295,3.6241,3.8831,3.896,3.97,4.0103,3.403,4.092,4.925,4.6573,2.7,-2.6965,50.1,14.0
2013-08-20,3.5466,3.6495,3.6241,3.9081,3.9868,4.0147,4.0881,3.854,4.428,5.218,4.6636,2.7,-2.6965,50.1,14.0
2013-08-21,3.5966,3.6559,3.6341,3.8798,3.9416,3.9757,4.0382,3.517,4.219,5.04,4.658,2.7,-2.6965,50.1,14.0
2013-08-22,3.6166,3.6339,3.6436,3.871,3.9316,3.9902,4.0302,3.357,4.115,4.968,4.662,2.7,-2.6965,50.1,14.0
2013-08-23,3.6066,3.6041,3.6435,3.8261,3.8714,3.9551,3.9916,3.265,4.149,5.016,4.662,2.7,-2.6965,50.1,14.0
2013-08-26,3.5966,3.5841,3.6212,3.8017,3.8474,3.9357,3.9555,3.037,4.023,5.007,4.6619,2.7,-2.6965,50.1,14.0
2013-08-27,3.5966,3.5959,3.6215,3.8219,3.8517,3.941,3.9654,3.006,4.209,4.974,4.6609,2.7,-2.6965,50.1,14.0
2013-08-28,3.5866,3.5959,3.6235,3.8468,3.8964,3.9961,4.0222,3.098,4.259,4.929,4.6586,2.7,-2.6965,50.1,14.0
2013-08-29,3.6166,3.6161,3.6086,3.862,3.9084,4.0003,4.03,2.957,4.318,4.903,4.658,2.7,-2.6965,50.1,14.0
2013-08-30,3.6066,3.6024,3.6186,3.8438,3.9181,3.9899,4.0354,3.034,3.7355,4.805,4.6572,2.7,-2.6965,50.1,14.0
2013-09-02,3.6269,3.6261,3.6173,3.8518,3.9187,3.9953,4.0356,3.0188,3.742,4.6,4.6561,2.7,-2.2712,50.3,14.5
2013-09-03,3.6438,3.6173,3.6173,3.8707,3.9218,4.0001,4.0404,3.0006,3.75,4.523,4.6558,2.7,-2.2712,50.3,14.5
2013-09-04,3.6938,3.6343,3.598,3.9002,3.974,4.0201,4.055,3.005,3.498,4.581,4.6566,2.7,-2.2712,50.3,14.5
2013-09-05,3.6616,3.6163,3.6055,3.9303,3.9564,4.0105,4.055,2.89,3.456,4.574,4.6566,2.7,-2.2712,50.3,14.5
2013-09-06,3.6426,3.6663,3.6012,3.9281,3.9557,4.0003,4.0455,2.95,3.469,4.484,4.6573,2.7,-2.2712,50.3,14.5
2013-09-09,3.649,3.5981,3.6106,3.936,3.9616,4.0398,4.055,2.92,3.554,4.598,4.6564,2.7,-2.2712,50.3,14.5
2013-09-10,3.6621,3.5969,3.6106,3.9573,3.9974,4.0693,4.065,2.8955,3.625,4.862,4.6549,2.7,-2.2712,50.3,14.5
2013-09-11,3.6811,3.577,3.6106,3.9815,4.0244,4.1293,4.1341,3.014,3.482,5.138,4.6559,2.7,-2.2712,50.3,14.5
2013-09-12,3.7231,3.5705,3.5906,3.9516,4.021,4.1286,4.1291,2.967,3.494,5.374,4.6563,2.7,-2.2712,50.3,14.5
2013-09-13,3.7039,3.5615,3.6106,3.9174,4.0165,4.12,4.1406,2.979,3.57,5.4834,4.6571,2.7,-2.2712,50.3,14.5
2013-09-16,3.7499,3.5729,3.5906,3.8976,4.0128,4.1104,4.1201,3.008,3.469,5.67,4.6569,2.7,-2.2712,50.3,14.5
2013-09-17,3.6927,3.5692,3.5906,3.8693,3.9846,4.0521,4.0721,3.493,3.583,5.836,4.6579,2.7,-2.2712,50.3,14.5
2013-09-18,3.7016,3.5499,3.5906,3.8717,3.9882,4.0415,4.0502,3.557,3.749,5.913,4.6584,2.7,-2.2712,50.3,14.5
2013-09-22,3.7016,3.5392,3.573,3.8251,3.9195,3.9735,3.9851,3.573,3.991,5.948,4.6617,2.7,-2.2712,50.3,14.5
2013-09-23,3.7316,3.5538,3.5881,3.8697,3.9362,4.0202,4.0095,3.815,4.232,6.004,4.6717,2.7,-2.2712,50.3,14.5
2013-09-24,3.7134,3.5593,3.61,3.8528,3.9223,4.0233,4.0201,3.6144,4.44,6.1089,4.6731,2.7,-2.2712,50.3,14.5
2013-09-25,3.7034,3.4425,3.6,3.8226,3.9047,4.0114,4.0202,3.347,3.916,5.856,4.6715,2.7,-2.2712,50.3,14.5
2013-09-26,3.6537,3.4425,3.5501,3.7947,3.8579,3.9861,3.9901,3.112,4.055,5.435,4.6732,2.7,-2.2712,50.3,14.5
2013-09-27,3.6037,3.3987,3.5501,3.7964,3.8806,3.9999,4.0002,3.1477,3.646,5.33,4.6722,2.7,-2.2712,50.3,14.5
2013-09-29,3.6058,3.4026,3.5601,3.7972,3.8844,3.9999,4.0002,3.15,3.749,5.3,4.6732,2.7,-2.2712,50.3,14.5
2013-09-30,3.5338,3.3737,3.5451,3.7873,3.8755,3.9987,3.9954,3.126,4.203,5.3,4.6704,2.6,-1.625,51.0,14.7
2013-10-08,3.5477,3.4009,3.5451,3.7928,3.88,3.9867,3.9903,3.052,4.393,5.178,4.6685,2.6,-1.625,51.0,14.7
2013-10-09,3.5477,3.4282,3.5539,3.7998,3.8825,4.0111,4.0316,3.232,4.502,5.213,4.6682,2.6,-1.625,51.0,14.7
2013-10-10,3.5177,3.4009,3.5627,3.7945,3.8838,4.0054,4.0166,3.328,4.48,5.1,4.6681,2.6,-1.625,51.0,14.7
2013-10-11,3.5177,3.4107,3.5427,3.7933,3.8838,4.0195,4.0265,3.1,4.26,5.0,4.6679,2.6,-1.625,51.0,14.7
2013-10-12,3.5145,3.4089,3.5427,3.7927,3.8784,4.0095,4.0263,3.027,4.246,4.805,4.6673,2.6,-1.625,51.0,14.7
2013-10-14,3.5232,3.4356,3.5427,3.8125,3.9074,4.0568,4.0663,3.113,3.855,4.85,4.6661,2.6,-1.625,51.0,14.7
2013-10-15,3.5032,3.4407,3.5169,3.8278,3.9023,4.0744,4.0791,3.117,3.845,4.713,4.6655,2.6,-1.625,51.0,14.7
2013-10-16,3.4832,3.4408,3.5169,3.8273,3.9284,4.0744,4.0966,3.055,3.314,4.857,4.6654,2.6,-1.625,51.0,14.7
2013-10-17,3.4682,3.4408,3.5469,3.8266,3.9335,4.0943,4.0966,3.038,3.35,4.73,4.6681,2.6,-1.625,51.0,14.7
2013-10-18,3.4621,3.4364,3.5469,3.8503,3.9446,4.0943,4.1055,3.001,3.485,4.613,4.6695,2.6,-1.625,51.0,14.7
2013-10-21,3.4821,3.4416,3.5522,3.8515,3.9607,4.106,4.1105,3.06,3.548,4.683,4.6775,2.6,-1.625,51.0,14.7
2013-10-22,3.5121,3.4419,3.5522,3.8714,3.9627,4.1195,4.1305,3.052,3.558,4.707,4.6813,2.6,-1.625,51.0,14.7
2013-10-23,3.5321,3.4418,3.5645,3.8866,3.9577,4.1349,4.1491,3.78,3.992,4.814,4.6843,2.6,-1.625,51.0,14.7
2013-10-24,3.6308,3.5017,3.6445,3.9078,3.9909,4.1502,4.194,4.088,4.68,5.4,4.6876,2.6,-1.625,51.0,14.7
2013-10-25,3.759,3.567,3.7445,3.9383,4.0186,4.16,4.214,4.367,4.891,6.422,4.691,2.6,-1.625,51.0,14.7
2013-10-28,3.7859,3.5838,3.7649,3.9587,4.0659,4.1501,4.204,4.434,4.894,6.477,4.6975,2.6,-1.625,51.0,14.7
2013-10-29,3.7856,3.6194,3.7852,4.0442,4.0995,4.16,4.2173,4.446,4.947,6.162,4.6966,2.6,-1.625,51.0,14.7
2013-10-30,3.7856,3.82,4.0152,4.0527,4.1154,4.17,4.2173,5.23,5.593,5.924,4.6965,2.6,-1.625,51.0,14.7
2013-10-31,3.8256,3.8202,3.9752,4.0099,4.0654,4.1302,4.1806,4.59,4.993,5.334,4.6948,3.1,-1.3439,51.1,14.2
2013-11-01,3.7934,3.8047,3.9422,3.9952,4.0533,4.1102,4.1556,4.2883,4.61,5.162,4.6925,3.1,-1.3439,51.1,14.2
2013-11-04,3.7979,3.8047,3.9222,4.0063,4.0593,4.1472,4.1731,4.0971,4.423,4.605,4.6921,3.1,-1.3439,51.1,14.2
2013-11-05,3.7351,3.7868,3.9522,4.0438,4.0793,4.17,4.2106,3.9147,4.232,4.6155,4.693,3.1,-1.3439,51.1,14.2
2013-11-06,3.7751,3.8802,3.9752,4.0717,4.1693,4.204,4.2206,3.66,3.866,4.869,4.6926,3.1,-1.3439,51.1,14.2
2013-11-07,3.8151,3.8945,4.0118,4.1617,4.1994,4.2783,4.2945,3.73,3.891,4.974,4.6933,3.1,-1.3439,51.1,14.2
2013-11-08,3.8551,3.9271,4.0214,4.2039,4.2431,4.3071,4.3186,3.761,3.939,5.077,4.6944,3.1,-1.3439,51.1,14.2
2013-11-11,3.9875,4.0054,4.1587,4.3999,4.3781,4.4102,4.4034,3.6,3.78,5.269,4.6962,3.1,-1.3439,51.1,14.2
2013-11-12,4.0142,4.0465,4.1209,4.3626,4.344,4.3701,4.4146,3.329,3.545,4.865,4.6978,3.1,-1.3439,51.1,14.2
2013-11-13,4.1142,4.0493,4.1142,4.363,4.3971,4.4701,4.4628,3.336,3.635,5.251,4.699,3.1,-1.3439,51.1,14.2
2013-11-14,4.2142,4.0902,4.0956,4.3886,4.4,4.4789,4.5006,4.188,4.193,5.325,4.6997,3.1,-1.3439,51.1,14.2
2013-11-15,4.3642,4.1602,4.1454,4.4639,4.4698,4.5577,4.6006,4.454,5.311,5.949,4.706,3.1,-1.3439,51.1,14.2
2013-11-18,4.4907,4.2102,4.156,4.4832,4.4998,4.5869,4.6619,4.513,5.357,6.405,4.7095,3.1,-1.3439,51.1,14.2
2013-11-19,4.5043,4.2278,4.1362,4.4748,4.5098,4.6287,4.6722,4.075,4.83,6.121,4.71,3.1,-1.3439,51.1,14.2
2013-11-20,4.5534,4.2417,4.1808,4.5003,4.5124,4.6387,4.7222,4.057,4.751,6.179,4.7092,3.1,-1.3439,51.1,14.2
2013-11-21,4.505,4.1917,4.156,4.4507,4.495,4.6156,4.7009,3.889,4.708,6.283,4.711,3.1,-1.3439,51.1,14.2
2013-11-22,4.468,4.1527,4.1265,4.343,4.4538,4.5064,4.6509,3.899,4.763,6.378,4.7118,3.1,-1.3439,51.1,14.2
2013-11-25,4.4485,4.1734,4.1215,4.3889,4.4582,4.5461,4.6159,3.847,4.74,6.378,4.7132,3.1,-1.3439,51.1,14.2
2013-11-26,4.4037,4.1986,4.1067,4.3805,4.4512,4.5514,4.6059,3.746,4.6775,6.582,4.7156,3.1,-1.3439,51.1,14.2
2013-11-27,4.3687,4.1757,4.1017,4.3582,4.3714,4.4745,4.5511,3.764,4.663,6.704,4.7211,3.1,-1.3439,51.1,14.2
2013-11-28,4.3287,4.1557,4.0472,4.308,4.3323,4.403,4.4313,3.746,4.823,6.555,4.7181,3.1,-1.3439,51.1,14.2
2013-11-29,4.2787,4.045,3.9787,4.2652,4.2612,4.3807,4.3612,3.726,4.666,6.365,4.7229,3.1,-1.3439,51.1,14.2
2013-12-02,4.3698,4.165,4.0385,4.3716,4.3517,4.4754,4.4812,3.748,4.571,6.263,4.7197,3.2,-1.5071,51.4,14.3
2013-12-03,4.3598,4.1404,4.0484,4.3243,4.3519,4.4319,4.4412,3.725,4.6,6.28,4.7365,3.2,-1.5071,51.4,14.3
2013-12-04,4.4329,4.1105,4.0029,4.3045,4.3419,4.4513,4.4262,3.7235,4.577,6.235,4.7778,3.2,-1.5071,51.4,14.3
2013-12-05,4.4867,4.1605,4.0341,4.3693,4.3736,4.4851,4.4962,3.703,4.558,6.08,4.885,3.2,-1.5071,51.4,14.3
2013-12-06,4.5457,4.167,4.0364,4.3777,4.3868,4.4993,4.5162,3.7,4.55,5.596,5.167,3.2,-1.5071,51.4,14.3
2013-12-09,4.5857,4.1845,4.0364,4.3991,4.4418,4.5353,4.5413,3.62,4.485,5.45,5.2581,3.2,-1.5071,51.4,14.3
2013-12-10,4.6057,4.2052,4.0284,4.4096,4.5124,4.6105,4.6012,3.558,4.444,5.296,5.338,3.2,-1.5071,51.4,14.3
2013-12-11,4.6395,4.2413,4.0489,4.3802,4.478,4.65,4.6213,3.51,4.329,5.238,5.332,3.2,-1.5071,51.4,14.3
2013-12-12,4.5595,4.2244,4.0336,4.3651,4.4287,4.6018,4.5913,3.46,4.305,5.4155,5.3222,3.2,-1.5071,51.4,14.3
2013-12-13,4.5595,4.2156,4.034,4.3241,4.3886,4.5218,4.5411,3.4321,4.3,5.423,5.335,3.2,-1.5071,51.4,14.3
2013-12-16,4.6095,4.2422,4.039,4.3471,4.4337,4.5614,4.5539,3.447,4.358,5.557,5.331,3.2,-1.5071,51.4,14.3
2013-12-17,4.6335,4.2373,4.029,4.3655,4.4343,4.5808,4.5639,3.47,4.459,6.235,5.3537,3.2,-1.5071,51.4,14.3
2013-12-18,4.6672,4.2556,4.0689,4.371,4.45,4.5901,4.5814,3.588,5.902,6.765,5.385,3.2,-1.5071,51.4,14.3
2013-12-19,4.7619,4.2861,4.0953,4.411,4.4705,4.6108,4.6016,3.846,6.472,7.1012,5.4239,3.2,-1.5071,51.4,14.3
2013-12-20,4.7383,4.2377,4.1053,4.4157,4.4799,4.6017,4.6016,3.927,7.654,7.53,5.458,3.2,-1.5071,51.4,14.3
2013-12-23,4.7968,4.2511,4.1253,4.4153,4.4804,4.6119,4.6017,4.515,8.843,7.656,5.516,3.2,-1.5071,51.4,14.3
2013-12-24,4.7025,4.2595,4.1546,4.4214,4.4559,4.5639,4.5566,4.145,6.197,6.605,5.5174,3.2,-1.5071,51.4,14.3
2013-12-25,4.653,4.2572,4.1546,4.4125,4.4564,4.5712,4.5666,4.05,5.616,6.509,5.522,3.2,-1.5071,51.4,14.3
2013-12-26,4.618,4.2511,4.1546,4.3719,4.4418,4.566,4.5579,4.001,5.329,6.57,5.538,3.2,-1.5071,51.4,14.3
2013-12-27,4.6621,4.2421,4.1496,4.3718,4.4474,4.5821,4.5437,3.513,5.067,6.492,5.5465,3.2,-1.5071,51.4,14.3
2013-12-30,4.6321,4.2003,4.1522,4.3763,4.4389,4.5767,4.5437,3.205,4.841,6.122,5.553,3.2,-1.5071,51.4,14.3
2013-12-31,4.6113,4.1741,4.2189,4.4162,4.4583,4.5824,4.5518,3.148,5.25,5.913,5.5565,3.0,-1.4242,51.4,14.2
2014-01-02,4.6113,4.1864,4.2251,4.4538,4.5068,4.6111,4.6018,3.131,4.981,5.91,5.5657,3.0,-1.4242,51.4,14.2
2014-01-03,4.5792,4.1306,4.231,4.4237,4.5169,4.6398,4.6415,3.006,4.711,6.201,5.5661,3.0,-1.4242,51.4,14.2
2014-01-06,4.5453,4.1116,4.2132,4.4051,4.5293,4.6698,4.6569,2.92,4.633,6.475,5.5732,3.0,-1.4242,51.4,14.2
2014-01-07,4.5358,4.1017,4.2503,4.3692,4.5143,4.6328,4.642,2.875,4.259,5.925,5.576,3.0,-1.4242,51.4,14.2
2014-01-08,4.4064,4.0223,4.181,4.3568,4.4712,4.5847,4.5919,2.83,4.126,5.65,5.5821,3.0,-1.4242,51.4,14.2
2014-01-09,4.3059,4.047,4.1839,4.3292,4.4508,4.5745,4.5969,2.794,4.02,6.314,5.5837,3.0,-1.4242,51.4,14.2
2014-01-10,4.1223,4.0371,4.1339,4.3286,4.4414,4.5703,4.6016,2.766,4.041,5.675,5.5841,3.0,-1.4242,51.4,14.2
2014-01-13,3.9306,3.898,4.0615,4.3333,4.4387,4.5853,4.597,2.738,4.013,6.465,5.5849,3.0,-1.4242,51.4,14.2
2014-01-14,3.8998,3.8975,4.0384,4.308,4.4163,4.5861,4.602,2.7395,4.0036,6.4842,5.5865,3.0,-1.4242,51.4,14.2
2014-01-15,3.8356,3.8705,3.9984,4.2896,4.3677,4.5282,4.5523,2.7513,3.965,6.742,5.5846,3.0,-1.4242,51.4,14.2
2014-01-16,3.9661,3.8884,3.9584,4.2667,4.3733,4.5521,4.5871,2.7723,4.256,6.693,5.5812,3.0,-1.4242,51.4,14.2
2014-01-17,3.9161,3.8384,3.9163,4.2509,4.375,4.5652,4.5969,2.817,4.776,6.964,5.5868,3.0,-1.4242,51.4,14.2
2014-01-20,4.0386,3.9323,3.891,4.2196,4.3814,4.5568,4.5923,3.888,6.329,7.472,5.5893,3.0,-1.4242,51.4,14.2
2014-01-21,3.9123,3.8026,3.7799,4.172,4.3482,4.4941,4.5423,3.641,5.535,7.427,5.591,3.0,-1.4242,51.4,14.2
2014-01-22,3.8176,3.7258,3.73,4.0635,4.2856,4.4783,4.5023,3.676,5.224,6.95,5.5924,3.0,-1.4242,51.4,14.2
2014-01-23,3.8321,3.7754,3.6974,4.0481,4.32,4.4779,4.4825,3.7,5.293,6.708,5.5926,3.0,-1.4242,51.4,14.2
2014-01-24,3.7321,3.686,3.678,3.9817,4.3074,4.4919,4.5123,3.7193,4.449,6.817,5.5946,3.0,-1.4242,51.4,14.2
2014-01-26,3.6755,3.6318,3.639,3.9317,4.272,4.4392,4.4777,4.4,4.717,6.995,5.5962,3.0,-1.4242,51.4,14.2
2014-01-27,3.6979,3.5818,3.6054,3.9292,4.2261,4.4262,4.4802,4.534,4.689,6.83,5.5989,3.0,-1.4242,51.4,14.2
2014-01-28,3.6961,3.5378,3.6054,4.035,4.2154,4.4454,4.5027,4.8477,4.9657,7.333,5.5998,3.0,-1.4242,51.4,14.2
2014-01-29,3.6875,3.5178,3.6044,4.0191,4.2262,4.4345,4.5102,4.8,5.108,7.192,5.6,3.0,-1.4242,51.4,14.2
2014-01-30,3.6419,3.5178,3.6094,4.0398,4.2185,4.4353,4.5019,4.435,4.983,5.441,5.6,3.0,-1.4242,51.4,14.2
2014-02-07,3.5673,3.4501,3.5653,3.9405,4.1888,4.4048,4.4781,4.27,5.409,5.4,5.6,2.49871692,-1.3557,51.0,13.6
2014-02-08,3.4494,3.4945,3.5839,3.9405,4.1885,4.4104,4.468,4.25,5.25,5.811,5.605,2.49871692,-1.3557,51.0,13.6
2014-02-10,3.3794,3.4544,3.5039,3.9215,4.2098,4.4125,4.4831,4.3035,5.299,5.849,5.6031,2.49871692,-1.3557,51.0,13.6
2014-02-11,3.4094,3.4544,3.5517,3.9386,4.2092,4.4043,4.4881,4.137,5.201,5.758,5.6005,2.49871692,-1.3557,51.0,13.6
2014-02-12,3.3645,3.4105,3.5448,3.9031,4.1914,4.4087,4.4783,4.075,5.178,5.65,5.6012,2.49871692,-1.3557,51.0,13.6
2014-02-13,3.2945,3.3605,3.4683,3.8334,4.1864,4.4015,4.4783,3.669,5.021,5.629,5.6037,2.49871692,-1.3557,51.0,13.6
2014-02-14,3.2747,3.3514,3.4654,3.7912,4.1913,4.4002,4.4781,3.278,4.436,5.493,5.6005,2.49871692,-1.3557,51.0,13.6
2014-02-17,3.2747,3.3634,3.4339,3.8212,4.2099,4.422,4.5135,2.951,3.879,5.365,5.6,2.49871692,-1.3557,51.0,13.6
2014-02-18,3.2947,3.3781,3.4061,3.8303,4.2429,4.4377,4.5385,2.68,3.743,5.2985,5.6,2.49871692,-1.3557,51.0,13.6
2014-02-19,3.2737,3.3531,3.3925,3.8503,4.2452,4.4497,4.5535,2.403,3.762,5.2942,5.6,2.49871692,-1.3557,51.0,13.6
2014-02-20,3.2237,3.303,3.3585,3.8468,4.2291,4.4427,4.5336,1.981,3.703,5.22,5.596,2.49871692,-1.3557,51.0,13.6
2014-02-21,3.1937,3.273,3.3523,3.8243,4.1938,4.4443,4.5234,1.764,3.595,5.176,5.5775,2.49871692,-1.3557,51.0,13.6
2014-02-24,3.1867,3.266,3.3503,3.8243,4.1581,4.4134,4.4836,1.7,3.339,4.968,5.5665,2.49871692,-1.3557,51.0,13.6
2014-02-25,3.1867,3.256,3.294,3.7798,4.1054,4.304,4.4336,1.72,3.278,4.519,5.5585,2.49871692,-1.3557,51.0,13.6
2014-02-26,3.1567,3.226,3.2764,3.7798,4.1458,4.317,4.4496,1.75,3.072,4.4435,5.5415,2.49871692,-1.3557,51.0,13.6
2014-02-27,3.1067,3.156,3.2464,3.7057,4.0616,4.2396,4.3896,1.75,3.43,4.368,5.536,2.49871692,-1.3557,51.0,13.6
2014-02-28,3.1218,3.1711,3.2775,3.7407,4.0923,4.2495,4.4276,1.8458,3.529,4.316,5.529,2.5,-1.6394,50.5,13.2
2014-03-03,3.1718,3.2211,3.3075,3.7573,4.1278,4.3046,4.4576,2.085,2.821,4.262,5.519,2.5,-1.6394,50.5,13.2
2014-03-04,3.1718,3.2211,3.3325,3.8051,4.1969,4.3846,4.5026,2.083,3.5135,4.365,5.515,2.5,-1.6394,50.5,13.2
2014-03-05,3.1708,3.1893,3.2933,3.8213,4.2094,4.3881,4.5176,2.09,3.798,4.45,5.5105,2.5,-1.6394,50.5,13.2
2014-03-06,3.159,3.1893,3.2733,3.8475,4.2066,4.3714,4.5145,2.0547,2.486,4.64,5.5067,2.5,-1.6394,50.5,13.2
2014-03-07,3.1433,3.2193,3.2509,3.8175,4.1849,4.3671,4.5142,1.9948,2.403,4.586,5.504,2.5,-1.6394,50.5,13.2
2014-03-10,3.1048,3.1337,3.2002,3.7335,4.1716,4.3364,4.5043,1.919,2.358,4.574,5.502,2.5,-1.6394,50.5,13.2
2014-03-11,3.1039,3.1337,3.2401,3.7131,4.1651,4.3509,4.5125,1.873,2.258,4.293,5.5002,2.5,-1.6394,50.5,13.2
2014-03-12,3.0939,3.0781,3.2083,3.6767,4.149,4.3521,4.5024,1.9,2.211,3.872,5.5,2.5,-1.6394,50.5,13.2
2014-03-13,3.1485,3.0881,3.1621,3.7063,4.149,4.3234,4.5024,1.96,2.5,3.83,5.5,2.5,-1.6394,50.5,13.2
2014-03-14,3.1485,3.0881,3.1621,3.6763,4.119,4.3041,4.4924,1.8765,2.527,3.868,5.5,2.5,-1.6394,50.5,13.2
2014-03-17,2.9787,2.9881,3.1133,3.7063,4.1039,4.3066,4.482,1.869,2.671,3.938,5.5,2.5,-1.6394,50.5,13.2
2014-03-18,2.9787,2.9781,3.1033,3.7183,4.143,4.3337,4.5095,2.05,2.88,4.022,5.5,2.5,-1.6394,50.5,13.2
2014-03-19,3.0829,2.9781,3.1333,3.7838,4.1646,4.3546,4.5095,2.8025,3.422,4.412,5.5,2.5,-1.6394,50.5,13.2
2014-03-20,3.0729,2.9781,3.1133,3.836,4.1628,4.3254,4.5195,3.011,3.474,4.619,5.5,2.5,-1.6394,50.5,13.2
2014-03-21,3.0868,2.9896,3.1433,3.8414,4.136,4.3247,4.5044,2.5,3.6,4.895,5.5,2.5,-1.6394,50.5,13.2
2014-03-24,3.0568,2.9596,3.1233,3.8192,4.149,4.3279,4.5148,2.5,3.578,5.148,5.5,2.5,-1.6394,50.5,13.2
2014-03-25,3.0071,2.9096,3.1033,3.8117,4.149,4.3337,4.5192,2.5,3.6295,5.125,5.5,2.5,-1.6394,50.5,13.2
2014-03-26,2.9571,2.8667,3.1033,3.8143,4.1467,4.3338,4.4992,2.52,3.868,4.835,5.5,2.5,-1.6394,50.5,13.2
2014-03-27,2.922,2.8367,3.0995,3.826,4.1481,4.335,4.5109,2.658,4.812,4.938,5.5,2.5,-1.6394,50.5,13.2
2014-03-28,2.9347,2.8367,3.1095,3.8171,4.1774,4.3399,4.5104,2.75,4.168,4.769,5.5,2.5,-1.6394,50.5,13.2
2014-03-31,2.9172,2.8233,3.0901,3.8261,4.1595,4.3301,4.5004,2.8,4.184,4.617,5.5,2.0,-2.0182,50.2,13.3
2014-04-01,2.9125,2.8483,3.0892,3.863,4.1619,4.3539,4.4954,2.866,4.205,4.6,5.5,2.0,-2.0182,50.2,13.3
2014-04-02,2.9325,2.9183,3.0892,3.8641,4.1648,4.3639,4.4904,2.95,4.225,4.6,5.5,2.0,-2.0182,50.2,13.3
2014-04-03,2.9625,2.9982,3.0851,3.9017,4.1943,4.3886,4.4904,2.95,4.103,4.6,5.5,2.0,-2.0182,50.2,13.3
2014-04-04,2.9705,3.0482,3.1158,3.9324,4.2057,4.4036,4.4904,2.763,2.997,4.597,5.5,2.0,-2.0182,50.2,13.3
2014-04-08,3.0042,3.0493,3.1759,3.9373,4.1873,4.3945,4.4499,2.713,3.591,4.437,5.5,2.0,-2.0182,50.2,13.3
2014-04-09,3.0047,3.1128,3.2659,3.9873,4.1941,4.3801,4.4771,2.74,3.67,4.401,5.5,2.0,-2.0182,50.2,13.3
2014-04-10,3.0593,3.1916,3.3147,4.042,4.1913,4.3611,4.4571,2.74,3.708,4.375,5.5,2.0,-2.0182,50.2,13.3
2014-04-11,3.1243,3.2416,3.5647,4.0213,4.1673,4.3502,4.4521,2.75,3.701,4.209,5.5,2.0,-2.0182,50.2,13.3
2014-04-14,3.0849,3.2036,3.5574,4.0231,4.1587,4.3152,4.4248,2.639,3.57,4.165,5.5,2.0,-2.0182,50.2,13.3
2014-04-15,3.0549,3.2212,3.5374,4.025,4.1606,4.3101,4.4001,2.449,3.444,4.102,5.5,2.0,-2.0182,50.2,13.3
2014-04-16,3.0327,3.223,3.5174,4.026,4.1454,4.3003,4.3601,2.298,2.726,4.085,5.5,2.0,-2.0182,50.2,13.3
2014-04-17,2.8704,3.0959,3.4003,3.942,4.0624,4.2251,4.2749,2.181,2.721,4.06,5.5,2.0,-2.0182,50.2,13.3
2014-04-18,2.9404,3.2212,3.5003,3.921,4.0821,4.2253,4.2997,2.0,2.761,3.93,5.5,2.0,-2.0182,50.2,13.3
2014-04-21,2.9704,3.1599,3.6059,3.9246,4.0843,4.2404,4.2997,1.98,2.713,3.767,5.5,2.0,-2.0182,50.2,13.3
2014-04-22,3.0204,3.16,3.5786,3.9254,4.067,4.2404,4.2997,1.9262,3.029,3.808,5.5,2.0,-2.0182,50.2,13.3
2014-04-23,3.0604,3.2641,3.581,3.9458,4.0614,4.2504,4.3297,1.963,3.08,3.9511,5.5,2.0,-2.0182,50.2,13.3
2014-04-24,3.0914,3.2866,3.6141,3.9686,4.0314,4.2407,4.3394,2.303,3.521,4.32,5.5,2.0,-2.0182,50.2,13.3
2014-04-25,3.1404,3.3678,3.5944,3.9362,4.0209,4.2557,4.3294,2.31,3.503,4.286,5.49,2.0,-2.0182,50.2,13.3
2014-04-28,3.1246,3.3445,3.5957,3.9462,4.0068,4.2508,4.3301,2.406,4.025,4.6,5.4982,2.0,-2.0182,50.2,13.3
2014-04-29,3.1264,3.3471,3.5808,3.9589,4.0053,4.2508,4.3202,2.604,4.0738,4.593,5.5,2.0,-2.0182,50.2,13.3
2014-04-30,3.0979,3.3596,3.5774,3.9541,4.0353,4.2408,4.3002,2.5,4.134,4.604,5.495,2.4,-2.3022,50.3,12.1
2014-05-04,3.0979,3.3355,3.5562,3.9435,4.0806,4.2408,4.2902,2.4,3.683,4.5,5.482,2.4,-2.3022,50.3,12.1
2014-05-05,3.1179,3.3378,3.5613,3.9611,4.0956,4.2361,4.3002,2.37,3.14,4.058,5.4655,2.4,-2.3022,50.3,12.1
2014-05-06,3.105,3.3251,3.5509,3.977,4.0758,4.2109,4.2803,2.37,3.092,3.941,5.4474,2.4,-2.3022,50.3,12.1
2014-05-07,3.1081,3.3179,3.5267,3.9765,4.0657,4.2059,4.2803,2.37,3.1125,3.882,5.4167,2.4,-2.3022,50.3,12.1
2014-05-08,3.0942,3.3421,3.497,3.9304,4.0307,4.1509,4.2303,2.23,3.204,3.79,5.3992,2.4,-2.3022,50.3,12.1
2014-05-09,3.0442,3.3416,3.4687,3.9039,3.991,4.0548,4.1205,2.2205,3.194,3.773,5.3909,2.4,-2.3022,50.3,12.1
2014-05-12,2.9942,3.348,3.4974,3.9291,3.991,4.0698,4.1205,2.2135,3.18,3.66,5.3764,2.4,-2.3022,50.3,12.1
2014-05-13,2.9512,3.3626,3.5024,3.933,3.9997,4.084,4.1505,2.35,3.181,3.617,5.3414,2.4,-2.3022,50.3,12.1
2014-05-14,3.0012,3.4019,3.5132,3.9464,4.0424,4.084,4.1704,2.3666,3.236,3.5675,5.3198,2.4,-2.3022,50.3,12.1
2014-05-15,3.0312,3.4031,3.5126,3.9564,4.0322,4.1152,4.1915,2.35,3.1355,3.651,5.2665,2.4,-2.3022,50.3,12.1
2014-05-16,3.0429,3.4137,3.5139,3.9664,4.0424,4.1259,4.1919,2.37,3.129,3.69,5.2418,2.4,-2.3022,50.3,12.1
2014-05-19,3.0629,3.3837,3.4882,3.9474,4.0472,4.1054,4.1708,2.396,3.1,3.736,5.2142,2.4,-2.3022,50.3,12.1
2014-05-20,3.0937,3.4107,3.5036,3.9644,4.0427,4.1056,4.177,2.427,3.361,4.095,5.1772,2.4,-2.3022,50.3,12.1
2014-05-21,3.0937,3.2495,3.5037,3.9599,4.0425,4.1056,4.177,2.528,3.353,4.2,5.1215,2.4,-2.3022,50.3,12.1
2014-05-22,3.0937,3.1913,3.4682,3.9419,4.0212,4.1058,4.177,2.51,3.419,4.203,5.0935,2.4,-2.3022,50.3,12.1
2014-05-23,3.0576,3.1529,3.4584,3.945,4.011,4.0948,4.1574,2.53,3.405,4.0685,5.0675,2.4,-2.3022,50.3,12.1
2014-05-26,3.0576,3.1726,3.4562,3.946,4.0011,4.0996,4.1674,2.5025,3.195,4.1,5.0413,2.4,-2.3022,50.3,12.1
2014-05-27,3.024,3.1752,3.3587,3.9258,4.0018,4.0962,4.1574,2.541,3.247,4.0,5.0197,2.4,-2.3022,50.3,12.1
2014-05-28,2.999,3.1552,3.3732,3.8899,3.9618,4.0684,4.1457,2.51,3.2,3.94,4.9768,2.4,-2.3022,50.3,12.1
2014-05-29,2.969,3.1152,3.3589,3.8846,3.9459,4.0375,4.1159,2.51,3.215,3.877,4.9418,2.4,-2.3022,50.3,12.1
2014-05-30,2.919,3.099,3.3589,3.8622,3.9339,4.0072,4.0714,2.57,3.23,3.861,4.925,2.4,-2.3022,50.3,12.1
2014-06-03,2.8737,3.0791,3.3139,3.7859,3.8628,3.9821,4.0214,2.521,3.18,3.716,4.883,1.80138144,-2.0042,50.4,13.2
2014-06-04,2.8737,3.058,3.2339,3.7451,3.8542,3.9376,4.0114,2.561,3.152,3.931,4.855,1.80138144,-2.0042,50.4,13.2
2014-06-05,2.8237,3.008,3.1739,3.7545,3.8648,3.9846,4.0314,2.576,3.07,3.878,4.8393,1.80138144,-2.0042,50.4,13.2
2014-06-06,2.8737,3.0247,3.1939,3.7643,3.8854,3.9799,4.0614,2.5808,3.15,3.984,4.8259,1.80138144,-2.0042,50.4,13.2
2014-06-09,2.9137,3.0171,3.1739,3.7543,3.8863,3.9803,4.0714,2.58,3.13,4.161,4.8181,1.80138144,-2.0042,50.4,13.2
2014-06-10,2.9137,2.9824,3.1489,3.7341,3.8452,3.9605,4.0614,2.57,3.13,4.159,4.8095,1.80138144,-2.0042,50.4,13.2
2014-06-11,2.9137,3.033,3.2489,3.7242,3.8295,3.9623,4.0614,2.592,3.15,4.381,4.7941,1.80138144,-2.0042,50.4,13.2
2014-06-12,2.8937,3.0116,3.3289,3.7153,3.8363,3.9624,4.064,2.597,3.154,4.719,4.7862,1.80138144,-2.0042,50.4,13.2
2014-06-13,2.9136,3.0458,3.3489,3.7475,3.867,3.9862,4.084,2.6,3.04,4.814,4.7794,1.80138144,-2.0042,50.4,13.2
2014-06-16,2.9136,3.0458,3.3298,3.7072,3.8429,3.965,4.064,2.6,3.006,5.058,4.7777,1.80138144,-2.0042,50.4,13.2
2014-06-17,2.9636,3.0958,3.3498,3.7372,3.8359,3.9648,4.054,2.6,3.031,4.941,4.7825,1.80138144,-2.0042,50.4,13.2
2014-06-18,3.0298,3.1535,3.3898,3.7522,3.8459,3.9697,4.054,2.639,3.074,4.972,4.7767,1.80138144,-2.0042,50.4,13.2
2014-06-19,3.1298,3.2035,3.4123,3.731,3.8491,3.9819,4.0408,2.698,3.093,5.233,4.7692,1.80138144,-2.0042,50.4,13.2
2014-06-20,3.2113,3.2135,3.4039,3.7264,3.8364,3.9599,4.0515,2.759,3.402,5.435,4.7751,1.80138144,-2.0042,50.4,13.2
2014-06-23,3.2513,3.2513,3.3788,3.7376,3.8517,3.9586,4.0515,2.755,3.448,5.526,4.7761,1.80138144,-2.0042,50.4,13.2
2014-06-24,3.2162,3.2163,3.3805,3.7379,3.831,3.9608,4.0515,2.971,3.483,5.638,4.7679,1.80138144,-2.0042,50.4,13.2
2014-06-25,3.2462,3.2463,3.3901,3.7313,3.8261,3.961,4.0557,2.995,3.464,5.492,4.7582,1.80138144,-2.0042,50.4,13.2
2014-06-26,3.1962,3.2063,3.3615,3.7355,3.8362,3.973,4.0472,2.974,3.552,5.035,4.7478,1.80138144,-2.0042,50.4,13.2
2014-06-27,3.1802,3.1963,3.364,3.7408,3.8368,3.9795,4.0485,2.885,3.781,5.012,4.7482,1.80138144,-2.0042,50.4,13.2
2014-06-30,3.1555,3.1771,3.3814,3.7822,3.844,3.9856,4.0612,2.913,3.867,5.004,4.7499,2.5,-1.4464,50.8,13.4
2014-07-01,3.1716,3.1871,3.405,3.8068,3.8528,4.0213,4.0812,3.017,4.421,5.001,4.7499,2.5,-1.4464,50.8,13.4
2014-07-02,3.1816,3.2071,3.4561,3.8562,3.903,4.0777,4.1212,3.02,3.927,4.891,4.75,2.5,-1.4464,50.8,13.4
2014-07-03,3.2016,3.2271,3.4656,3.8873,3.9327,4.0937,4.1503,2.96,3.393,4.132,4.75,2.5,-1.4464,50.8,13.4
2014-07-04,3.2095,3.2271,3.4506,3.9007,3.954,4.0916,4.1747,2.94,3.42,4.063,4.75,2.5,-1.4464,50.8,13.4
2014-07-07,3.1595,3.1783,3.4441,3.8669,3.941,4.0703,4.1212,2.952,3.421,4.047,4.7495,2.5,-1.4464,50.8,13.4
2014-07-08,3.1097,3.1772,3.4326,3.8527,3.954,4.0845,4.1162,3.253,3.52,4.046,4.75,2.5,-1.4464,50.8,13.4
2014-07-09,3.1183,3.2272,3.4839,3.8556,3.9477,4.0829,4.1276,3.351,3.736,4.1,4.749,2.5,-1.4464,50.8,13.4
2014-07-10,3.1683,3.2172,3.5115,3.858,3.9529,4.0918,4.1298,3.3,3.711,4.1545,4.7438,2.5,-1.4464,50.8,13.4
2014-07-11,3.1783,3.2172,3.5115,3.8631,3.9578,4.0811,4.1198,3.285,3.723,4.163,4.7423,2.5,-1.4464,50.8,13.4
2014-07-14,3.1683,3.2472,3.5196,3.8821,3.9623,4.09,4.1298,3.255,3.7035,4.313,4.7461,2.5,-1.4464,50.8,13.4
2014-07-15,3.2263,3.2972,3.5893,3.8822,3.9786,4.1304,4.1571,3.218,3.646,4.417,4.7485,2.5,-1.4464,50.8,13.4
2014-07-16,3.2883,3.3672,3.7277,3.9301,4.0154,4.1714,4.2171,3.2472,3.65,4.492,4.7487,2.5,-1.4464,50.8,13.4
2014-07-17,3.2892,3.409,3.7771,3.9695,4.0667,4.2215,4.267,3.2465,3.641,4.588,4.7448,2.5,-1.4464,50.8,13.4
2014-07-18,3.3792,3.4769,3.8653,3.9768,4.0767,4.2281,4.3019,3.245,3.651,4.73,4.7467,2.5,-1.4464,50.8,13.4
2014-07-21,3.405,3.499,3.8088,3.9196,4.055,4.2238,4.3017,3.318,3.694,5.03,4.7467,2.5,-1.4464,50.8,13.4
2014-07-22,3.425,3.4798,3.7799,3.9344,4.055,4.1929,4.2717,3.253,3.848,5.115,4.7465,2.5,-1.4464,50.8,13.4
2014-07-23,3.455,3.5098,3.7794,3.919,4.0292,4.2053,4.2967,3.295,4.202,5.271,4.7525,2.5,-1.4464,50.8,13.4
2014-07-24,3.455,3.5098,3.7369,3.9112,4.0347,4.2055,4.2967,3.313,4.101,5.278,4.7465,2.5,-1.4464,50.8,13.4
2014-07-25,3.495,3.6098,3.7238,3.8954,4.0202,4.1929,4.2711,3.348,4.081,4.95,4.7465,2.5,-1.4464,50.8,13.4
2014-07-28,3.495,3.6098,3.7274,3.8954,4.0157,4.192,4.2713,3.304,4.013,4.398,4.7465,2.5,-1.4464,50.8,13.4
2014-07-29,3.565,3.7098,3.7576,3.9181,4.0244,4.1921,4.2805,3.2503,3.907,4.141,4.739,2.5,-1.4464,50.8,13.4
2014-07-30,3.5832,3.7448,3.7576,3.9337,4.0285,4.2025,4.2905,3.2502,3.914,4.144,4.7316,2.5,-1.4464,50.8,13.4
2014-07-31,3.5832,3.7248,3.738,3.9286,4.0014,4.1778,4.2655,3.204,3.98,4.2,4.7215,2.3,-1.1086,51.0,14.7
2014-08-01,3.6132,3.7548,3.7231,3.9323,3.9957,4.1672,4.2569,3.196,3.907,4.21,4.7149,2.3,-1.1086,51.0,14.7
2014-08-04,3.6029,3.7306,3.7131,3.9228,3.9859,4.1583,4.253,3.182,3.842,4.105,4.7081,2.3,-1.1086,51.0,14.7
2014-08-05,3.5752,3.7306,3.7165,3.9216,3.9759,4.1693,4.2576,3.145,3.738,4.056,4.7049,2.3,-1.1086,51.0,14.7
2014-08-06,3.5252,3.7037,3.7112,3.9227,3.9821,4.1693,4.2463,3.051,3.559,4.104,4.6982,2.3,-1.1086,51.0,14.7
2014-08-07,3.5252,3.7337,3.7014,3.9352,3.9771,4.185,4.2563,3.04,3.511,4.161,4.6941,2.3,-1.1086,51.0,14.7
2014-08-08,3.5281,3.7637,3.703,3.907,3.9807,4.1854,4.2712,3.001,3.457,4.101,4.6921,2.3,-1.1086,51.0,14.7
2014-08-11,3.5134,3.7637,3.728,3.928,3.9809,4.1893,4.2815,2.955,3.42,4.166,4.6916,2.3,-1.1086,51.0,14.7
2014-08-12,3.4782,3.7637,3.748,3.9491,3.9724,4.2107,4.2815,2.916,3.39,4.154,4.6905,2.3,-1.1086,51.0,14.7
2014-08-13,3.5011,3.7637,3.7924,3.9336,3.9655,4.1899,4.255,2.892,3.36,4.22,4.6882,2.3,-1.1086,51.0,14.7
2014-08-14,3.4609,3.7374,3.7766,3.897,3.9369,4.1445,4.21,2.888,3.353,4.233,4.6834,2.3,-1.1086,51.0,14.7
2014-08-15,3.5109,3.7374,3.7443,3.9147,3.9625,4.1411,4.2002,2.889,3.346,4.174,4.6811,2.3,-1.1086,51.0,14.7
2014-08-18,3.5109,3.7524,3.7474,3.9274,3.9465,4.1632,4.2153,2.858,3.276,4.31,4.6805,2.3,-1.1086,51.0,14.7
2014-08-19,3.4909,3.7381,3.7434,3.9432,3.9939,4.1821,4.2422,2.835,3.237,4.363,4.6791,2.3,-1.1086,51.0,14.7
2014-08-20,3.5003,3.7432,3.7834,3.9551,4.013,4.192,4.2523,2.833,3.246,4.286,4.6804,2.3,-1.1086,51.0,14.7
2014-08-21,3.5303,3.7432,3.8049,3.9378,4.0059,4.1822,4.2512,2.848,3.312,4.238,4.6786,2.3,-1.1086,51.0,14.7
2014-08-22,3.5503,3.8432,3.8121,3.9406,4.0055,4.1824,4.256,2.843,3.369,4.2039,4.6764,2.3,-1.1086,51.0,14.7
2014-08-25,3.5803,3.8432,3.8148,3.9471,4.0157,4.1773,4.2524,2.841,3.363,4.199,4.6758,2.3,-1.1086,51.0,14.7
2014-08-26,3.5603,3.8222,3.8276,3.9734,4.017,4.1716,4.2462,2.823,3.318,4.2,4.6695,2.3,-1.1086,51.0,14.7
2014-08-27,3.5103,3.8222,3.807,3.9373,3.9991,4.1359,4.231,2.861,3.349,4.178,4.668,2.3,-1.1086,51.0,14.7
2014-08-28,3.5403,3.8422,3.7973,3.9387,3.9778,4.1427,4.2254,2.876,3.538,4.133,4.6689,2.3,-1.1086,51.0,14.7
2014-08-29,3.5117,3.8722,3.8103,3.9555,3.9709,4.1542,4.2361,2.908,3.672,4.114,4.6659,2.3,-1.1086,51.0,14.7
2014-09-01,3.4881,3.8291,3.8041,3.9533,3.9725,4.1656,4.2405,2.906,3.584,4.057,4.6665,2.3,-0.8688,51.7,13.5
2014-09-02,3.5181,3.8202,3.7937,3.9497,3.9728,4.1608,4.249,2.847,3.51,4.096,4.6654,2.3,-0.8688,51.7,13.5
2014-09-03,3.5481,3.7664,3.8193,3.9616,3.9892,4.1867,4.264,2.824,3.391,4.033,4.6652,2.3,-0.8688,51.7,13.5
2014-09-04,3.5322,3.7519,3.8022,3.9664,3.9825,4.1875,4.2814,2.815,3.275,3.97,4.6632,2.3,-0.8688,51.7,13.5
2014-09-05,3.5122,3.7319,3.7808,3.9644,3.9829,4.2013,4.2928,2.807,3.188,3.965,4.6539,2.3,-0.8688,51.7,13.5
2014-09-09,3.5119,3.7219,3.7948,3.976,3.9835,4.2066,4.2868,2.816,3.152,3.93,4.6522,2.3,-0.8688,51.7,13.5
2014-09-10,3.5504,3.7719,3.7904,4.0137,4.031,4.2105,4.2934,2.839,3.161,3.892,4.6495,2.3,-0.8688,51.7,13.5
2014-09-11,3.5604,3.7619,3.8059,4.0168,4.0399,4.2173,4.2937,2.859,3.203,3.906,4.642,2.3,-0.8688,51.7,13.5
2014-09-12,3.5839,3.815,3.8225,4.0112,4.0267,4.21,4.2793,2.853,3.235,3.992,4.6421,2.3,-0.8688,51.7,13.5
2014-09-15,3.5939,3.865,3.8024,3.9912,4.0021,4.1907,4.2597,2.851,3.244,4.008,4.6393,2.3,-0.8688,51.7,13.5
2014-09-16,3.6033,3.905,3.8284,3.9996,4.0178,4.2009,4.2634,2.853,3.25,4.014,4.6349,2.3,-0.8688,51.7,13.5
2014-09-17,3.5433,3.8116,3.7924,3.9702,3.9921,4.1552,4.2008,2.847,3.287,4.06,4.6296,2.3,-0.8688,51.7,13.5
2014-09-18,3.5633,3.8229,3.7675,3.9006,3.9544,4.0802,4.1438,2.841,3.3,4.18,4.6206,2.3,-0.8688,51.7,13.5
2014-09-19,3.5633,3.8129,3.7733,3.8412,3.9052,4.01,4.031,2.84,3.3,4.31,4.607,2.3,-0.8688,51.7,13.5
2014-09-22,3.5633,3.8038,3.7929,3.8304,3.918,3.9801,4.011,2.797,3.198,4.277,4.5986,2.3,-0.8688,51.7,13.5
2014-09-23,3.5912,3.8038,3.7637,3.8302,3.9,3.9826,3.9911,2.716,3.111,4.098,4.587,2.3,-0.8688,51.7,13.5
2014-09-24,3.6412,3.7829,3.7819,3.871,3.9363,4.0189,4.0425,2.691,3.142,4.0,4.5741,2.3,-0.8688,51.7,13.5
2014-09-25,3.6412,3.7606,3.7521,3.8613,3.9226,3.9918,4.0025,2.677,3.255,3.998,4.562,2.3,-0.8688,51.7,13.5
2014-09-26,3.6612,3.7984,3.7462,3.8617,3.9228,3.9918,4.0092,2.678,3.301,4.012,4.5565,2.3,-0.8688,51.7,13.5
2014-09-28,3.6712,3.8084,3.7401,3.8456,3.9328,3.9949,4.0227,2.658,3.073,4.057,4.5528,2.3,-0.8688,51.7,13.5
2014-09-29,3.6712,3.8084,3.7511,3.8256,3.9204,3.955,3.9925,2.543,2.905,4.006,4.55,2.3,-0.8688,51.7,13.5
2014-09-30,3.6612,3.7984,3.7401,3.8121,3.9098,3.9398,3.9824,2.5325,2.874,3.998,4.5445,2.0,-1.2038,51.1,12.8
2014-10-08,3.686,3.7884,3.7408,3.8206,3.9098,3.9628,3.993,2.54,2.903,3.9905,4.544,2.0,-1.2038,51.1,12.8
2014-10-09,3.6892,3.7684,3.7409,3.8205,3.9146,3.9914,4.0014,2.5623,2.986,3.984,4.5394,2.0,-1.2038,51.1,12.8
2014-10-10,3.7021,3.7693,3.7358,3.8182,3.9148,3.9888,4.0131,2.5665,2.99,3.93,4.535,2.0,-1.2038,51.1,12.8
2014-10-11,3.6918,3.7421,3.7262,3.8059,3.8894,3.984,3.9965,2.544,2.999,3.909,4.5364,2.0,-1.2038,51.1,12.8
2014-10-13,3.6939,3.7384,3.721,3.7809,3.8814,3.9676,3.9953,2.536,3.004,3.881,4.5352,2.0,-1.2038,51.1,12.8
2014-10-14,3.5939,3.6747,3.6716,3.7013,3.7689,3.8608,3.9015,2.538,3.005,3.872,4.5346,2.0,-1.2038,51.1,12.8
2014-10-15,3.5659,3.6002,3.6355,3.6413,3.7153,3.8066,3.8215,2.498,2.98,3.8648,4.5255,2.0,-1.2038,51.1,12.8
2014-10-16,3.5859,3.6002,3.5672,3.6111,3.6903,3.7955,3.8116,2.474,2.969,3.842,4.5208,2.0,-1.2038,51.1,12.8
2014-10-17,3.5488,3.5802,3.5385,3.6002,3.6139,3.7835,3.811,2.461,2.95,3.833,4.5148,2.0,-1.2038,51.1,12.8
2014-10-20,3.5356,3.5502,3.501,3.5316,3.5879,3.7148,3.7441,2.428,2.936,3.809,4.5052,2.0,-1.2038,51.1,12.8
2014-10-21,3.4956,3.4975,3.4849,3.5114,3.5524,3.7121,3.7323,2.415,2.921,3.858,4.4978,2.0,-1.2038,51.1,12.8
2014-10-22,3.4468,3.4564,3.4851,3.5317,3.5539,3.7692,3.7929,2.419,2.932,3.877,4.491,2.0,-1.2038,51.1,12.8
2014-10-23,3.4527,3.4587,3.4764,3.5328,3.5662,3.7824,3.8108,2.423,2.945,3.8789,4.4825,2.0,-1.2038,51.1,12.8
2014-10-24,3.4142,3.4153,3.4966,3.512,3.5768,3.769,3.8013,2.4452,3.025,3.846,4.4685,2.0,-1.2038,51.1,12.8
2014-10-27,3.4833,3.4853,3.4516,3.5248,3.5868,3.7542,3.7756,2.4822,3.0522,3.8322,4.466,2.0,-1.2038,51.1,12.8
2014-10-28,3.4542,3.4366,3.4163,3.4954,3.5519,3.7286,3.7424,2.491,3.059,3.902,4.4502,2.0,-1.2038,51.1,12.8
2014-10-29,3.4043,3.3766,3.4024,3.4545,3.55,3.7007,3.7176,2.518,3.14,3.932,4.4503,2.0,-1.2038,51.1,12.8
2014-10-30,3.4043,3.3606,3.381,3.4558,3.5571,3.7265,3.7688,2.554,3.1915,3.993,4.4495,2.0,-1.2038,51.1,12.8
2014-10-31,3.3819,3.3543,3.3555,3.4376,3.5571,3.7309,3.7559,2.559,3.2,3.991,4.4472,1.6,-1.7996,51.1,12.9
2014-11-03,3.3504,3.3043,3.2953,3.3772,3.5101,3.6717,3.7007,2.548,3.186,3.915,4.4407,1.6,-1.7996,51.1,12.9
2014-11-04,3.302,3.27,3.2426,3.3277,3.4895,3.6016,3.6412,2.542,3.198,3.897,4.4358,1.6,-1.7996,51.1,12.9
2014-11-05,3.252,3.25,3.2463,3.317,3.4563,3.5618,3.6117,2.542,3.171,3.883,4.4234,1.6,-1.7996,51.1,12.9
2014-11-06,3.252,3.2386,3.2329,3.3335,3.4664,3.5644,3.6223,2.558,3.118,3.897,4.403,1.6,-1.7996,51.1,12.9
2014-11-07,3.267,3.2647,3.1972,3.2791,3.4017,3.5,3.5631,2.569,3.101,3.895,4.3813,1.6,-1.7996,51.1,12.9
2014-11-10,3.2443,3.2364,3.18,3.2428,3.3518,3.4421,3.5132,2.539,3.099,3.917,4.3659,1.6,-1.7996,51.1,12.9
2014-11-11,3.2175,3.2302,3.1555,3.227,3.3217,3.4326,3.4981,2.493,3.074,3.9008,4.351,1.6,-1.7996,51.1,12.9
2014-11-12,3.157,3.2085,3.1515,3.2308,3.3728,3.5033,3.556,2.483,3.0693,3.856,4.288,1.6,-1.7996,51.1,12.9
2014-11-13,3.137,3.1693,3.1517,3.274,3.4229,3.5328,3.5924,2.473,3.073,3.868,4.25,1.6,-1.7996,51.1,12.9
2014-11-14,3.1786,3.1997,3.1544,3.2945,3.4638,3.5989,3.6466,2.486,3.078,3.893,4.233,1.6,-1.7996,51.1,12.9
2014-11-17,3.1986,3.2,3.1692,3.3416,3.4937,3.6335,3.6609,2.509,3.079,3.888,4.209,1.6,-1.7996,51.1,12.9
2014-11-18,3.1986,3.1801,3.1522,3.3204,3.4637,3.5649,3.607,2.503,3.07,3.877,4.193,1.6,-1.7996,51.1,12.9
2014-11-19,3.2086,3.2105,3.1522,3.3576,3.4318,3.5807,3.6154,2.504,3.074,3.93,4.1802,1.6,-1.7996,51.1,12.9
2014-11-20,3.234,3.2254,3.2121,3.3688,3.4833,3.6088,3.6521,2.539,3.117,4.051,4.1771,1.6,-1.7996,51.1,12.9
2014-11-21,3.2671,3.3001,3.2686,3.3831,3.5141,3.6235,3.6514,2.586,3.218,4.064,4.1758,1.6,-1.7996,51.1,12.9
2014-11-24,3.158,3.1521,3.1325,3.2846,3.3727,3.4428,3.4767,2.554,3.223,4.019,4.145,1.6,-1.7996,51.1,12.9
2014-11-25,3.1197,3.1141,3.0041,3.2845,3.3802,3.4954,3.5216,2.559,3.276,4.112,4.1562,1.6,-1.7996,51.1,12.9
2014-11-26,3.1197,3.0741,3.0302,3.2725,3.4002,3.477,3.5228,2.573,3.274,4.101,4.163,1.6,-1.7996,51.1,12.9
2014-11-27,3.057,3.0399,3.0302,3.2868,3.4139,3.4616,3.5243,2.584,3.29,4.148,4.1695,1.6,-1.7996,51.1,12.9
2014-11-28,3.1082,3.0511,3.0347,3.2913,3.4036,3.4521,3.5249,2.608,3.322,4.114,4.1695,1.6,-1.7996,51.1,12.9
2014-12-01,3.1095,3.0329,3.0243,3.2689,3.3946,3.4497,3.5145,2.646,3.354,4.178,4.1751,1.60114868,-2.2428,50.8,12.6
2014-12-02,3.1295,3.0583,3.0443,3.2873,3.4655,3.4908,3.5553,2.643,3.389,4.195,4.183,1.60114868,-2.2428,50.8,12.6
2014-12-03,3.1295,3.0676,3.0643,3.3355,3.5372,3.5754,3.6238,2.634,3.413,4.197,4.193,1.60114868,-2.2428,50.8,12.6
2014-12-04,3.1296,3.067,3.0557,3.3833,3.5729,3.6517,3.6633,2.632,3.402,4.1989,4.1952,1.60114868,-2.2428,50.8,12.6
2014-12-05,3.1896,3.1833,3.1431,3.4337,3.6549,3.7628,3.7759,2.628,3.39,4.218,4.2177,1.60114868,-2.2428,50.8,12.6
2014-12-08,3.2196,3.2215,3.1983,3.4731,3.7104,3.7667,3.7918,2.641,3.42,4.231,4.229,1.60114868,-2.2428,50.8,12.6
2014-12-09,3.3696,3.3497,3.3669,3.525,3.7094,3.7499,3.7532,2.64,3.43,4.295,4.236,1.60114868,-2.2428,50.8,12.6
2014-12-10,3.3002,3.3324,3.3769,3.4363,3.6101,3.7023,3.7111,2.643,3.456,4.372,4.248,1.60114868,-2.2428,50.8,12.6
2014-12-11,3.2693,3.25,3.3609,3.4355,3.6682,3.725,3.7282,2.646,3.506,4.468,4.316,1.60114868,-2.2428,50.8,12.6
2014-12-12,3.3101,3.2597,3.3326,3.4412,3.6658,3.7371,3.7513,2.651,3.587,4.573,4.3313,1.60114868,-2.2428,50.8,12.6
2014-12-15,3.3203,3.3175,3.3309,3.4603,3.6808,3.763,3.7815,2.654,3.605,4.6895,4.42,1.60114868,-2.2428,50.8,12.6
2014-12-16,3.3114,3.3017,3.3283,3.4171,3.6546,3.7229,3.7522,2.668,3.636,4.92,4.5652,1.60114868,-2.2428,50.8,12.6
2014-12-17,3.4214,3.4021,3.4383,3.4469,3.611,3.6953,3.7377,2.766,3.692,5.277,4.7355,1.60114868,-2.2428,50.8,12.6
2014-12-18,3.5816,3.4202,3.4999,3.4612,3.6102,3.6958,3.7614,3.13,4.025,5.447,4.876,1.60114868,-2.2428,50.8,12.6
2014-12-19,3.5416,3.4202,3.525,3.4807,3.5875,3.6548,3.7106,3.606,5.367,5.6855,5.001,1.60114868,-2.2428,50.8,12.6
2014-12-22,3.5037,3.3863,3.495,3.4557,3.5909,3.6676,3.703,3.702,5.782,5.984,5.1066,1.60114868,-2.2428,50.8,12.6
2014-12-23,3.4615,3.3907,3.4801,3.4129,3.575,3.6069,3.6604,3.667,5.653,6.13,5.1615,1.60114868,-2.2428,50.8,12.6
2014-12-24,3.4358,3.3607,3.4005,3.4048,3.5027,3.5698,3.5975,3.606,5.185,6.088,5.166,1.60114868,-2.2428,50.8,12.6
2014-12-25,3.3862,3.3015,3.3418,3.37,3.5259,3.5625,3.6305,3.549,5.005,6.029,5.155,1.60114868,-2.2428,50.8,12.6
2014-12-26,3.4162,3.2767,3.3189,3.4178,3.5357,3.5515,3.6339,3.486,4.815,5.957,5.1485,1.60114868,-2.2428,50.8,12.6
2014-12-29,3.3803,3.2508,3.273,3.3683,3.5308,3.5621,3.6213,3.415,4.714,5.654,5.1385,1.60114868,-2.2428,50.8,12.6
2014-12-30,3.3753,3.2313,3.2486,3.3653,3.5222,3.5947,3.6213,3.38,4.639,5.53,5.1398,1.60114868,-2.2428,50.8,12.6
2014-12-31,3.3322,3.207,3.2586,3.3631,3.5126,3.6055,3.6219,3.528,4.639,5.588,5.1351,1.4,-2.6928,50.3,12.3
2015-01-04,3.3351,3.2039,3.2537,3.3759,3.5221,3.5931,3.6285,3.64,4.883,5.629,5.138,1.4,-2.6928,50.3,12.3
2015-01-05,3.3551,3.2338,3.2314,3.3783,3.522,3.5955,3.6251,3.421,4.725,5.364,5.125,1.4,-2.6928,50.3,12.3
2015-01-06,3.3722,3.202,3.2189,3.3589,3.5238,3.596,3.6353,3.032,4.241,5.102,5.077,1.4,-2.6928,50.3,12.3
2015-01-07,3.3722,3.1822,3.1767,3.3255,3.5001,3.5876,3.6408,2.881,3.873,4.953,5.019,1.4,-2.6928,50.3,12.3
2015-01-08,3.3734,3.2022,3.189,3.3146,3.5199,3.5799,3.6415,2.83,3.745,4.803,4.963,1.4,-2.6928,50.3,12.3
2015-01-09,3.3534,3.2054,3.1787,3.3337,3.5212,3.5915,3.6348,2.805,3.738,4.781,4.925,1.4,-2.6928,50.3,12.3
2015-01-12,3.3634,3.2117,3.2146,3.3025,3.5217,3.5746,3.6371,2.753,3.762,4.782,4.9061,1.4,-2.6928,50.3,12.3
2015-01-13,3.3433,3.2123,3.2014,3.2681,3.4551,3.5301,3.5836,2.667,3.73,4.787,4.9055,1.4,-2.6928,50.3,12.3
2015-01-14,3.3433,3.218,3.2012,3.246,3.4379,3.4925,3.5411,2.636,3.837,4.799,4.898,1.4,-2.6928,50.3,12.3
2015-01-15,3.2933,3.2248,3.2059,3.2267,3.4575,3.4957,3.5464,2.631,3.843,4.797,4.894,1.4,-2.6928,50.3,12.3
2015-01-16,3.208,3.1601,3.2029,3.2248,3.4011,3.439,3.5017,2.633,3.848,4.793,4.889,1.4,-2.6928,50.3,12.3
2015-01-19,3.1906,3.1801,3.1887,3.2254,3.4013,3.4385,3.475,2.66,3.831,4.79,4.894,1.4,-2.6928,50.3,12.3
2015-01-20,3.2206,3.1776,3.1812,3.2166,3.399,3.4277,3.4711,2.707,3.782,4.8465,4.897,1.4,-2.6928,50.3,12.3
2015-01-21,3.2006,3.2028,3.1752,3.2161,3.382,3.4132,3.4672,2.788,3.823,4.943,4.9,1.4,-2.6928,50.3,12.3
2015-01-22,3.1606,3.1533,3.1652,3.2055,3.3651,3.3986,3.4521,2.771,3.875,4.989,4.9,1.4,-2.6928,50.3,12.3
2015-01-23,3.1706,3.1454,3.1606,3.196,3.3513,3.4002,3.452,2.728,4.028,5.028,4.901,1.4,-2.6928,50.3,12.3
2015-01-26,3.1428,3.128,3.1427,3.1534,3.3272,3.3645,3.4341,2.688,3.92,4.984,4.8935,1.4,-2.6928,50.3,12.3
2015-01-27,3.1428,3.1097,3.0817,3.1701,3.322,3.3979,3.4309,2.674,3.89,4.9658,4.897,1.4,-2.6928,50.3,12.3
2015-01-28,3.1147,3.1217,3.0955,3.1794,3.3806,3.4275,3.4767,2.69,3.898,4.9732,4.9005,1.4,-2.6928,50.3,12.3
2015-01-29,3.1547,3.1028,3.098,3.1927,3.4086,3.4502,3.4966,2.765,3.929,4.9885,4.907,1.4,-2.6928,50.3,12.3
2015-01-30,3.1847,3.1428,3.0963,3.2198,3.4117,3.4402,3.5019,2.813,4.026,5.01,4.914,1.4,-2.6928,50.3,12.3
2015-02-02,3.1947,3.1368,3.0832,3.2044,3.3753,3.4036,3.4729,2.889,4.257,5.048,4.9164,1.5,-3.3152,50.1,12.2
2015-02-03,3.2347,3.1567,3.0907,3.2033,3.3787,3.3901,3.4533,2.9544,4.3933,5.0667,4.9167,1.5,-3.3152,50.1,12.2
2015-02-04,3.1699,3.1542,3.0906,3.1788,3.3697,3.3851,3.4589,2.973,4.427,5.078,4.928,1.5,-3.3152,50.1,12.2
2015-02-05,3.1513,3.0543,3.0804,3.098,3.3384,3.368,3.4018,2.866,4.412,5.0502,4.916,1.5,-3.3152,50.1,12.2
2015-02-06,3.1513,3.0286,3.0912,3.1377,3.3498,3.3843,3.4325,2.856,4.359,5.043,4.908,1.5,-3.3152,50.1,12.2
2015-02-09,3.1228,3.0586,3.0856,3.1536,3.328,3.358,3.4236,2.812,4.335,5.025,4.904,1.5,-3.3152,50.1,12.2
2015-02-10,3.1516,3.1162,3.0932,3.1443,3.3277,3.3453,3.4299,2.852,4.321,5.031,4.899,1.5,-3.3152,50.1,12.2
2015-02-11,3.1516,3.0786,3.0928,3.1308,3.2856,3.2982,3.3955,2.932,4.42,5.044,4.9,1.5,-3.3152,50.1,12.2
2015-02-12,3.1388,3.0789,3.0872,3.1145,3.2509,3.2718,3.3865,3.058,4.602,5.055,4.901,1.5,-3.3152,50.1,12.2
2015-02-13,3.1088,3.0815,3.0859,3.0872,3.2167,3.2613,3.3552,3.091,4.663,5.064,4.9,1.5,-3.3152,50.1,12.2
2015-02-15,3.1135,3.052,3.0656,3.0733,3.2118,3.2413,3.3625,3.175,4.72,5.067,4.9,1.5,-3.3152,50.1,12.2
2015-02-16,3.0756,3.0182,3.0801,3.0588,3.1967,3.2206,3.3374,3.182,4.7,5.077,4.9,1.5,-3.3152,50.1,12.2
2015-02-17,3.0756,3.0182,3.0624,3.0948,3.1974,3.2314,3.3373,3.4,4.749,5.076,4.9,1.5,-3.3152,50.1,12.2
2015-02-25,3.0656,3.0014,3.0353,3.0764,3.1821,3.1983,3.349,3.328,4.768,5.08,4.9,1.5,-3.3152,50.1,12.2
2015-02-26,3.0491,2.9858,3.0353,3.0762,3.1934,3.2258,3.3594,3.298,4.717,5.0828,4.9,1.5,-3.3152,50.1,12.2
2015-02-27,3.0691,3.0531,3.0438,3.1142,3.2128,3.2412,3.3745,3.318,4.715,5.0832,4.9,1.5,-3.3152,50.1,12.2
2015-02-28,3.0991,3.0731,3.0396,3.1311,3.2164,3.2257,3.3602,3.441,4.772,5.0833,4.9,0.8,-4.3202,49.8,10.8
2015-03-02,3.0811,3.0231,3.0488,3.1428,3.233,3.2745,3.3883,3.453,4.748,5.069,4.898,0.8,-4.3202,49.8,10.8
2015-03-03,3.0511,3.0233,3.0341,3.1364,3.2541,3.3022,3.4022,3.45,4.747,5.067,4.8979,0.8,-4.3202,49.8,10.8
2015-03-04,3.0811,3.0229,3.0291,3.1524,3.2406,3.2926,3.3869,3.446,4.717,5.066,4.8959,0.8,-4.3202,49.8,10.8
2015-03-05,3.0811,3.0624,3.0518,3.1961,3.2882,3.3427,3.4369,3.433,4.729,5.064,4.896,0.8,-4.3202,49.8,10.8
2015-03-06,3.1061,3.0911,3.0576,3.2515,3.3015,3.3425,3.4753,3.416,4.739,5.06,4.8978,0.8,-4.3202,49.8,10.8
2015-03-09,3.191,3.1325,3.0787,3.2563,3.3327,3.3962,3.4922,3.381,4.773,5.058,4.8979,0.8,-4.3202,49.8,10.8
2015-03-10,3.1942,3.1288,3.0812,3.2711,3.3269,3.3624,3.5228,3.35,4.763,5.055,4.8988,0.8,-4.3202,49.8,10.8
2015-03-11,3.1763,3.123,3.0615,3.2085,3.2969,3.3161,3.4466,3.347,4.773,5.0518,4.9,0.8,-4.3202,49.8,10.8
2015-03-12,3.1469,3.1182,3.0495,3.2016,3.2825,3.2961,3.4412,3.4644,4.7511,5.0511,4.9,0.8,-4.3202,49.8,10.8
2015-03-13,3.1676,3.1261,3.0944,3.226,3.3305,3.3411,3.4879,3.436,4.738,5.052,4.9,0.8,-4.3202,49.8,10.8
2015-03-16,3.1496,3.1198,3.0944,3.2356,3.3397,3.383,3.5301,3.403,4.708,5.045,4.905,0.8,-4.3202,49.8,10.8
2015-03-17,3.1496,3.1224,3.1142,3.2207,3.3201,3.3902,3.5428,3.376,4.62,5.04,4.905,0.8,-4.3202,49.8,10.8
2015-03-18,3.1303,3.1282,3.1042,3.2332,3.3404,3.4101,3.5519,3.369,4.602,5.035,4.906,0.8,-4.3202,49.8,10.8
2015-03-19,3.1192,3.1429,3.0992,3.2267,3.3357,3.4051,3.5348,3.332,4.496,5.034,4.904,0.8,-4.3202,49.8,10.8
2015-03-20,3.1192,3.1327,3.102,3.2157,3.2943,3.371,3.4958,3.294,4.331,5.031,4.902,0.8,-4.3202,49.8,10.8
2015-03-23,3.1424,3.133,3.1032,3.2458,3.3029,3.3976,3.4933,3.217,4.143,5.029,4.899,0.8,-4.3202,49.8,10.8
2015-03-24,3.1374,3.1063,3.1031,3.2487,3.3086,3.4079,3.4841,3.218,4.033,5.02,4.898,0.8,-4.3202,49.8,10.8
2015-03-25,3.1574,3.1285,3.1183,3.2367,3.3254,3.4066,3.5037,3.21,3.955,5.018,4.8975,0.8,-4.3202,49.8,10.8
2015-03-26,3.2063,3.1942,3.1483,3.2376,3.3799,3.4934,3.544,3.216,3.897,5.016,4.8975,0.8,-4.3202,49.8,10.8
2015-03-27,3.2736,3.1685,3.1833,3.2466,3.4271,3.4838,3.5678,3.206,3.893,5.016,4.8975,0.8,-4.3202,49.8,10.8
2015-03-30,3.2936,3.1656,3.1833,3.2766,3.4526,3.532,3.5849,3.203,3.919,5.013,4.8975,0.8,-4.3202,49.8,10.8
2015-03-31,3.2673,3.1724,3.2236,3.3066,3.4625,3.6047,3.6483,3.183,3.886,5.009,4.8975,1.4,-4.7976,49.9,12.5
2015-04-01,3.2267,3.1127,3.2186,3.2917,3.4525,3.5475,3.5997,3.087,3.754,4.998,4.8975,1.4,-4.7976,49.9,12.5
2015-04-02,3.137,3.1021,3.1743,3.2609,3.4113,3.502,3.5438,2.995,3.635,4.991,4.8975,1.4,-4.7976,49.9,12.5
2015-04-03,3.137,3.109,3.1753,3.261,3.4013,3.556,3.572,2.887,3.506,4.923,4.888,1.4,-4.7976,49.9,12.5
2015-04-07,3.153,3.1202,3.1801,3.2764,3.4549,3.5579,3.5987,2.766,3.319,4.845,4.8585,1.4,-4.7976,49.9,12.5
2015-04-08,3.119,3.0927,3.1802,3.302,3.4749,3.6486,3.6938,2.683,3.163,4.7616,4.8305,1.4,-4.7976,49.9,12.5
2015-04-09,3.019,3.0327,3.1202,3.2779,3.4671,3.6547,3.704,2.599,3.073,4.6475,4.8008,1.4,-4.7976,49.9,12.5
2015-04-10,3.039,3.0327,3.1602,3.2571,3.4695,3.6389,3.6947,2.489,2.97,4.5582,4.7821,1.4,-4.7976,49.9,12.5
2015-04-13,3.0072,3.0773,3.1602,3.2779,3.467,3.5864,3.6685,2.405,2.949,4.4983,4.7667,1.4,-4.7976,49.9,12.5
2015-04-14,3.0327,3.0721,3.1302,3.2023,3.4744,3.5624,3.6211,2.372,2.92,4.442,4.7535,1.4,-4.7976,49.9,12.5
2015-04-15,3.0501,3.0721,3.1002,3.1827,3.417,3.541,3.5954,2.307,2.88,4.384,4.7365,1.4,-4.7976,49.9,12.5
2015-04-16,3.0498,3.0501,3.0729,3.1988,3.4207,3.5329,3.56,2.298,2.884,4.346,4.72,1.4,-4.7976,49.9,12.5
2015-04-17,3.0448,3.03,3.1628,3.2273,3.3977,3.5307,3.5627,2.268,2.873,4.314,4.703,1.4,-4.7976,49.9,12.5
2015-04-20,2.955,2.98,3.0872,3.1526,3.3165,3.4094,3.4554,2.087,2.732,4.146,4.6133,1.4,-4.7976,49.9,12.5
2015-04-21,2.885,2.9919,3.0092,3.1193,3.2857,3.357,3.4055,2.002,2.62,4.015,4.4845,1.4,-4.7976,49.9,12.5
2015-04-22,2.8283,3.0194,3.0152,3.1451,3.2891,3.3776,3.4052,1.949,2.567,3.908,4.4161,1.4,-4.7976,49.9,12.5
2015-04-23,2.8199,2.9728,2.9713,3.2109,3.2936,3.4118,3.4151,1.908,2.527,3.842,4.3431,1.4,-4.7976,49.9,12.5
2015-04-24,2.8199,2.9731,2.9276,3.2255,3.3075,3.42,3.4454,1.851,2.488,3.768,4.2641,1.4,-4.7976,49.9,12.5
2015-04-27,2.6971,2.9206,2.8663,3.1722,3.274,3.3712,3.3952,1.806,2.451,3.6705,4.161,1.4,-4.7976,49.9,12.5
2015-04-28,2.7071,2.8996,2.8266,3.1735,3.2623,3.3512,3.3804,1.759,2.438,3.5982,4.08,1.4,-4.7976,49.9,12.5
2015-04-29,2.7071,2.9343,2.8267,3.1664,3.2581,3.3617,3.4,1.739,2.439,3.5295,4.035,1.4,-4.7976,49.9,12.5
2015-04-30,2.7044,2.7856,2.694,3.1561,3.2533,3.3503,3.3503,1.69,2.43,3.465,3.97,1.4,-4.5603,50.1,11.6
2015-05-04,2.6244,2.7659,2.7296,3.1421,3.2656,3.3516,3.3804,1.619,2.39,3.38,3.923,1.4,-4.5603,50.1,11.6
2015-05-05,2.6531,2.7903,2.7278,3.1496,3.2599,3.3623,3.4006,1.564,2.368,3.302,3.8815,1.4,-4.5603,50.1,11.6
2015-05-06,2.5531,2.708,2.708,3.1516,3.2788,3.4324,3.456,1.523,2.369,3.267,3.846,1.4,-4.5603,50.1,11.6
2015-05-07,2.5419,2.7402,2.6912,3.1273,3.2828,3.44,3.4401,1.489,2.355,3.241,3.823,1.4,-4.5603,50.1,11.6
2015-05-08,2.5146,2.704,2.6821,3.0917,3.2484,3.4002,3.3703,1.443,2.334,3.211,3.7985,1.4,-4.5603,50.1,11.6
2015-05-11,2.4198,2.6513,2.6562,3.0523,3.217,3.41,3.3752,1.345,2.245,3.12,3.735,1.4,-4.5603,50.1,11.6
2015-05-12,2.3427,2.6036,2.5691,2.9941,3.1677,3.41,3.4002,1.29,2.197,3.083,3.681,1.4,-4.5603,50.1,11.6
2015-05-13,2.1927,2.4769,2.4501,2.9361,3.0637,3.3914,3.4002,1.247,2.149,3.042,3.634,1.4,-4.5603,50.1,11.6
2015-05-14,2.0701,2.385,2.3557,2.8524,2.9869,3.3672,3.3803,1.182,2.056,2.957,3.482,1.4,-4.5603,50.1,11.6
2015-05-15,2.0574,2.3229,2.344,2.7681,3.0508,3.3559,3.3907,1.078,1.962,2.802,3.323,1.4,-4.5603,50.1,11.6
2015-05-18,2.0129,2.3148,2.374,2.8204,3.082,3.3586,3.4109,1.052,1.92,2.664,3.2,1.4,-4.5603,50.1,11.6
2015-05-19,2.0447,2.3148,2.4574,2.8995,3.1007,3.3746,3.4311,1.033,1.925,2.57,3.156,1.4,-4.5603,50.1,11.6
2015-05-20,2.0598,2.2448,2.4391,2.8494,3.1197,3.3918,3.4282,1.032,1.932,2.514,3.071,1.4,-4.5603,50.1,11.6
2015-05-21,2.0998,2.3411,2.4373,2.8446,3.1151,3.3874,3.4257,1.033,1.944,2.457,3.014,1.4,-4.5603,50.1,11.6
2015-05-22,2.0622,2.3161,2.3822,2.8293,3.1538,3.3723,3.416,1.037,1.966,2.389,2.959,1.4,-4.5603,50.1,11.6
2015-05-25,2.1122,2.2017,2.2462,2.8389,3.1707,3.3874,3.431,1.039,1.968,2.302,2.903,1.4,-4.5603,50.1,11.6
2015-05-26,1.9901,2.0757,2.0338,2.895,3.1997,3.4597,3.5214,1.04,1.9688,2.268,2.881,1.4,-4.5603,50.1,11.6
2015-05-27,1.9167,1.9877,1.8707,2.8766,3.1597,3.485,3.5055,1.04,1.967,2.273,2.869,1.4,-4.5603,50.1,11.6
2015-05-28,1.9913,2.0463,1.9369,2.9029,3.3171,3.5874,3.5652,1.043,1.952,2.271,2.865,1.4,-4.5603,50.1,11.6
2015-05-29,2.0038,2.1527,1.9387,2.9196,3.2924,3.5831,3.5954,1.039,1.972,2.276,2.864,1.4,-4.5603,50.1,11.6
2015-06-01,2.0238,2.0627,1.9947,2.924,3.3434,3.6243,3.6404,1.027,1.963,2.29,2.8565,1.5,-4.5725,50.1,10.1
2015-06-02,2.0036,2.0478,1.9651,2.8957,3.2809,3.566,3.588,1.034,1.977,2.296,2.862,1.5,-4.5725,50.1,10.1
2015-06-03,1.9531,1.9525,1.9356,2.8868,3.2647,3.562,3.6111,1.039,2.057,2.326,2.871,1.5,-4.5725,50.1,10.1
2015-06-04,1.9132,1.9151,1.8813,2.8782,3.2512,3.5419,3.5912,1.047,2.122,2.354,2.8825,1.5,-4.5725,50.1,10.1
2015-06-05,1.9409,1.9012,1.8763,2.8672,3.2418,3.5273,3.5814,1.051,2.07,2.365,2.885,1.5,-4.5725,50.1,10.1
2015-06-08,1.8605,1.8833,1.8576,2.8603,3.2459,3.5116,3.5613,1.061,2.043,2.548,2.887,1.5,-4.5725,50.1,10.1
2015-06-09,1.9005,1.8609,1.7786,2.8572,3.2453,3.5014,3.5565,1.071,2.049,2.647,2.902,1.5,-4.5725,50.1,10.1
2015-06-10,1.8131,1.8274,1.7097,2.88,3.2527,3.5181,3.5912,1.083,2.052,2.767,2.902,1.5,-4.5725,50.1,10.1
2015-06-11,1.7831,1.8074,1.7103,2.9023,3.2733,3.5462,3.6197,1.09,2.063,2.84,2.909,1.5,-4.5725,50.1,10.1
2015-06-12,1.7431,1.7963,1.687,2.9018,3.2518,3.5404,3.6226,1.104,2.085,3.057,2.921,1.5,-4.5725,50.1,10.1
2015-06-15,1.7742,1.7563,1.6482,2.9282,3.2833,3.5769,3.6681,1.121,2.11,3.098,2.96,1.5,-4.5725,50.1,10.1
2015-06-16,1.7667,1.7908,1.6407,2.9342,3.2756,3.5394,3.6099,1.131,2.143,3.099,2.981,1.5,-4.5725,50.1,10.1
2015-06-17,1.7996,1.8508,1.689,2.9468,3.2737,3.5296,3.6052,1.151,2.238,3.108,2.999,1.5,-4.5725,50.1,10.1
2015-06-18,1.8022,1.8611,1.7044,2.8998,3.2044,3.4926,3.573,1.202,2.478,3.308,3.054,1.5,-4.5725,50.1,10.1
2015-06-19,1.8492,1.8228,1.7494,2.8662,3.1853,3.5115,3.5825,1.267,2.674,3.359,3.105,1.5,-4.5725,50.1,10.1
2015-06-23,1.8354,1.8485,1.7159,2.857,3.1923,3.528,3.6054,1.295,2.675,3.361,3.173,1.5,-4.5725,50.1,10.1
2015-06-24,1.8275,1.8121,1.7165,2.8687,3.2127,3.5318,3.6079,1.338,2.808,3.446,3.211,1.5,-4.5725,50.1,10.1
2015-06-25,1.8151,1.8556,1.7128,2.8699,3.2129,3.5317,3.6028,1.357,2.884,3.571,3.25,1.5,-4.5725,50.1,10.1
2015-06-26,1.8151,1.8485,1.7628,2.8662,3.2134,3.5322,3.608,1.357,2.921,3.634,3.277,1.5,-4.5725,50.1,10.1
2015-06-29,1.7912,1.8657,1.7528,2.8859,3.2278,3.5307,3.603,1.34,2.84,3.58,3.248,1.5,-4.5725,50.1,10.1
2015-06-30,1.9197,1.8659,1.7378,2.8973,3.2084,3.5338,3.5976,1.257,2.652,3.521,3.233,1.2,-4.607,50.2,10.8
2015-07-01,1.9684,1.8573,1.7378,2.8917,3.1678,3.5464,3.6127,1.163,2.602,3.373,3.213,1.2,-4.607,50.2,10.8
2015-07-02,1.9883,1.8773,1.7745,2.8785,3.1822,3.5639,3.6223,1.1608,2.712,3.314,3.212,1.2,-4.607,50.2,10.8
2015-07-03,1.9641,1.8874,1.774,2.8843,3.1587,3.5252,3.5719,1.159,2.802,3.274,3.202,1.2,-4.607,50.2,10.8
2015-07-06,1.9327,1.8489,1.7455,2.8328,3.1125,3.4527,3.4917,1.167,2.661,3.215,3.203,1.2,-4.607,50.2,10.8
2015-07-07,1.9161,1.9283,1.9155,2.8252,3.1321,3.4151,3.4361,1.176,2.61,3.181,3.192,1.2,-4.607,50.2,10.8
2015-07-08,1.9634,2.0537,2.2655,2.8402,3.1249,3.4481,3.4307,1.187,2.589,3.155,3.186,1.2,-4.607,50.2,10.8
2015-07-09,2.0827,2.2014,2.2655,2.8148,3.1061,3.4399,3.4358,1.198,2.578,3.14,3.182,1.2,-4.607,50.2,10.8
2015-07-10,2.2668,2.2867,2.3555,2.8226,3.1226,3.4698,3.4885,1.21,2.575,3.125,3.177,1.2,-4.607,50.2,10.8
2015-07-13,2.3095,2.2398,2.4455,2.8391,3.1448,3.4741,3.5014,1.224,2.553,3.109,3.1709,1.2,-4.607,50.2,10.8
2015-07-14,2.3603,2.384,2.4486,2.8475,3.1711,3.5016,3.5341,1.238,2.556,3.102,3.1642,1.2,-4.607,50.2,10.8
2015-07-15,2.3352,2.4038,2.4368,2.8486,3.1715,3.5098,3.5495,1.245,2.55,3.0785,3.1598,1.2,-4.607,50.2,10.8
2015-07-16,2.3767,2.4039,2.4471,2.8485,3.1569,3.4962,3.5208,1.263,2.481,3.053,3.155,1.2,-4.607,50.2,10.8
2015-07-17,2.3894,2.4315,2.4501,2.8487,3.1563,3.4706,3.5123,1.282,2.464,3.051,3.152,1.2,-4.607,50.2,10.8
2015-07-20,2.3387,2.4238,2.4583,2.8503,3.1573,3.4623,3.5009,1.29,2.449,3.0322,3.1505,1.2,-4.607,50.2,10.8
2015-07-21,2.3273,2.4064,2.4417,2.8201,3.1765,3.4773,3.5214,1.304,2.458,3.017,3.1512,1.2,-4.607,50.2,10.8
2015-07-22,2.2183,2.394,2.4071,2.8485,3.1586,3.4825,3.5145,1.323,2.478,3.018,3.1563,1.2,-4.607,50.2,10.8
2015-07-23,2.1183,2.3538,2.3335,2.8373,3.1658,3.4284,3.4751,1.332,2.54,3.02,3.16,1.2,-4.607,50.2,10.8
2015-07-24,2.1189,2.2701,2.336,2.8378,3.1576,3.3986,3.4602,1.337,2.559,3.012,3.1635,1.2,-4.607,50.2,10.8
2015-07-27,2.0589,2.2475,2.3113,2.8309,3.1596,3.4093,3.4602,1.374,2.559,3.037,3.1645,1.2,-4.607,50.2,10.8
2015-07-28,2.1022,2.2482,2.2617,2.8654,3.1501,3.4078,3.4401,1.388,2.552,3.03,3.1638,1.2,-4.607,50.2,10.8
2015-07-29,2.1522,2.1964,2.2388,2.8202,3.1553,3.3938,3.4302,1.427,2.514,3.013,3.1635,1.2,-4.607,50.2,10.8
2015-07-30,2.181,2.2423,2.2318,2.8682,3.1617,3.3945,3.4402,1.448,2.502,3.008,3.1605,1.2,-4.607,50.2,10.8
2015-07-31,2.212,2.2373,2.253,2.8712,3.1798,3.4468,3.4752,1.47,2.509,2.988,3.1575,1.4,-4.8135,50.2,11.8
2015-08-03,2.2003,2.2314,2.3038,2.8888,3.2048,3.4613,3.47,1.488,2.495,2.971,3.153,1.4,-4.8135,50.2,11.8
2015-08-04,2.1743,2.2774,2.3254,2.8777,3.1981,3.4613,3.47,1.497,2.483,2.904,3.15,1.4,-4.8135,50.2,11.8
2015-08-05,2.1469,2.2633,2.2428,2.8852,3.203,3.4614,3.4701,1.508,2.471,2.844,3.143,1.4,-4.8135,50.2,11.8
2015-08-06,2.1665,2.2261,2.2073,2.8867,3.1646,3.4599,3.46,1.517,2.449,2.799,3.137,1.4,-4.8135,50.2,11.8
2015-08-07,2.0865,2.2014,2.1753,2.8891,3.1633,3.4204,3.4553,1.529,2.453,2.754,3.127,1.4,-4.8135,50.2,11.8
2015-08-10,2.1567,2.164,2.1843,2.8876,3.1799,3.4224,3.4755,1.557,2.455,2.711,3.1223,1.4,-4.8135,50.2,11.8
2015-08-11,2.2377,2.2011,2.2433,2.9594,3.2516,3.504,3.5256,1.586,2.463,2.668,3.118,1.4,-4.8135,50.2,11.8
2015-08-12,2.2191,2.2373,2.3181,2.9635,3.2661,3.5191,3.5402,1.614,2.472,2.646,3.1125,1.4,-4.8135,50.2,11.8
2015-08-13,2.2484,2.269,2.2883,2.9397,3.2649,3.4856,3.5153,1.641,2.481,2.646,3.101,1.4,-4.8135,50.2,11.8
2015-08-14,2.2023,2.2449,2.3273,2.9117,3.2558,3.4883,3.5052,1.667,2.495,2.671,3.097,1.4,-4.8135,50.2,11.8
2015-08-17,2.2509,2.2579,2.2466,2.9324,3.2521,3.5033,3.5176,1.701,2.517,2.691,3.091,1.4,-4.8135,50.2,11.8
2015-08-18,2.2395,2.2596,2.2621,2.9249,3.2623,3.5104,3.5126,1.745,2.531,2.699,3.093,1.4,-4.8135,50.2,11.8
2015-08-19,2.2509,2.2651,2.2571,2.9263,3.2705,3.5119,3.5201,1.788,2.546,2.707,3.094,1.4,-4.8135,50.2,11.8
2015-08-20,2.2996,2.2695,2.2608,2.9211,3.2723,3.5199,3.5051,1.83,2.586,2.759,3.093,1.4,-4.8135,50.2,11.8
2015-08-21,2.2524,2.2521,2.2608,2.9132,3.2463,3.5048,3.4951,1.847,2.599,2.789,3.09,1.4,-4.8135,50.2,11.8
2015-08-24,2.2111,2.247,2.2807,2.9325,3.2399,3.4898,3.4701,1.866,2.597,2.81,3.09,1.4,-4.8135,50.2,11.8
2015-08-25,2.2337,2.2469,2.28,2.9376,3.202,3.4788,3.4577,1.879,2.593,2.858,3.091,1.4,-4.8135,50.2,11.8
2015-08-26,2.2537,2.2598,2.2657,2.9234,3.1924,3.4548,3.429,1.786,2.429,2.951,3.0975,1.4,-4.8135,50.2,11.8
2015-08-27,2.2737,2.281,2.2661,2.9256,3.1689,3.3999,3.3902,1.759,2.398,2.958,3.096,1.4,-4.8135,50.2,11.8
2015-08-28,2.2495,2.2628,2.2735,2.9202,3.1634,3.3762,3.3803,1.774,2.392,2.999,3.098,1.4,-4.8135,50.2,11.8
2015-08-31,2.2608,2.3,2.2519,2.9311,3.1345,3.33,3.3252,1.801,2.398,3.034,3.1,1.6,-5.3692,50.0,13.3
2015-09-01,2.2549,2.2829,2.2628,2.9348,3.1178,3.3149,3.3002,1.821,2.41,3.052,3.1026,1.6,-5.3692,50.0,13.3
2015-09-02,2.2434,2.2497,2.2586,2.9493,3.1428,3.3149,3.3002,2.031,2.421,3.052,3.1026,1.6,-5.3692,50.0,13.3
2015-09-06,2.1862,2.2766,2.254,2.9405,3.1459,3.3249,3.3203,1.901,2.41,3.05,3.104,1.6,-5.3692,50.0,13.3
2015-09-07,2.2133,2.2916,2.2643,2.9659,3.1924,3.3499,3.3353,1.904,2.41,3.04,3.099,1.6,-5.3692,50.0,13.3
2015-09-08,2.2482,2.3008,2.2737,2.9774,3.1763,3.3564,3.3603,1.897,2.402,3.018,3.095,1.6,-5.3692,50.0,13.3
2015-09-09,2.2068,2.3059,2.2543,2.9902,3.1843,3.3457,3.3478,1.896,2.398,3.01,3.092,1.6,-5.3692,50.0,13.3
2015-09-10,2.2078,2.2996,2.2546,2.9938,3.1901,3.3549,3.3453,1.899,2.4,3.008,3.093,1.6,-5.3692,50.0,13.3
2015-09-11,2.2194,2.3266,2.2543,2.9765,3.1918,3.34,3.3404,1.9001,2.403,3.005,3.097,1.6,-5.3692,50.0,13.3
2015-09-14,2.1707,2.2957,2.2862,2.9708,3.1718,3.3448,3.3303,1.899,2.394,3.003,3.106,1.6,-5.3692,50.0,13.3
2015-09-15,2.1769,2.2728,2.3261,2.9683,3.1562,3.3149,3.3104,1.899,2.392,3.005,3.113,1.6,-5.3692,50.0,13.3
2015-09-16,2.1671,2.2597,2.333,2.9681,3.1413,3.3248,3.3103,1.9,2.391,3.018,3.116,1.6,-5.3692,50.0,13.3
2015-09-17,2.197,2.2507,2.3062,2.9822,3.1666,3.32,3.3204,1.899,2.391,3.037,3.1268,1.6,-5.3692,50.0,13.3
2015-09-18,2.227,2.3196,2.3292,2.9739,3.1467,3.3297,3.3105,1.9,2.39,3.053,3.1355,1.6,-5.3692,50.0,13.3
2015-09-21,2.2646,2.3295,2.3271,2.9905,3.1419,3.3249,3.3204,1.901,2.391,3.071,3.141,1.6,-5.3692,50.0,13.3
2015-09-22,2.2492,2.3039,2.3078,2.9815,3.1548,3.3299,3.3255,1.908,2.397,3.075,3.1448,1.6,-5.3692,50.0,13.3
2015-09-23,2.2525,2.3095,2.3086,3.0098,3.1507,3.3399,3.3354,1.908,2.401,3.086,3.1468,1.6,-5.3692,50.0,13.3
2015-09-24,2.2641,2.3193,2.2893,2.9981,3.132,3.3271,3.318,1.909,2.48,3.094,3.1518,1.6,-5.3692,50.0,13.3
2015-09-25,2.2533,2.3423,2.3626,2.9772,3.1226,3.3248,3.3101,1.907,2.447,3.087,3.153,1.6,-5.3692,50.0,13.3
2015-09-28,2.242,2.3294,2.4032,2.9605,3.0929,3.3048,3.2906,1.91,2.431,3.088,3.152,1.6,-5.3692,50.0,13.3
2015-09-29,2.1939,2.3193,2.389,2.9483,3.0574,3.2696,3.2457,1.907,2.419,3.091,3.153,1.6,-5.3692,50.0,13.3
2015-09-30,2.2139,2.3299,2.3919,2.9183,3.0529,3.2598,3.2362,1.989,2.408,3.091,3.153,2.0,-5.9227,49.7,13.3
2015-10-08,2.1806,2.3177,2.4031,2.9041,3.0433,3.2474,3.2409,1.909,2.4,3.092,3.1515,2.0,-5.9227,49.7,13.3
2015-10-09,2.2259,2.2916,2.4091,2.8535,2.9739,3.1794,3.1486,1.906,2.4,3.095,3.1585,2.0,-5.9227,49.7,13.3
2015-10-10,2.2348,2.2826,2.4116,2.8389,2.9538,3.1539,3.1612,1.904,2.401,3.095,3.1656,2.0,-5.9227,49.7,13.3
2015-10-12,2.2553,2.3199,2.4269,2.8497,2.9641,3.1598,3.1488,1.902,2.397,3.094,3.173,2.0,-5.9227,49.7,13.3
2015-10-13,2.2753,2.3393,2.4186,2.8297,2.9237,3.1246,3.1064,1.9,2.397,3.09,3.1825,2.0,-5.9227,49.7,13.3
2015-10-14,2.3474,2.3395,2.4084,2.8037,2.8729,3.0548,3.0414,1.9,2.397,3.087,3.186,2.0,-5.9227,49.7,13.3
2015-10-15,2.3395,2.3249,2.419,2.7751,2.9059,3.1143,3.0814,1.901,2.397,3.074,3.1846,2.0,-5.9227,49.7,13.3
2015-10-16,2.3425,2.4023,2.432,2.8315,2.966,3.1446,3.1216,1.899,2.394,3.066,3.1826,2.0,-5.9227,49.7,13.3
2015-10-19,2.3513,2.3547,2.4286,2.8122,2.9676,3.1372,3.1214,1.902,2.395,3.057,3.1783,2.0,-5.9227,49.7,13.3
2015-10-20,2.358,2.3548,2.4255,2.792,2.9058,3.0796,3.0615,1.903,2.394,3.049,3.175,2.0,-5.9227,49.7,13.3
2015-10-21,2.3516,2.355,2.4273,2.7872,2.9087,3.0698,3.0616,1.905,2.394,3.034,3.169,2.0,-5.9227,49.7,13.3
2015-10-22,2.3537,2.3722,2.4234,2.7827,2.8962,3.0744,3.0516,1.904,2.396,3.03,3.157,2.0,-5.9227,49.7,13.3
2015-10-23,2.3516,2.3636,2.4454,2.7778,2.8865,3.0598,3.04,1.909,2.401,3.023,3.144,2.0,-5.9227,49.7,13.3
2015-10-26,2.3708,2.3764,2.4237,2.7533,2.8562,3.0156,3.02,1.84,2.338,2.888,3.084,2.0,-5.9227,49.7,13.3
2015-10-27,2.388,2.3547,2.3748,2.7139,2.8112,2.9772,2.98,1.8,2.297,2.824,3.047,2.0,-5.9227,49.7,13.3
2015-10-28,2.3628,2.328,2.3698,2.7247,2.8215,2.9949,2.987,1.796,2.292,2.796,3.038,2.0,-5.9227,49.7,13.3
2015-10-29,2.3414,2.3655,2.3683,2.7158,2.8915,3.0501,3.05,1.798,2.291,2.786,3.036,2.0,-5.9227,49.7,13.3
2015-10-30,2.3564,2.3866,2.3513,2.7381,2.9112,3.0573,3.06,1.798,2.291,2.7645,3.036,2.0,-5.9227,49.7,13.3
2015-11-02,2.3254,2.3774,2.4032,2.7159,2.9032,3.055,3.0525,1.793,2.291,2.755,3.042,1.59560463,-5.945,49.8,13.1
2015-11-03,2.3388,2.3847,2.4284,2.7414,2.9284,3.08,3.08,1.792,2.29,2.747,3.0425,1.59560463,-5.945,49.8,13.1
2015-11-04,2.3516,2.4039,2.4312,2.7809,2.9734,3.1163,3.1351,1.79,2.293,2.737,3.0415,1.59560463,-5.945,49.8,13.1
2015-11-05,2.3216,2.3845,2.4342,2.7618,2.9657,3.14,3.115,1.787,2.288,2.733,3.0405,1.59560463,-5.945,49.8,13.1
2015-11-06,2.3649,2.3955,2.463,2.7781,2.9647,3.1349,3.125,1.787,2.285,2.719,3.0355,1.59560463,-5.945,49.8,13.1
2015-11-09,2.4834,2.4628,2.5389,2.8381,3.0479,3.2499,3.2099,1.786,2.285,2.711,3.033,1.59560463,-5.945,49.8,13.1
2015-11-10,2.5145,2.4575,2.555,2.8431,3.0523,3.1973,3.2001,1.783,2.28,2.706,3.034,1.59560463,-5.945,49.8,13.1
2015-11-11,2.4567,2.458,2.5616,2.8405,3.0195,3.1424,3.1226,1.782,2.279,2.705,3.034,1.59560463,-5.945,49.8,13.1
2015-11-12,2.5204,2.4457,2.5499,2.8196,3.0058,3.14,3.1351,1.784,2.279,2.7,3.034,1.59560463,-5.945,49.8,13.1
2015-11-13,2.5204,2.4494,2.5589,2.8329,2.9836,3.135,3.1251,1.786,2.278,2.697,3.034,1.59560463,-5.945,49.8,13.1
2015-11-16,2.5469,2.4607,2.6041,2.8314,2.9792,3.1307,3.1352,1.784,2.279,2.697,3.038,1.59560463,-5.945,49.8,13.1
2015-11-17,2.5224,2.4628,2.5911,2.8379,2.9948,3.1366,3.1252,1.782,2.278,2.692,3.04,1.59560463,-5.945,49.8,13.1
2015-11-18,2.5222,2.5164,2.5907,2.8375,3.0119,3.1599,3.1402,1.781,2.279,2.695,3.0441,1.59560463,-5.945,49.8,13.1
2015-11-19,2.5093,2.514,2.5948,2.8638,3.0021,3.1798,3.1402,1.785,2.28,2.698,3.044,1.59560463,-5.945,49.8,13.1
2015-11-20,2.5043,2.5495,2.5764,2.8573,2.9786,3.1648,3.1251,1.784,2.282,2.7,3.044,1.59560463,-5.945,49.8,13.1
2015-11-23,2.5252,2.5493,2.5849,2.8636,2.9892,3.1649,3.1302,1.785,2.283,2.701,3.046,1.59560463,-5.945,49.8,13.1
2015-11-24,2.5307,2.5468,2.5676,2.8455,2.9638,3.1399,3.1077,1.785,2.285,2.7,3.05,1.59560463,-5.945,49.8,13.1
2015-11-25,2.5211,2.5497,2.5802,2.86,2.941,3.1298,3.0853,1.785,2.286,2.7,3.05,1.59560463,-5.945,49.8,13.1
2015-11-26,2.4969,2.5305,2.5639,2.8513,2.909,3.0899,3.0503,1.785,2.289,2.7,3.05,1.59560463,-5.945,49.8,13.1
2015-11-27,2.5169,2.5504,2.5738,2.8336,2.9005,3.0799,3.0603,1.786,2.293,2.7,3.05,1.59560463,-5.945,49.8,13.1
2015-11-30,2.5701,2.5706,2.5754,2.8277,2.8843,3.0475,3.0404,1.788,2.299,2.7,3.05,1.3,-5.9,49.8,13.5
2015-12-01,2.5743,2.5829,2.5754,2.7925,2.8884,3.05,3.0504,1.788,2.294,2.7,3.047,1.3,-5.9,49.8,13.5
2015-12-02,2.5499,2.5523,2.5656,2.7885,2.9003,3.0649,3.0454,1.786,2.293,2.7,3.042,1.3,-5.9,49.8,13.5
2015-12-03,2.5627,2.5671,2.5506,2.7152,2.8656,3.0449,3.0304,1.787,2.292,2.7,3.043,1.3,-5.9,49.8,13.5
2015-12-04,2.5033,2.5221,2.5351,2.7071,2.8661,3.0251,3.0254,1.787,2.293,2.7,3.043,1.3,-5.9,49.8,13.5
2015-12-07,2.5098,2.5029,2.5201,2.7242,2.8651,3.0399,3.028,1.784,2.291,2.7,3.048,1.3,-5.9,49.8,13.5
2015-12-08,2.4713,2.4739,2.4911,2.7099,2.8393,3.0199,3.0005,1.786,2.292,2.7,3.051,1.3,-5.9,49.8,13.5
2015-12-09,2.4516,2.471,2.4866,2.7106,2.8226,3.005,2.9968,1.789,2.294,2.7,3.047,1.3,-5.9,49.8,13.5
2015-12-10,2.4411,2.4528,2.4841,2.7115,2.8277,3.0025,3.0018,1.789,2.297,2.701,3.046,1.3,-5.9,49.8,13.5
2015-12-11,2.3967,2.4029,2.4644,2.706,2.8178,2.9907,2.9931,1.788,2.302,2.701,3.051,1.3,-5.9,49.8,13.5
2015-12-14,2.4019,2.4365,2.4523,2.7333,2.8434,3.03,3.0306,1.788,2.303,2.7,3.0461,1.3,-5.9,49.8,13.5
2015-12-15,2.4038,2.4044,2.4474,2.7387,2.8263,3.015,3.0157,1.788,2.299,2.721,3.051,1.3,-5.9,49.8,13.5
2015-12-16,2.3988,2.3998,2.4028,2.7292,2.82,2.9907,3.0007,1.79,2.301,2.742,3.0475,1.3,-5.9,49.8,13.5
2015-12-17,2.3821,2.3981,2.3907,2.6961,2.7667,2.99,2.9857,1.793,2.299,2.762,3.0481,1.3,-5.9,49.8,13.5
2015-12-18,2.3661,2.3746,2.3647,2.666,2.7344,2.95,2.9408,1.816,2.318,2.822,3.0501,1.3,-5.9,49.8,13.5
2015-12-21,2.3332,2.3494,2.3601,2.5836,2.6996,2.8653,2.8811,1.843,2.334,2.891,3.0551,1.3,-5.9,49.8,13.5
2015-12-22,2.3301,2.3519,2.3204,2.5761,2.6629,2.8529,2.861,1.875,2.342,2.944,3.0611,1.3,-5.9,49.8,13.5
2015-12-23,2.3505,2.3606,2.3332,2.5722,2.6794,2.8415,2.846,1.903,2.348,2.987,3.0735,1.3,-5.9,49.8,13.5
2015-12-24,2.3302,2.3387,2.3135,2.5603,2.663,2.805,2.801,1.924,2.348,3.0,3.0774,1.3,-5.9,49.8,13.5
2015-12-25,2.3061,2.3056,2.2946,2.5694,2.6565,2.8102,2.8061,1.934,2.355,3.004,3.0825,1.3,-5.9,49.8,13.5
2015-12-28,2.3015,2.3137,2.3076,2.5413,2.6585,2.805,2.7961,1.939,2.354,3.0065,3.0878,1.3,-5.9,49.8,13.5
2015-12-29,2.3015,2.3079,2.3076,2.5153,2.66,2.81,2.8061,1.935,2.352,3.005,3.0882,1.3,-5.9,49.8,13.5
2015-12-30,2.2656,2.261,2.2979,2.5395,2.7014,2.8399,2.8261,1.935,2.352,3.004,3.0882,1.3,-5.9,49.8,13.5
2015-12-31,2.2507,2.2581,2.2979,2.5466,2.7014,2.8361,2.8212,1.991,2.355,3.002,3.0852,1.5,-5.9,49.6,13.7
2016-01-04,2.3002,2.3166,2.3479,2.5697,2.7488,2.8701,2.871,1.995,2.335,3.001,3.086,1.5,-5.9,49.6,13.7
2016-01-05,2.3,2.307,2.368,2.6173,2.7871,2.8999,2.8911,1.998,2.33,3.001,3.086,1.5,-5.9,49.6,13.7
2016-01-06,2.3296,2.3299,2.369,2.6322,2.7598,2.8817,2.8861,1.98,2.322,3.0,3.082,1.5,-5.9,49.6,13.7
2016-01-07,2.3473,2.3412,2.37,2.611,2.7538,2.8599,2.8511,1.966,2.313,2.9995,3.0746,1.5,-5.9,49.6,13.7
2016-01-08,2.3219,2.3132,2.3634,2.5906,2.7347,2.8402,2.8362,1.958,2.308,2.999,3.067,1.5,-5.9,49.6,13.7
2016-01-11,2.3099,2.3132,2.3511,2.5792,2.693,2.8249,2.8187,1.951,2.303,2.998,3.0585,1.5,-5.9,49.6,13.7
2016-01-12,2.3081,2.2994,2.3054,2.5618,2.662,2.8048,2.7887,1.951,2.3,2.998,3.053,1.5,-5.9,49.6,13.7
2016-01-13,2.2773,2.2706,2.2804,2.5192,2.6005,2.7497,2.7237,1.95,2.3,2.967,3.041,1.5,-5.9,49.6,13.7
2016-01-14,2.2589,2.2496,2.2793,2.5199,2.6084,2.7796,2.7513,1.95,2.3,2.931,3.027,1.5,-5.9,49.6,13.7
2016-01-15,2.2292,2.229,2.2782,2.5601,2.628,2.7773,2.7464,1.956,2.303,2.899,3.008,1.5,-5.9,49.6,13.7
2016-01-18,2.2491,2.2493,2.2618,2.565,2.6431,2.8094,2.7764,1.954,2.308,2.886,2.985,1.5,-5.9,49.6,13.7
2016-01-19,2.2502,2.2573,2.2724,2.577,2.6643,2.8392,2.7964,1.959,2.316,2.881,2.976,1.5,-5.9,49.6,13.7
2016-01-20,2.3959,2.3191,2.3105,2.6063,2.6934,2.8542,2.8114,1.983,2.341,2.874,2.9705,1.5,-5.9,49.6,13.7
2016-01-21,2.3266,2.3191,2.3006,2.5995,2.6714,2.8293,2.7914,2.014,2.405,2.918,2.986,1.5,-5.9,49.6,13.7
2016-01-22,2.2591,2.3064,2.306,2.5647,2.6657,2.8144,2.7741,2.028,2.4,2.99,3.031,1.5,-5.9,49.6,13.7
2016-01-25,2.28,2.2824,2.3109,2.6301,2.7514,2.8796,2.859,2.009,2.376,3.019,3.0415,1.5,-5.9,49.6,13.7
2016-01-26,2.2499,2.2445,2.311,2.6228,2.7633,2.8796,2.8616,1.997,2.363,3.057,3.073,1.5,-5.9,49.6,13.7
2016-01-27,2.2913,2.3039,2.3519,2.6209,2.7994,2.9196,2.9016,1.995,2.359,3.092,3.104,1.5,-5.9,49.6,13.7
2016-01-28,2.2871,2.3066,2.3608,2.624,2.7814,2.8973,2.8866,1.992,2.362,3.134,3.107,1.5,-5.9,49.6,13.7
2016-01-29,2.2276,2.3024,2.3214,2.6149,2.7492,2.8695,2.8419,1.989,2.33,3.168,3.103,1.5,-5.9,49.6,13.7
2016-02-01,2.2305,2.2928,2.3109,2.5813,2.7257,2.8546,2.8368,1.987,2.444,3.127,3.082,1.6,-5.9,49.7,13.3
2016-02-02,2.2406,2.2797,2.3208,2.5976,2.7495,2.9044,2.8818,1.984,2.455,3.101,3.081,1.6,-5.9,49.7,13.3
2016-02-03,2.219,2.2877,2.316,2.6041,2.7508,2.9138,2.8918,1.983,2.453,3.095,3.071,1.6,-5.9,49.7,13.3
2016-02-04,2.2505,2.2964,2.316,2.5715,2.7312,2.8893,2.855,1.983,2.455,3.089,3.061,1.6,-5.9,49.7,13.3
2016-02-05,2.2271,2.277,2.3259,2.5637,2.7279,2.8989,2.8535,1.984,2.448,3.079,3.06,1.6,-5.9,49.7,13.3
2016-02-06,2.2271,2.2686,2.3268,2.5675,2.7393,2.898,2.8535,2.281,2.353,3.044,3.058,1.6,-5.9,49.7,13.3
2016-02-14,2.256,2.2805,2.3018,2.578,2.684,2.848,2.8221,1.978,2.313,2.999,3.0495,1.6,-5.9,49.7,13.3
2016-02-15,2.251,2.2741,2.3192,2.5774,2.6797,2.8641,2.8371,1.977,2.3,2.979,3.041,1.6,-5.9,49.7,13.3
2016-02-16,2.2551,2.2794,2.3452,2.5659,2.7089,2.8789,2.8376,1.974,2.297,2.957,3.029,1.6,-5.9,49.7,13.3
2016-02-17,2.2324,2.2546,2.2817,2.5732,2.7144,2.8788,2.8351,1.968,2.297,2.938,3.014,1.6,-5.9,49.7,13.3
2016-02-18,2.2371,2.25,2.2718,2.5634,2.7053,2.874,2.8351,1.951,2.285,2.884,3.004,1.6,-5.9,49.7,13.3
2016-02-19,2.1541,2.1592,2.251,2.567,2.7001,2.8665,2.8251,1.938,2.286,2.839,2.967,1.6,-5.9,49.7,13.3
2016-02-22,2.0626,2.2067,2.2678,2.5507,2.6687,2.8741,2.8426,1.934,2.286,2.801,2.947,1.6,-5.9,49.7,13.3
2016-02-23,2.1082,2.1571,2.2622,2.5679,2.6579,2.8693,2.8451,1.933,2.283,2.775,2.927,1.6,-5.9,49.7,13.3
2016-02-24,2.1034,2.1475,2.2638,2.5175,2.6498,2.87,2.8676,1.956,2.295,2.759,2.901,1.6,-5.9,49.7,13.3
2016-02-25,2.1178,2.1721,2.2834,2.5319,2.6651,2.8796,2.8651,2.004,2.321,2.757,2.899,1.6,-5.9,49.7,13.3
2016-02-26,2.0511,2.2022,2.2764,2.5283,2.6499,2.8794,2.8551,2.048,2.345,2.785,2.899,1.6,-5.9,49.7,13.3
2016-02-29,2.1012,2.203,2.2576,2.537,2.6454,2.867,2.8502,2.007,2.335,2.8,2.899,1.8,-5.3,49.4,14.0
2016-03-01,2.1141,2.1931,2.2086,2.5295,2.6202,2.8598,2.8527,1.968,2.308,2.795,2.8835,1.8,-5.3,49.4,14.0
2016-03-02,2.0806,2.1702,2.2093,2.5058,2.6217,2.8715,2.8752,1.962,2.3,2.738,2.857,1.8,-5.3,49.4,14.0
2016-03-03,2.0513,2.1617,2.2132,2.5118,2.6376,2.893,2.9002,1.957,2.297,2.716,2.84,1.8,-5.3,49.4,14.0
2016-03-04,2.0166,2.1118,2.1742,2.5076,2.6277,2.8829,2.8952,1.95,2.295,2.703,2.832,1.8,-5.3,49.4,14.0
2016-03-07,2.0365,2.1108,2.1902,2.5172,2.6494,2.9126,2.9303,1.951,2.294,2.696,2.823,1.8,-5.3,49.4,14.0
2016-03-08,2.0074,2.1155,2.187,2.5247,2.6602,2.9246,2.9352,1.95,2.293,2.689,2.814,1.8,-5.3,49.4,14.0
2016-03-09,1.9781,2.1111,2.1864,2.5048,2.6244,2.8839,2.8928,1.95,2.292,2.683,2.807,1.8,-5.3,49.4,14.0
2016-03-10,2.0004,2.1098,2.1895,2.4843,2.6049,2.8651,2.8653,1.947,2.28,2.678,2.804,1.8,-5.3,49.4,14.0
2016-03-11,1.9402,2.0528,2.1612,2.4882,2.5727,2.85,2.8453,1.945,2.282,2.666,2.799,1.8,-5.3,49.4,14.0
2016-03-14,1.9707,2.0378,2.1469,2.444,2.5891,2.8415,2.8504,1.949,2.281,2.659,2.793,1.8,-5.3,49.4,14.0
2016-03-15,1.9873,2.0464,2.1275,2.4068,2.5839,2.8367,2.8404,1.953,2.281,2.659,2.793,1.8,-5.3,49.4,14.0
2016-03-16,1.9803,2.0254,2.1012,2.377,2.5593,2.8017,2.8054,1.956,2.282,2.6585,2.793,1.8,-5.3,49.4,14.0
2016-03-17,1.9902,2.0293,2.0788,2.3684,2.566,2.8134,2.8154,1.97,2.288,2.662,2.791,1.8,-5.3,49.4,14.0
2016-03-18,1.9573,2.0266,2.0551,2.3443,2.5554,2.821,2.8229,1.99,2.295,2.662,2.793,1.8,-5.3,49.4,14.0
2016-03-21,1.9914,2.0253,2.0552,2.3563,2.5684,2.8184,2.8305,1.998,2.302,2.692,2.795,1.8,-5.3,49.4,14.0
2016-03-22,2.0006,2.0514,2.0842,2.3603,2.5639,2.8267,2.8304,2.007,2.305,2.699,2.797,1.8,-5.3,49.4,14.0
2016-03-23,2.0196,2.046,2.0589,2.3351,2.5489,2.8084,2.8307,2.0,2.301,2.7025,2.798,1.8,-5.3,49.4,14.0
2016-03-24,2.0298,2.0461,2.069,2.3134,2.5298,2.8032,2.8309,1.995,2.297,2.704,2.799,1.8,-5.3,49.4,14.0
2016-03-25,1.9771,2.0364,2.053,2.3056,2.5181,2.7909,2.8311,1.989,2.3,2.702,2.797,1.8,-5.3,49.4,14.0
2016-03-28,1.9539,2.0571,2.0918,2.3232,2.5339,2.8165,2.8665,1.992,2.301,2.706,2.797,1.8,-5.3,49.4,14.0
2016-03-29,1.9894,2.0622,2.1039,2.2964,2.5153,2.8113,2.851,1.996,2.303,2.729,2.8002,1.8,-5.3,49.4,14.0
2016-03-30,2.0012,2.0665,2.0796,2.3079,2.4718,2.7917,2.8362,2.004,2.312,2.7665,2.8115,1.8,-5.3,49.4,14.0
2016-03-31,2.0187,2.0721,2.0861,2.3025,2.472,2.7823,2.8419,2.017,2.325,2.807,2.8248,2.3,-4.9,49.0,13.3
2016-04-01,2.0008,2.0767,2.0964,2.3083,2.4716,2.7777,2.8422,2.014,2.32,2.816,2.8385,2.3,-4.9,49.0,13.3
2016-04-05,2.0156,2.0661,2.0854,2.3211,2.4876,2.7794,2.8637,1.993,2.302,2.8212,2.846,2.3,-4.9,49.0,13.3
2016-04-06,2.0487,2.0746,2.1057,2.3466,2.4964,2.7846,2.8689,1.983,2.294,2.8068,2.845,2.3,-4.9,49.0,13.3
2016-04-07,2.0708,2.095,2.1358,2.3709,2.4947,2.8058,2.9049,1.9783,2.289,2.8,2.847,2.3,-4.9,49.0,13.3
2016-04-08,2.0577,2.1004,2.1677,2.3797,2.5044,2.8065,2.9158,1.98,2.287,2.798,2.8455,2.3,-4.9,49.0,13.3
2016-04-11,2.0845,2.1253,2.1776,2.3849,2.521,2.8116,2.9091,1.985,2.291,2.797,2.8485,2.3,-4.9,49.0,13.3
2016-04-12,2.1064,2.1195,2.1893,2.3949,2.526,2.8167,2.91,1.993,2.295,2.797,2.847,2.3,-4.9,49.0,13.3
2016-04-13,2.1257,2.1483,2.2319,2.4252,2.6179,2.8271,2.9271,1.996,2.302,2.799,2.8485,2.3,-4.9,49.0,13.3
2016-04-14,2.1461,2.1691,2.2259,2.4534,2.645,2.8537,2.9352,1.999,2.304,2.799,2.8487,2.3,-4.9,49.0,13.3
2016-04-15,2.1111,2.1403,2.2172,2.4534,2.6335,2.8361,2.9151,1.995,2.301,2.799,2.848,2.3,-4.9,49.0,13.3
2016-04-18,2.0872,2.1259,2.2187,2.4387,2.6258,2.8314,2.9047,1.998,2.302,2.799,2.848,2.3,-4.9,49.0,13.3
2016-04-19,2.1006,2.1492,2.2143,2.4237,2.6391,2.8455,2.906,2.004,2.305,2.8,2.85,2.3,-4.9,49.0,13.3
2016-04-20,2.1016,2.1815,2.2296,2.4561,2.6969,2.9204,2.9258,2.018,2.322,2.803,2.851,2.3,-4.9,49.0,13.3
2016-04-21,2.1026,2.2017,2.2349,2.4668,2.7022,2.9424,2.9208,2.029,2.332,2.8055,2.861,2.3,-4.9,49.0,13.3
2016-04-22,2.161,2.2016,2.2706,2.4963,2.7173,2.9946,2.9309,2.038,2.334,2.8115,2.868,2.3,-4.9,49.0,13.3
2016-04-25,2.1999,2.2434,2.3273,2.5796,2.7983,3.0544,2.9362,2.045,2.342,2.823,2.8735,2.3,-4.9,49.0,13.3
2016-04-26,2.1828,2.2291,2.3011,2.5603,2.7635,3.0046,2.9212,2.036,2.341,2.829,2.8775,2.3,-4.9,49.0,13.3
2016-04-27,2.1775,2.2357,2.2805,2.5568,2.7334,2.9796,2.9108,2.024,2.346,2.833,2.883,2.3,-4.9,49.0,13.3
2016-04-28,2.2038,2.2473,2.3029,2.5568,2.7436,2.9546,2.8863,2.021,2.368,2.8415,2.8925,2.3,-4.9,49.0,13.3
2016-04-29,2.194,2.2268,2.307,2.5817,2.7282,2.9594,2.8913,2.049,2.386,2.853,2.908,2.3,-4.9,49.0,13.3
2016-05-03,2.2098,2.2011,2.2752,2.5754,2.7092,2.9495,2.889,2.0033,2.34,2.8489,2.9044,2.3,-4.3,50.2,13.4
2016-05-04,2.198,2.2526,2.3126,2.5847,2.719,2.9346,2.8965,2.0,2.328,2.845,2.899,2.3,-4.3,50.2,13.4
2016-05-05,2.2343,2.2779,2.35,2.5771,2.7194,2.9397,2.9017,2.001,2.329,2.846,2.896,2.3,-4.3,50.2,13.4
2016-05-06,2.2153,2.251,2.3403,2.5877,2.7243,2.9395,2.9016,2.0,2.326,2.842,2.894,2.3,-4.3,50.2,13.4
2016-05-09,2.2216,2.259,2.3526,2.5733,2.6895,2.9146,2.8818,1.999,2.323,2.841,2.892,2.3,-4.3,50.2,13.4
2016-05-10,2.2186,2.23,2.3248,2.5639,2.6951,2.8956,2.9,1.999,2.323,2.841,2.892,2.3,-4.3,50.2,13.4
2016-05-11,2.2107,2.2329,2.3071,2.5544,2.7137,2.8988,2.9075,1.999,2.324,2.838,2.894,2.3,-4.3,50.2,13.4
2016-05-12,2.1861,2.2411,2.3002,2.5344,2.7018,2.8953,2.8975,2.0,2.325,2.835,2.8955,2.3,-4.3,50.2,13.4
2016-05-13,2.1999,2.2077,2.2905,2.5249,2.7023,2.9006,2.905,2.002,2.324,2.834,2.9035,2.3,-4.3,50.2,13.4
2016-05-16,2.1999,2.2021,2.2992,2.5051,2.712,2.9211,2.9275,2.005,2.327,2.834,2.9075,2.3,-4.3,50.2,13.4
2016-05-17,2.2047,2.2017,2.2989,2.5055,2.7201,2.9399,2.93,2.011,2.331,2.835,2.9158,2.3,-4.3,50.2,13.4
2016-05-18,2.2106,2.2203,2.3131,2.5362,2.7661,2.9797,2.955,2.011,2.332,2.839,2.9227,2.3,-4.3,50.2,13.4
2016-05-19,2.2,2.2261,2.3143,2.5417,2.7663,2.9897,2.96,2.01,2.331,2.837,2.9273,2.3,-4.3,50.2,13.4
2016-05-20,2.1904,2.2319,2.3064,2.537,2.7408,2.9795,2.95,2.008,2.331,2.839,2.9288,2.3,-4.3,50.2,13.4
2016-05-23,2.1797,2.2132,2.3005,2.5432,2.7521,2.9836,2.955,2.004,2.33,2.84,2.93,2.3,-4.3,50.2,13.4
2016-05-24,2.1749,2.217,2.3187,2.543,2.7471,2.9733,2.935,2.002,2.33,2.842,2.933,2.3,-4.3,50.2,13.4
2016-05-25,2.181,2.2089,2.313,2.5561,2.7453,2.9696,2.9401,2.001,2.331,2.842,2.9385,2.3,-4.3,50.2,13.4
2016-05-26,2.1701,2.2155,2.3194,2.5644,2.7571,2.9721,2.9401,2.001,2.332,2.845,2.941,2.3,-4.3,50.2,13.4
2016-05-27,2.153,2.2187,2.3168,2.6034,2.7593,2.9769,2.9451,2.001,2.333,2.846,2.942,2.3,-4.3,50.2,13.4
2016-05-30,2.1682,2.2075,2.3196,2.6098,2.7561,2.9824,2.9776,2.002,2.334,2.846,2.9455,2.3,-4.3,50.2,13.4
2016-05-31,2.1896,2.2151,2.3201,2.6074,2.7513,2.9819,2.9851,2.01,2.338,2.846,2.946,2.3,-3.4,50.1,12.8
2016-06-01,2.1902,2.216,2.3438,2.6019,2.7519,2.9858,2.9952,2.006,2.337,2.842,2.946,2.3,-3.4,50.1,12.8
2016-06-02,2.2002,2.2411,2.3753,2.6069,2.7649,2.9982,3.0127,2.004,2.342,2.838,2.946,2.3,-3.4,50.1,12.8
2016-06-03,2.2021,2.2396,2.3975,2.6053,2.7833,3.0026,3.0152,1.999,2.338,2.835,2.947,2.3,-3.4,50.1,12.8
2016-06-06,2.1811,2.2403,2.4022,2.6058,2.771,2.9886,3.0041,1.998,2.337,2.839,2.946,2.3,-3.4,50.1,12.8
2016-06-07,2.1684,2.2428,2.3979,2.6021,2.7815,2.9893,3.0071,2.0,2.34,2.838,2.946,2.3,-3.4,50.1,12.8
2016-06-08,2.1935,2.2357,2.4041,2.609,2.8161,3.0012,3.0077,2.0,2.341,2.838,2.946,2.3,-3.4,50.1,12.8
2016-06-12,2.1987,2.2393,2.416,2.6086,2.8076,3.0135,3.0053,2.0,2.343,2.842,2.946,2.3,-3.4,50.1,12.8
2016-06-13,2.2176,2.2677,2.413,2.6079,2.814,2.9935,2.9979,2.0,2.342,2.844,2.9476,2.3,-3.4,50.1,12.8
2016-06-14,2.2153,2.2754,2.4087,2.597,2.7818,2.964,2.9654,2.0,2.341,2.844,2.9508,2.3,-3.4,50.1,12.8
2016-06-15,2.2135,2.2782,2.4071,2.6052,2.7744,2.9599,2.9604,2.0,2.341,2.844,2.9521,2.3,-3.4,50.1,12.8
2016-06-16,2.2076,2.2719,2.4006,2.5938,2.7612,2.9371,2.9455,2.002,2.343,2.8535,2.9523,2.3,-3.4,50.1,12.8
2016-06-17,2.183,2.2376,2.3989,2.5967,2.7611,2.9354,2.9379,2.005,2.346,2.859,2.9568,2.3,-3.4,50.1,12.8
2016-06-20,2.1904,2.2033,2.4061,2.5886,2.7705,2.9417,2.9481,2.01,2.351,2.8675,2.9572,2.3,-3.4,50.1,12.8
2016-06-21,2.1859,2.2416,2.4076,2.599,2.7735,2.94,2.9405,2.019,2.354,2.8728,2.9573,2.3,-3.4,50.1,12.8
2016-06-22,2.1815,2.2261,2.402,2.5968,2.751,2.9202,2.9307,2.027,2.355,2.8768,2.9593,2.3,-3.4,50.1,12.8
2016-06-23,2.2059,2.252,2.3979,2.5827,2.7497,2.9202,2.9307,2.032,2.358,2.8813,2.9605,2.3,-3.4,50.1,12.8
2016-06-24,2.2022,2.2742,2.4005,2.5678,2.7079,2.8801,2.8808,2.035,2.371,2.8852,2.9626,2.3,-3.4,50.1,12.8
2016-06-27,2.1987,2.2761,2.3985,2.5427,2.6726,2.84,2.831,2.038,2.375,2.8886,2.9618,2.3,-3.4,50.1,12.8
2016-06-28,2.1849,2.2663,2.3917,2.5567,2.6856,2.865,2.861,2.04,2.381,2.8899,2.9638,2.3,-3.4,50.1,12.8
2016-06-29,2.187,2.267,2.4022,2.5591,2.6937,2.87,2.8586,2.038,2.386,2.89,2.9639,2.3,-3.4,50.1,12.8
2016-06-30,2.1978,2.2718,2.3901,2.5484,2.6865,2.85,2.8411,2.037,2.385,2.887,2.9659,2.0,-2.8,50.1,11.8
2016-07-01,2.1951,2.2692,2.3611,2.5293,2.6556,2.8102,2.8038,2.027,2.365,2.877,2.9661,2.0,-2.8,50.1,11.8
2016-07-04,2.1896,2.2634,2.3611,2.5462,2.6715,2.8301,2.8314,2.014,2.355,2.869,2.9672,2.0,-2.8,50.1,11.8
2016-07-05,2.2129,2.2572,2.3464,2.5478,2.6829,2.85,2.8514,2.007,2.344,2.86,2.9605,2.0,-2.8,50.1,11.8
2016-07-06,2.227,2.2545,2.3317,2.5437,2.6669,2.8303,2.8365,1.999,2.337,2.856,2.953,2.0,-2.8,50.1,11.8
2016-07-07,2.2049,2.2463,2.317,2.5183,2.6479,2.815,2.8066,1.997,2.33,2.8535,2.9455,2.0,-2.8,50.1,11.8
2016-07-08,2.1844,2.197,2.3074,2.5194,2.6493,2.8102,2.8016,1.996,2.327,2.8495,2.936,2.0,-2.8,50.1,11.8
2016-07-11,2.1923,2.1957,2.3039,2.5313,2.6586,2.8204,2.8268,1.996,2.323,2.845,2.931,2.0,-2.8,50.1,11.8
2016-07-12,2.196,2.2215,2.3131,2.531,2.6805,2.8304,2.8368,1.994,2.319,2.837,2.924,2.0,-2.8,50.1,11.8
2016-07-13,2.2152,2.2208,2.3295,2.5441,2.7014,2.8452,2.8493,1.993,2.313,2.823,2.907,2.0,-2.8,50.1,11.8
2016-07-14,2.1931,2.2226,2.3191,2.5318,2.6942,2.8306,2.8395,1.993,2.31,2.81,2.888,2.0,-2.8,50.1,11.8
2016-07-15,2.1724,2.203,2.3187,2.5258,2.6818,2.8302,2.8271,1.996,2.308,2.803,2.877,2.0,-2.8,50.1,11.8
2016-07-18,2.1638,2.186,2.2994,2.5261,2.6775,2.83,2.8271,1.996,2.307,2.799,2.87,2.0,-2.8,50.1,11.8
2016-07-19,2.155,2.1684,2.2938,2.5223,2.656,2.83,2.8197,2.003,2.308,2.795,2.865,2.0,-2.8,50.1,11.8
2016-07-20,2.1575,2.1808,2.265,2.511,2.621,2.8001,2.7996,2.005,2.308,2.794,2.8615,2.0,-2.8,50.1,11.8
2016-07-21,2.1574,2.1806,2.2404,2.4914,2.6012,2.7801,2.7806,2.008,2.311,2.786,2.8575,2.0,-2.8,50.1,11.8
2016-07-22,2.1553,2.1913,2.2629,2.4842,2.5965,2.7833,2.7907,2.023,2.321,2.784,2.856,2.0,-2.8,50.1,11.8
2016-07-25,2.1508,2.2138,2.2629,2.4953,2.5917,2.805,2.8068,2.032,2.332,2.78,2.854,2.0,-2.8,50.1,11.8
2016-07-26,2.1512,2.1965,2.2663,2.5008,2.5919,2.7901,2.7914,2.037,2.348,2.779,2.851,2.0,-2.8,50.1,11.8
2016-07-27,2.1439,2.1664,2.2423,2.4873,2.5821,2.7951,2.7967,2.038,2.36,2.777,2.849,2.0,-2.8,50.1,11.8
2016-07-28,2.1509,2.1834,2.2383,2.4715,2.5825,2.7851,2.7867,2.028,2.359,2.775,2.8465,2.0,-2.8,50.1,11.8
2016-07-29,2.1463,2.1951,2.2394,2.4802,2.5827,2.7752,2.7768,2.017,2.348,2.773,2.846,2.0,-2.8,50.1,11.8
2016-08-01,2.1465,2.1966,2.2368,2.4782,2.5831,2.7802,2.783,2.012,2.343,2.7665,2.844,1.9,-2.6,50.0,11.8
2016-08-02,2.1168,2.1928,2.2454,2.4414,2.584,2.7801,2.7792,2.008,2.338,2.761,2.839,1.9,-2.6,50.0,11.8
2016-08-03,2.1035,2.1759,2.2157,2.4343,2.5793,2.7701,2.7718,2.004,2.332,2.755,2.8335,1.9,-2.6,50.0,11.8
2016-08-04,2.0973,2.1604,2.196,2.4322,2.5796,2.7632,2.7694,2.002,2.324,2.739,2.822,1.9,-2.6,50.0,11.8
2016-08-05,2.0958,2.1545,2.186,2.4126,2.5547,2.7396,2.7534,2.002,2.317,2.729,2.8185,1.9,-2.6,50.0,11.8
2016-08-08,2.0743,2.1578,2.1851,2.4083,2.5553,2.7279,2.7472,2.005,2.316,2.721,2.815,1.9,-2.6,50.0,11.8
2016-08-09,2.0911,2.1438,2.1789,2.3834,2.5306,2.7018,2.7125,2.01,2.317,2.714,2.8105,1.9,-2.6,50.0,11.8
2016-08-10,2.0805,2.1259,2.169,2.3712,2.5003,2.6821,2.695,2.017,2.325,2.709,2.8085,1.9,-2.6,50.0,11.8
2016-08-11,2.0814,2.0967,2.1531,2.3843,2.4872,2.6811,2.6875,2.021,2.332,2.705,2.805,1.9,-2.6,50.0,11.8
2016-08-12,2.0648,2.043,2.1385,2.3699,2.4752,2.666,2.6701,2.021,2.336,2.705,2.8045,1.9,-2.6,50.0,11.8
2016-08-15,2.0474,2.0509,2.1302,2.3555,2.4656,2.6316,2.6401,2.0233,2.3411,2.7056,2.8028,1.9,-2.6,50.0,11.8
2016-08-16,2.0279,2.0506,2.0955,2.3566,2.4763,2.6609,2.6651,2.022,2.343,2.702,2.7995,1.9,-2.6,50.0,11.8
2016-08-17,2.031,2.0507,2.1004,2.3569,2.4974,2.6859,2.6901,2.022,2.345,2.698,2.796,1.9,-2.6,50.0,11.8
2016-08-18,2.0228,2.0514,2.0904,2.3473,2.5059,2.69,2.6801,2.023,2.347,2.696,2.794,1.9,-2.6,50.0,11.8
2016-08-19,2.0009,2.0426,2.1015,2.3679,2.5264,2.7152,2.7001,2.023,2.347,2.696,2.793,1.9,-2.6,50.0,11.8
2016-08-22,1.9833,2.0552,2.1032,2.3841,2.5079,2.6925,2.6801,2.0233,2.3467,2.6978,2.7944,1.9,-2.6,50.0,11.8
2016-08-23,2.0153,2.0542,2.1026,2.3949,2.5445,2.7498,2.7201,2.033,2.352,2.696,2.793,1.9,-2.6,50.0,11.8
2016-08-24,2.0091,2.0556,2.1108,2.4099,2.5595,2.7622,2.7301,2.043,2.362,2.6976,2.794,1.9,-2.6,50.0,11.8
2016-08-25,2.0005,2.0564,2.1199,2.421,2.5489,2.7498,2.7201,2.044,2.364,2.6998,2.795,1.9,-2.6,50.0,11.8
2016-08-26,2.0001,2.0465,2.1262,2.4314,2.5435,2.7397,2.6927,2.044,2.362,2.697,2.796,1.9,-2.6,50.0,11.8
2016-08-29,2.0035,2.025,2.1282,2.412,2.5611,2.7619,2.7064,2.049,2.364,2.696,2.795,1.9,-2.6,50.0,11.8
2016-08-30,2.0038,2.0616,2.1286,2.4275,2.5663,2.8019,2.7527,2.063,2.366,2.696,2.795,1.9,-2.6,50.0,11.8
2016-08-31,2.0054,2.0703,2.116,2.4275,2.5713,2.7895,2.7425,2.065,2.369,2.696,2.794,1.8,-1.7,49.9,10.2
2016-09-01,2.0012,2.0526,2.113,2.4137,2.5622,2.7858,2.7452,2.066,2.368,2.696,2.791,1.8,-1.7,49.9,10.2
2016-09-02,2.0249,2.0591,2.1297,2.4238,2.5619,2.7748,2.7452,2.066,2.369,2.69,2.788,1.8,-1.7,49.9,10.2
2016-09-05,2.0142,2.0704,2.1267,2.425,2.5733,2.7895,2.7503,2.07,2.369,2.686,2.786,1.8,-1.7,49.9,10.2
2016-09-06,2.0491,2.055,2.1359,2.4303,2.5728,2.7937,2.7628,2.077,2.368,2.682,2.7845,1.8,-1.7,49.9,10.2
2016-09-07,2.04,2.0781,2.128,2.4308,2.5731,2.8,2.7853,2.0803,2.368,2.677,2.781,1.8,-1.7,49.9,10.2
2016-09-08,2.0492,2.055,2.1405,2.4256,2.5739,2.7825,2.7753,2.081,2.37,2.6745,2.781,1.8,-1.7,49.9,10.2
2016-09-09,2.0295,2.0528,2.1622,2.4249,2.5632,2.7725,2.7678,2.085,2.3765,2.677,2.7831,1.8,-1.7,49.9,10.2
2016-09-12,2.0299,2.0507,2.1854,2.4511,2.5782,2.795,2.7916,2.095,2.378,2.6767,2.7849,1.8,-1.7,49.9,10.2
2016-09-13,2.0292,2.0464,2.1722,2.4467,2.5732,2.775,2.7654,2.108,2.3855,2.6792,2.785,1.8,-1.7,49.9,10.2
2016-09-14,2.0893,2.0997,2.1717,2.4471,2.5708,2.76,2.7579,2.128,2.392,2.686,2.7885,1.8,-1.7,49.9,10.2
2016-09-18,2.0983,2.1033,2.1834,2.448,2.5748,2.7612,2.7655,2.14,2.394,2.6896,2.7919,1.8,-1.7,49.9,10.2
2016-09-19,2.1101,2.1109,2.1784,2.4376,2.5699,2.76,2.7605,2.154,2.397,2.695,2.796,1.8,-1.7,49.9,10.2
2016-09-20,2.0988,2.1004,2.1734,2.4278,2.568,2.7475,2.7431,2.159,2.4,2.699,2.799,1.8,-1.7,49.9,10.2
2016-09-21,2.1025,2.1167,2.1734,2.4378,2.571,2.7575,2.7518,2.167,2.405,2.7069,2.8009,1.8,-1.7,49.9,10.2
2016-09-22,2.0599,2.0926,2.1634,2.4211,2.5639,2.75,2.7456,2.168,2.408,2.7177,2.803,1.8,-1.7,49.9,10.2
2016-09-23,2.0487,2.0901,2.1584,2.398,2.5529,2.745,2.7318,2.1668,2.406,2.7298,2.804,1.8,-1.7,49.9,10.2
2016-09-26,2.0523,2.0976,2.1534,2.407,2.5474,2.735,2.7157,2.164,2.439,2.733,2.804,1.8,-1.7,49.9,10.2
2016-09-27,2.0434,2.0957,2.1684,2.3983,2.5536,2.7387,2.7144,2.166,2.459,2.7353,2.8025,1.8,-1.7,49.9,10.2
2016-09-28,2.0501,2.0928,2.1684,2.3775,2.5609,2.74,2.7244,2.178,2.476,2.7396,2.8015,1.8,-1.7,49.9,10.2
2016-09-29,2.0347,2.0912,2.1684,2.3884,2.5552,2.745,2.7282,2.188,2.487,2.743,2.8015,1.8,-1.7,49.9,10.2
2016-09-30,2.0482,2.0753,2.1584,2.411,2.5489,2.7401,2.7258,2.327,2.477,2.741,2.8015,1.3,-0.8,50.4,11.4
2016-10-08,2.0574,2.0799,2.1508,2.4138,2.5447,2.7249,2.7047,2.193,2.442,2.736,2.8015,1.3,-0.8,50.4,11.4
2016-10-09,2.0579,2.0799,2.16,2.4128,2.5174,2.6949,2.676,2.175,2.425,2.73,2.8015,1.3,-0.8,50.4,11.4
2016-10-10,2.0448,2.091,2.1487,2.398,2.5134,2.685,2.6735,2.162,2.41,2.725,2.8015,1.3,-0.8,50.4,11.4
2016-10-11,2.0222,2.0757,2.1513,2.398,2.514,2.6925,2.6835,2.153,2.394,2.718,2.8015,1.3,-0.8,50.4,11.4
2016-10-12,1.9957,2.0846,2.159,2.3978,2.5197,2.7032,2.7098,2.15,2.383,2.7148,2.8015,1.3,-0.8,50.4,11.4
2016-10-13,1.9982,2.0869,2.1467,2.3887,2.5263,2.7,2.701,2.151,2.378,2.7125,2.8025,1.3,-0.8,50.4,11.4
2016-10-14,1.9427,2.0644,2.1381,2.378,2.4677,2.6728,2.6952,2.153,2.374,2.711,2.8025,1.3,-0.8,50.4,11.4
2016-10-17,1.9803,2.0693,2.1496,2.3884,2.4694,2.6658,2.6904,2.159,2.375,2.7101,2.804,1.3,-0.8,50.4,11.4
2016-10-18,1.975,2.0722,2.1447,2.3191,2.4631,2.6688,2.6965,2.173,2.381,2.7121,2.804,1.3,-0.8,50.4,11.4
2016-10-19,1.9665,2.0914,2.1361,2.3087,2.4351,2.652,2.6664,2.196,2.39,2.7133,2.804,1.3,-0.8,50.4,11.4
2016-10-20,1.9519,2.0823,2.1361,2.2926,2.4271,2.624,2.6518,2.208,2.397,2.7213,2.8054,1.3,-0.8,50.4,11.4
2016-10-21,1.9777,2.0383,2.1461,2.3024,2.4056,2.5903,2.6451,2.222,2.401,2.7242,2.8096,1.3,-0.8,50.4,11.4
2016-10-24,1.9765,2.0094,2.1593,2.3177,2.4124,2.5989,2.6595,2.231,2.404,2.7245,2.813,1.3,-0.8,50.4,11.4
2016-10-25,1.9981,2.0095,2.1493,2.3025,2.409,2.611,2.6859,2.238,2.404,2.7265,2.814,1.3,-0.8,50.4,11.4
2016-10-26,2.0293,2.0413,2.1803,2.3385,2.4556,2.6549,2.72,2.248,2.409,2.7347,2.8164,1.3,-0.8,50.4,11.4
2016-10-27,2.0211,2.0403,2.187,2.3489,2.446,2.6622,2.7068,2.254,2.411,2.7365,2.8207,1.3,-0.8,50.4,11.4
2016-10-28,2.0087,2.0293,2.1751,2.3397,2.4412,2.664,2.7027,2.254,2.415,2.7427,2.8221,1.3,-0.8,50.4,11.4
2016-10-31,2.0229,2.0319,2.1712,2.3407,2.4518,2.6762,2.7425,2.253,2.418,2.7453,2.8233,1.9,0.1,50.4,11.5
2016-11-01,1.997,2.0709,2.1741,2.3516,2.4519,2.7035,2.7375,2.252,2.416,2.7486,2.8254,1.9,0.1,50.4,11.5
2016-11-02,2.0009,2.0715,2.1621,2.3515,2.4367,2.7015,2.7372,2.2492,2.414,2.7509,2.8296,1.9,0.1,50.4,11.5
2016-11-03,2.0052,2.0735,2.15,2.3418,2.4421,2.6962,2.7301,2.245,2.408,2.749,2.838,1.9,0.1,50.4,11.5
2016-11-04,1.9982,2.0734,2.1391,2.3422,2.4524,2.7001,2.7339,2.232,2.405,2.7489,2.8458,1.9,0.1,50.4,11.5
2016-11-07,2.0113,2.0927,2.1451,2.3581,2.4663,2.7161,2.7475,2.206,2.399,2.7489,2.8576,1.9,0.1,50.4,11.5
2016-11-08,2.0242,2.0772,2.1451,2.3635,2.4733,2.7438,2.7634,2.187,2.392,2.747,2.8648,1.9,0.1,50.4,11.5
2016-11-09,2.021,2.0754,2.1401,2.3689,2.4887,2.7359,2.7651,2.182,2.389,2.745,2.8655,1.9,0.1,50.4,11.5
2016-11-10,2.046,2.0733,2.1401,2.3691,2.4837,2.7614,2.7926,2.196,2.393,2.746,2.8701,1.9,0.1,50.4,11.5
2016-11-11,2.0432,2.1132,2.1406,2.3714,2.5252,2.7819,2.815,2.211,2.402,2.7476,2.8751,1.9,0.1,50.4,11.5
2016-11-14,2.05,2.1101,2.1313,2.3656,2.5877,2.8143,2.8577,2.231,2.407,2.7508,2.8846,1.9,0.1,50.4,11.5
2016-11-15,2.0514,2.1373,2.1618,2.4062,2.6023,2.8254,2.8501,2.247,2.415,2.7511,2.8955,1.9,0.1,50.4,11.5
2016-11-16,2.052,2.1142,2.1514,2.4068,2.6181,2.8364,2.8652,2.257,2.428,2.7545,2.9125,1.9,0.1,50.4,11.5
2016-11-17,2.072,2.136,2.1813,2.4318,2.6638,2.8517,2.9055,2.259,2.436,2.7608,2.9325,1.9,0.1,50.4,11.5
2016-11-18,2.0866,2.1715,2.2258,2.4463,2.6582,2.8573,2.8901,2.265,2.444,2.7739,2.9505,1.9,0.1,50.4,11.5
2016-11-21,2.1316,2.162,2.2027,2.4567,2.6694,2.8566,2.8851,2.271,2.448,2.7894,2.9701,1.9,0.1,50.4,11.5
2016-11-22,2.1271,2.1375,2.1753,2.4587,2.6592,2.8536,2.8689,2.273,2.45,2.799,2.9765,1.9,0.1,50.4,11.5
2016-11-23,2.1225,2.1375,2.1853,2.4588,2.6491,2.8249,2.8451,2.277,2.451,2.8089,2.9857,1.9,0.1,50.4,11.5
2016-11-24,2.1499,2.1571,2.2002,2.4755,2.6383,2.834,2.8502,2.282,2.452,2.8199,2.9956,1.9,0.1,50.4,11.5
2016-11-25,2.1295,2.2133,2.2294,2.5102,2.6476,2.853,2.865,2.289,2.458,2.826,3.0026,1.9,0.1,50.4,11.5
2016-11-28,2.1577,2.2119,2.22,2.5122,2.6587,2.8342,2.8502,2.298,2.466,2.8446,3.0113,1.9,0.1,50.4,11.5
2016-11-29,2.1931,2.2579,2.2599,2.5525,2.7096,2.89,2.8906,2.302,2.481,2.8565,3.0172,1.9,0.1,50.4,11.5
2016-11-30,2.2976,2.2984,2.301,2.6027,2.7282,2.9263,2.9502,2.316,2.496,2.8697,3.0358,2.1,1.2,51.2,11.6
2016-12-01,2.4006,2.3527,2.327,2.6437,2.7839,2.9662,2.9893,2.325,2.502,2.893,3.0556,2.1,1.2,51.2,11.6
2016-12-02,2.3934,2.3971,2.3509,2.6632,2.7892,2.9858,2.9895,2.32,2.501,2.9163,3.0686,2.1,1.2,51.2,11.6
2016-12-05,2.3805,2.4396,2.3974,2.6216,2.8131,3.0222,3.0302,2.308,2.497,2.9457,3.0889,2.1,1.2,51.2,11.6
2016-12-06,2.3668,2.4534,2.3702,2.6654,2.9062,3.111,3.1151,2.299,2.493,2.9756,3.1039,2.1,1.2,51.2,11.6
2016-12-07,2.3809,2.4337,2.3984,2.6722,2.8955,3.0855,3.0877,2.292,2.491,2.9996,3.1134,2.1,1.2,51.2,11.6
2016-12-08,2.3677,2.4076,2.44,2.6701,2.8635,3.06,3.0753,2.2908,2.4908,3.03,3.1144,2.1,1.2,51.2,11.6
2016-12-09,2.4052,2.4337,2.5096,2.6895,2.8413,3.0578,3.0853,2.2925,2.4928,3.056,3.1265,2.1,1.2,51.2,11.6
2016-12-12,2.4564,2.4995,2.5744,2.7132,2.9043,3.1067,3.1458,2.292,2.494,3.0756,3.1377,2.1,1.2,51.2,11.6
2016-12-13,2.3759,2.4586,2.5995,2.7487,2.9234,3.1337,3.1863,2.296,2.496,3.0916,3.1498,2.1,1.2,51.2,11.6
2016-12-14,2.5396,2.6088,2.7059,2.7489,2.9657,3.1383,3.2186,2.3,2.499,3.1072,3.1568,2.1,1.2,51.2,11.6
2016-12-15,2.6742,2.716,2.8556,2.9163,3.0906,3.2779,3.3315,2.311,2.505,3.1245,3.1635,2.1,1.2,51.2,11.6
2016-12-16,2.8714,2.9068,2.9874,2.9986,3.0561,3.2604,3.2803,2.33,2.519,3.1545,3.1774,2.1,1.2,51.2,11.6
2016-12-19,3.0404,3.046,3.0491,3.0498,3.1483,3.2927,3.3316,2.335,2.525,3.1695,3.1898,2.1,1.2,51.2,11.6
2016-12-20,3.0948,3.1054,3.0491,3.1229,3.1906,3.2939,3.3739,2.345,2.5375,3.2,3.204,2.1,1.2,51.2,11.6
2016-12-21,3.0908,3.0312,2.9194,3.0588,3.1374,3.2499,3.2815,2.345,2.544,3.221,3.2164,2.1,1.2,51.2,11.6
2016-12-22,3.0496,2.9979,2.8718,3.0588,3.0675,3.1783,3.1908,2.341,2.544,3.2371,3.2267,2.1,1.2,51.2,11.6
2016-12-23,2.8525,2.9108,2.7165,2.9981,3.0013,3.1333,3.1769,2.323,2.543,3.2558,3.2337,2.1,1.2,51.2,11.6
2016-12-26,2.8517,2.9036,2.7236,2.9278,2.9422,3.067,3.1551,2.294,2.545,3.2716,3.2414,2.1,1.2,51.2,11.6
2016-12-27,2.8665,2.8718,2.7348,2.9256,2.9327,3.1061,3.1628,2.264,2.547,3.2842,3.2512,2.1,1.2,51.2,11.6
2016-12-28,2.8563,2.8968,2.7507,2.9206,2.9274,3.0792,3.1223,2.246,2.545,3.2945,3.2592,2.1,1.2,51.2,11.6
2016-12-29,2.7023,2.702,2.718,2.8067,2.8574,3.012,3.0471,2.227,2.544,3.2988,3.2651,2.1,1.2,51.2,11.6
2016-12-30,2.6515,2.6535,2.6493,2.785,2.854,2.9918,3.0115,2.23,2.543,3.3059,3.2726,2.1,1.2,51.2,11.6
2016-12-31,2.6474,2.6494,2.6503,2.785,2.854,2.9918,3.0115,,,,,2.3,3.3,51.7,11.4
2017-01-03,2.6294,2.7152,2.7484,2.8265,2.8877,3.0364,3.1054,2.209,2.589,3.3126,3.2813,2.3,3.3,51.7,11.4
2017-01-04,2.6431,2.6687,2.749,2.8599,2.9339,3.0709,3.1823,2.172,2.545,3.3223,3.2912,2.3,3.3,51.7,11.4
2017-01-05,2.6009,2.6709,2.7804,2.8567,2.9306,3.1437,3.2086,2.13,2.474,3.3578,3.3384,2.3,3.3,51.7,11.4
2017-01-06,2.6135,2.6888,2.7799,2.8348,2.9534,3.1421,3.1953,2.112,2.441,3.4101,3.4388,2.3,3.3,51.7,11.4
2017-01-09,2.6135,2.6665,2.765,2.816,2.9445,3.1086,3.1692,2.094,2.41,3.4738,3.5152,2.3,3.3,51.7,11.4
2017-01-10,2.6017,2.6531,2.7252,2.8191,2.9119,3.092,3.1792,2.096,2.399,3.5314,3.5526,2.3,3.3,51.7,11.4
2017-01-11,2.6057,2.6583,2.7164,2.853,2.9531,3.1308,3.2055,2.104,2.39,3.5662,3.5853,2.3,3.3,51.7,11.4
2017-01-12,2.5816,2.6432,2.7147,2.8106,2.9616,3.1105,3.1888,2.103,2.394,3.6387,3.6536,2.3,3.3,51.7,11.4
2017-01-13,2.5511,2.589,2.6866,2.8121,2.9452,3.1067,3.2022,2.104,2.398,3.6718,3.6874,2.3,3.3,51.7,11.4
2017-01-16,2.5302,2.5532,2.6224,2.7933,2.9596,3.1226,3.2496,2.142,2.4239,3.6852,3.7018,2.3,3.3,51.7,11.4
2017-01-17,2.5808,2.6303,2.6677,2.8382,2.983,3.1532,3.2692,2.2563,2.4666,3.7116,3.7222,2.3,3.3,51.7,11.4
2017-01-18,2.6025,2.6494,2.638,2.8194,2.9612,3.1661,3.2682,2.328,2.5042,3.7502,3.7491,2.3,3.3,51.7,11.4
2017-01-19,2.6437,2.6348,2.6678,2.8168,2.9715,3.2088,3.2584,2.364,2.538,3.7951,3.803,2.3,3.3,51.7,11.4
2017-01-20,2.5601,2.611,2.6413,2.8082,2.9619,3.1851,3.244,2.376,2.593,3.8196,3.8213,2.3,3.3,51.7,11.4
2017-01-22,2.525,2.5935,2.643,2.7873,2.9645,3.1871,3.255,2.189,2.607,3.808,3.8301,2.3,3.3,51.7,11.4
2017-01-23,2.5458,2.5835,2.6429,2.7808,2.9568,3.2026,3.2429,2.175,2.637,3.8118,3.8401,2.3,3.3,51.7,11.4
2017-01-24,2.5441,2.5931,2.6418,2.7961,2.973,3.2303,3.2837,2.164,2.662,3.8142,3.8401,2.3,3.3,51.7,11.4
2017-01-25,2.5307,2.6141,2.6543,2.8213,3.0275,3.2653,3.3463,2.165,2.684,3.8295,3.8551,2.3,3.3,51.7,11.4
2017-01-26,2.4821,2.6009,2.6757,2.8212,3.0375,3.2777,3.3465,2.5293,2.691,3.851,3.8706,2.3,3.3,51.7,11.4
2017-02-03,2.5921,2.6634,2.7402,2.8551,3.0791,3.3119,3.4214,2.218,2.652,3.8761,3.9175,2.1,5.5,51.4,11.3
2017-02-04,2.6094,2.6693,2.7926,2.877,3.1067,3.2995,3.4099,2.2571,2.648,3.8907,3.9348,2.1,5.5,51.4,11.3
2017-02-06,2.6253,2.7095,2.8439,2.9079,3.1067,3.3332,3.4905,2.278,2.628,3.9031,3.9497,2.1,5.5,51.4,11.3
2017-02-07,2.6576,2.7013,2.8942,2.9554,3.1103,3.3487,3.4866,2.281,2.6283,3.9304,4.016,2.1,5.5,51.4,11.3
2017-02-08,2.6272,2.7013,2.8621,2.9508,3.1104,3.3215,3.4591,2.2765,2.633,3.9601,4.1094,2.1,5.5,51.4,11.3
2017-02-09,2.6525,2.7249,2.83,2.9514,3.0646,3.2717,3.4148,2.272,2.634,3.9839,4.144,2.1,5.5,51.4,11.3
2017-02-10,2.6128,2.6823,2.8357,2.951,3.0542,3.3003,3.4368,2.2678,2.6233,3.9938,4.1727,2.1,5.5,51.4,11.3
2017-02-13,2.6009,2.6793,2.8467,2.9367,3.0346,3.2978,3.4192,2.264,2.623,4.0052,4.2029,2.1,5.5,51.4,11.3
2017-02-14,2.5953,2.6708,2.8228,2.9519,3.0446,3.2761,3.4107,2.261,2.6208,4.016,4.2148,2.1,5.5,51.4,11.3
2017-02-15,2.6234,2.6996,2.8226,2.9206,3.0562,3.2743,3.4058,2.2658,2.627,4.0312,4.2394,2.1,5.5,51.4,11.3
2017-02-16,2.6029,2.7039,2.8127,2.9017,3.0677,3.2343,3.3559,2.333,2.6435,4.0516,4.2518,2.1,5.5,51.4,11.3
2017-02-17,2.5609,2.6919,2.7982,2.8805,3.0426,3.1982,3.3311,2.36,2.664,4.0652,4.2567,2.1,5.5,51.4,11.3
2017-02-20,2.5508,2.6407,2.7505,2.8806,2.9966,3.1844,3.2812,2.4086,2.675,4.075,4.2622,2.1,5.5,51.4,11.3
2017-02-21,2.5947,2.6533,2.7166,2.8452,3.009,3.2028,3.3013,2.483,2.691,4.082,4.2704,2.1,5.5,51.4,11.3
2017-02-22,2.6173,2.6511,2.7087,2.8673,3.0081,3.1864,3.2839,2.4845,2.706,4.085,4.2778,2.1,5.5,51.4,11.3
2017-02-23,2.5936,2.6438,2.698,2.8575,3.0036,3.1814,3.2714,2.5271,2.716,4.093,4.284,2.1,5.5,51.4,11.3
2017-02-24,2.5978,2.6634,2.7069,2.8886,3.0076,3.2031,3.2916,2.4756,2.725,4.091,4.2829,2.1,5.5,51.4,11.3
2017-02-27,2.582,2.6417,2.7106,2.8945,2.9816,3.185,3.2871,2.4338,2.711,4.082,4.2804,2.1,5.5,51.4,11.3
2017-02-28,2.5965,2.6398,2.7121,2.9001,2.9999,3.1891,3.292,2.493,2.728,4.08,4.2841,2.5,6.9,51.3,10.7032
2017-03-01,2.6104,2.6412,2.7144,2.8894,3.019,3.1928,3.3252,2.4943,2.729,4.0763,4.2881,2.5,6.9,51.3,10.7032
2017-03-02,2.6098,2.6176,2.7617,2.8897,3.045,3.19,3.3483,2.4611,2.732,4.083,4.2904,2.5,6.9,51.3,10.7032
2017-03-03,2.6042,2.6422,2.8002,2.9024,3.0391,3.1974,3.3573,2.369,2.659,4.0851,4.2905,2.5,6.9,51.3,10.7032
2017-03-06,2.6344,2.694,2.786,2.895,3.0404,3.1971,3.3615,2.4033,2.646,4.0951,4.2925,2.5,6.9,51.3,10.7032
2017-03-07,2.6469,2.6908,2.7857,2.9254,3.0387,3.1974,3.3643,2.4041,2.644,4.1016,4.2918,2.5,6.9,51.3,10.7032
2017-03-08,2.6519,2.719,2.8246,2.9581,3.0739,3.2103,3.4088,2.4061,2.655,4.1052,4.2932,2.5,6.9,51.3,10.7032
2017-03-09,2.6747,2.7136,2.8368,2.9348,3.1016,3.2185,3.4151,2.4076,2.659,4.1126,4.2943,2.5,6.9,51.3,10.7032
2017-03-10,2.6765,2.7204,2.8271,2.9328,3.1507,3.1984,3.4156,2.4019,2.655,4.1153,4.2942,2.5,6.9,51.3,10.7032
2017-03-13,2.6634,2.7386,2.8138,2.9078,3.1363,3.2144,3.3851,2.379,2.649,4.1226,4.2925,2.5,6.9,51.3,10.7032
2017-03-14,2.7023,2.7247,2.8314,2.9169,3.1198,3.1938,3.3653,2.3761,2.652,4.1343,4.2925,2.5,6.9,51.3,10.7032
2017-03-15,2.7193,2.7665,2.8365,2.9165,3.12,3.2049,3.3524,2.3869,2.656,4.1537,4.2933,2.5,6.9,51.3,10.7032
2017-03-16,2.7061,2.8014,2.859,2.9187,3.101,3.173,3.3097,2.441,2.6938,4.2218,4.3267,2.5,6.9,51.3,10.7032
2017-03-17,2.7654,2.8202,2.8648,2.9292,3.1135,3.1711,3.3124,2.633,2.725,4.2775,4.3507,2.5,6.9,51.3,10.7032
2017-03-20,2.7568,2.8499,2.8579,2.9321,3.1204,3.2111,3.3141,2.6325,2.7471,4.3172,4.3711,2.5,6.9,51.3,10.7032
2017-03-21,2.8051,2.8204,2.8939,2.9759,3.1441,3.2507,3.3141,2.6477,2.768,4.3558,4.3846,2.5,6.9,51.3,10.7032
2017-03-22,2.8563,2.8604,2.8885,3.0138,3.1523,3.2407,3.3068,2.6507,2.791,4.3959,4.4077,2.5,6.9,51.3,10.7032
2017-03-23,2.8592,2.864,2.8841,3.0742,3.1424,3.2308,3.3034,2.657,2.807,4.4475,4.4396,2.5,6.9,51.3,10.7032
2017-03-24,2.8627,2.8577,2.8517,3.0619,3.104,3.196,3.2529,2.604,2.784,4.4581,4.4516,2.5,6.9,51.3,10.7032
2017-03-27,2.8731,2.8576,2.8517,3.0413,3.0824,3.1964,3.2451,2.482,2.7993,4.4296,4.4364,2.5,6.9,51.3,10.7032
2017-03-28,2.8571,2.8326,2.8467,3.0319,3.0758,3.2116,3.2626,2.448,2.791,4.4105,4.423,2.5,6.9,51.3,10.7032
2017-03-29,2.8997,2.832,2.8442,3.036,3.0757,3.2265,3.2695,2.521,2.81,4.3955,4.4135,2.5,6.9,51.3,10.7032
2017-03-30,2.8859,2.8299,2.8443,3.0253,3.0831,3.2174,3.289,2.507,2.821,4.3843,4.3995,2.5,6.9,51.3,10.7032
2017-03-31,2.8815,2.8375,2.8632,3.0186,3.0782,3.2272,3.2828,2.5384,2.85,4.3501,4.393,0.8,7.8,51.6,10.45
2017-04-01,2.8771,2.8788,2.9125,3.003,3.0844,3.2173,3.273,2.497,2.778,4.317,4.3642,0.8,7.8,51.6,10.45
2017-04-05,2.8905,2.8918,2.9555,3.027,3.0883,3.2235,3.3102,2.4868,2.74,4.2525,4.3355,0.8,7.8,51.6,10.45
2017-04-06,2.8705,2.895,2.9766,3.0256,3.1096,3.2129,3.3109,2.537,2.7506,4.1783,4.3183,0.8,7.8,51.6,10.45
2017-04-07,2.8906,2.8986,2.9962,3.0236,3.0888,3.2336,3.2966,2.4957,2.741,4.118,4.301,0.8,7.8,51.6,10.45
2017-04-10,2.9098,2.9065,3.0066,3.023,3.1107,3.2391,3.3166,2.442,2.707,4.0746,4.2906,0.8,7.8,51.6,10.45
2017-04-11,2.8849,2.9115,3.0041,3.0344,3.1259,3.2337,3.3209,2.408,2.687,4.0382,4.2774,0.8,7.8,51.6,10.45
2017-04-12,2.8838,2.8982,3.0016,3.0248,3.1648,3.243,3.3283,2.3885,2.6631,4.0132,4.2653,0.8,7.8,51.6,10.45
2017-04-13,2.8632,2.8953,3.0017,3.0302,3.1595,3.264,3.322,2.413,2.6566,4.0016,4.2631,0.8,7.8,51.6,10.45
2017-04-14,2.8891,2.9637,3.0333,3.0584,3.175,3.3229,3.3599,2.429,2.674,3.9972,4.2634,0.8,7.8,51.6,10.45
2017-04-17,2.8899,2.9444,3.0757,3.0838,3.2508,3.3829,3.416,2.444,2.69,3.9972,4.2609,0.8,7.8,51.6,10.45
2017-04-18,2.8924,2.9444,3.0908,3.1436,3.2608,3.4149,3.4064,2.486,2.7175,3.9978,4.2621,0.8,7.8,51.6,10.45
2017-04-19,2.8806,3.0312,3.0912,3.1481,3.2709,3.4149,3.4065,2.575,2.752,4.0008,4.2661,0.8,7.8,51.6,10.45
2017-04-20,2.8832,3.0039,3.1164,3.1509,3.2761,3.4449,3.424,2.5987,2.758,4.005,4.2725,0.8,7.8,51.6,10.45
2017-04-21,2.8728,3.0544,3.105,3.1635,3.3215,3.4896,3.4614,2.6163,2.76,4.0095,4.2781,0.8,7.8,51.6,10.45
2017-04-24,2.8781,3.0535,3.1138,3.1867,3.3776,3.4952,3.4991,2.7157,2.79,4.01,4.2789,0.8,7.8,51.6,10.45
2017-04-25,2.8765,3.0676,3.115,3.1993,3.3372,3.4649,3.4568,2.7514,2.814,4.01,4.2839,0.8,7.8,51.6,10.45
2017-04-26,2.9182,3.0784,3.14,3.237,3.3419,3.4649,3.4519,2.759,2.8203,4.011,4.2884,0.8,7.8,51.6,10.45
2017-04-27,2.9186,3.0841,3.17,3.2306,3.3343,3.4599,3.4494,2.792,2.8449,4.0161,4.2917,0.8,7.8,51.6,10.45
2017-04-28,2.9392,3.0707,3.1672,3.2298,3.3417,3.4696,3.4668,2.819,2.8699,4.0237,4.2974,0.8,7.8,51.6,10.45
2017-05-02,2.9548,3.1263,3.2422,3.3052,3.3718,3.4899,3.487,2.8175,2.873,4.027,4.3002,0.9,7.6,51.8,10.1178
2017-05-03,2.9827,3.1329,3.3079,3.3486,3.4117,3.5177,3.5219,2.8451,2.913,4.0361,4.3309,0.9,7.6,51.8,10.1178
2017-05-04,2.989,3.1586,3.3736,3.42,3.4663,3.5697,3.5517,2.8506,2.927,4.0436,4.3476,0.9,7.6,51.8,10.1178
2017-05-05,3.0187,3.1765,3.3922,3.4297,3.4813,3.5795,3.5592,2.8348,2.9186,4.0469,4.3608,0.9,7.6,51.8,10.1178
2017-05-08,3.052,3.165,3.3919,3.5003,3.5361,3.6098,3.6042,2.818,2.9091,4.0447,4.3731,0.9,7.6,51.8,10.1178
2017-05-09,3.0341,3.1724,3.4074,3.5254,3.5921,3.6302,3.6325,2.8199,2.9233,4.0441,4.3848,0.9,7.6,51.8,10.1178
2017-05-10,3.0784,3.1661,3.453,3.5805,3.6819,3.6998,3.69,2.827,2.93,4.0463,4.3933,0.9,7.6,51.8,10.1178
2017-05-11,3.0837,3.2035,3.4348,3.6015,3.6309,3.6498,3.64,2.813,2.9294,4.0507,4.4083,0.9,7.6,51.8,10.1178
2017-05-12,3.127,3.2514,3.4683,3.6493,3.6542,3.6496,3.6525,2.7911,2.9107,4.0468,4.4088,0.9,7.6,51.8,10.1178
2017-05-15,3.1218,3.2538,3.4709,3.6008,3.6259,3.6396,3.61,2.716,2.8833,4.0462,4.4184,0.9,7.6,51.8,10.1178
2017-05-16,3.1203,3.2823,3.4883,3.6057,3.6454,3.6496,3.6225,2.746,2.8827,4.0477,4.4278,0.9,7.6,51.8,10.1178
2017-05-17,3.1584,3.3518,3.4856,3.6797,3.68,3.7194,3.6275,2.7525,2.882,4.0495,4.4349,0.9,7.6,51.8,10.1178
2017-05-18,3.1824,3.3814,3.4785,3.6696,3.6454,3.7337,3.6075,2.7641,2.8867,4.0525,4.4439,0.9,7.6,51.8,10.1178
2017-05-19,3.1836,3.3712,3.4827,3.6914,3.6823,3.7582,3.625,2.715,2.88,4.0571,4.4641,0.9,7.6,51.8,10.1178
2017-05-22,3.2004,3.3769,3.4876,3.7246,3.7204,3.7937,3.6601,2.6745,2.8679,4.061,4.4744,0.9,7.6,51.8,10.1178
2017-05-23,3.1835,3.3892,3.4923,3.7096,3.7053,3.7662,3.6725,2.654,2.8571,4.0624,4.4956,0.9,7.6,51.8,10.1178
2017-05-24,3.2517,3.4133,3.486,3.6746,3.6604,3.7266,3.6601,2.623,2.8426,4.0643,4.5177,0.9,7.6,51.8,10.1178
2017-05-25,3.2671,3.3947,3.4655,3.6402,3.6454,3.7042,3.6476,2.611,2.843,4.0646,4.5338,0.9,7.6,51.8,10.1178
2017-05-26,3.2622,3.399,3.4704,3.6392,3.6557,3.7092,3.6501,2.609,2.853,4.0655,4.5424,0.9,7.6,51.8,10.1178
2017-05-27,3.2588,3.3701,3.4651,3.6256,3.64,3.6988,3.6499,2.601,2.854,4.0685,4.5528,0.9,7.6,51.8,10.1178
2017-05-31,3.2054,3.3713,3.4542,3.5747,3.5758,3.6493,3.6102,2.6365,2.856,4.0763,4.5641,1.2,6.4,51.2,9.8426
2017-06-01,3.2092,3.3796,3.4818,3.5772,3.571,3.6593,3.6152,2.6525,2.866,4.1013,4.5779,1.2,6.4,51.2,9.8426
2017-06-02,3.3286,3.3897,3.4964,3.589,3.5709,3.6739,3.6277,2.7953,2.884,4.1892,4.6012,1.2,6.4,51.2,9.8426
2017-06-05,3.3181,3.3964,3.5018,3.5844,3.5529,3.6641,3.6152,2.8167,2.894,4.283,4.6225,1.2,6.4,51.2,9.8426
2017-06-06,3.3228,3.3973,3.5158,3.5897,3.5839,3.6791,3.6328,2.8419,2.8959,4.3633,4.6577,1.2,6.4,51.2,9.8426
2017-06-07,3.4326,3.4705,3.5982,3.6146,3.6015,3.699,3.6427,2.809,2.8919,4.4304,4.6988,1.2,6.4,51.2,9.8426
2017-06-08,3.4628,3.4914,3.659,3.6198,3.6369,3.699,3.6478,2.8199,2.8939,4.5146,4.7306,1.2,6.4,51.2,9.8426
2017-06-09,3.494,3.5746,3.6574,3.5893,3.612,3.6787,3.6303,2.8275,2.8949,4.5854,4.7555,1.2,6.4,51.2,9.8426
2017-06-12,3.4932,3.5446,3.6138,3.5449,3.5621,3.6193,3.5841,2.8302,2.8968,4.6273,4.7763,1.2,6.4,51.2,9.8426
2017-06-13,3.507,3.5763,3.6138,3.5498,3.559,3.6093,3.5754,2.832,2.9,4.6529,4.7827,1.2,6.4,51.2,9.8426
2017-06-14,3.5812,3.6945,3.6042,3.5622,3.544,3.5987,3.5354,2.825,2.9026,4.6826,4.7827,1.2,6.4,51.2,9.8426
2017-06-15,3.5691,3.6785,3.5941,3.547,3.5365,3.5991,3.5554,2.8317,2.9047,4.6946,4.7723,1.2,6.4,51.2,9.8426
2017-06-16,3.5571,3.6926,3.5979,3.5549,3.5561,3.6137,3.568,2.8528,2.914,4.699,4.7613,1.2,6.4,51.2,9.8426
2017-06-19,3.5446,3.6892,3.573,3.4868,3.4765,3.5391,3.5006,2.8635,2.9204,4.6979,4.747,1.2,6.4,51.2,9.8426
2017-06-20,3.5446,3.6683,3.5488,3.4738,3.4717,3.5395,3.4881,2.8776,2.93,4.6584,4.7141,1.2,6.4,51.2,9.8426
2017-06-21,3.5315,3.6483,3.5488,3.4949,3.5134,3.5913,3.5406,2.889,2.9429,4.6322,4.688,1.2,6.4,51.2,9.8426
2017-06-22,3.4804,3.6483,3.5489,3.5417,3.5415,3.5992,3.5607,2.869,2.9432,4.607,4.6521,1.2,6.4,51.2,9.8426
2017-06-23,3.4078,3.5513,3.5057,3.5362,3.5073,3.6009,3.5457,2.81,2.936,4.589,4.63,1.2,6.4,51.2,9.8426
2017-06-26,3.3382,3.4691,3.4815,3.4991,3.4708,3.5784,3.5134,2.717,2.9063,4.5738,4.6125,1.2,6.4,51.2,9.8426
2017-06-27,3.209,3.3645,3.4495,3.4549,3.4629,3.565,3.5084,2.626,2.8834,4.548,4.5833,1.2,6.4,51.2,9.8426
2017-06-28,3.159,3.3315,3.4545,3.4697,3.4654,3.585,3.5333,2.5596,2.8577,4.5219,4.5522,1.2,6.4,51.2,9.8426
2017-06-29,3.1488,3.3288,3.4496,3.4664,3.4657,3.59,3.5483,2.539,2.8507,4.4955,4.5211,1.2,6.4,51.2,9.8426
2017-06-30,3.1397,3.3461,3.46,3.4973,3.4931,3.615,3.5683,2.618,2.8455,4.4608,4.5009,1.5,5.5,51.2,9.1289
2017-07-03,3.1582,3.3024,3.4596,3.5259,3.5328,3.65,3.6033,2.72,2.841,4.4252,4.4857,1.5,5.5,51.2,9.1289
2017-07-04,3.1932,3.3307,3.4546,3.5132,3.528,3.645,3.6009,2.6897,2.8299,4.3987,4.4606,1.5,5.5,51.2,9.1289
2017-07-05,3.161,3.3219,3.4648,3.4921,3.5047,3.6038,3.576,2.583,2.8028,4.338,4.4285,1.5,5.5,51.2,9.1289
2017-07-06,3.1258,3.3156,3.4464,3.4667,3.4845,3.5857,3.566,2.5473,2.7919,4.2762,4.3876,1.5,5.5,51.2,9.1289
2017-07-07,3.1633,3.3416,3.4575,3.4757,3.4838,3.605,3.5897,2.533,2.7858,4.215,4.3607,1.5,5.5,51.2,9.1289
2017-07-10,3.1549,3.3262,3.4579,3.485,3.5,3.615,3.5911,2.549,2.784,4.161,4.3421,1.5,5.5,51.2,9.1289
2017-07-11,3.2009,3.3555,3.4579,3.4823,3.5096,3.61,3.5836,2.621,2.812,4.1205,4.3212,1.5,5.5,51.2,9.1289
2017-07-12,3.2382,3.3743,3.456,3.4821,3.5107,3.6,3.5749,2.646,2.8156,4.0848,4.3088,1.5,5.5,51.2,9.1289
2017-07-13,3.2169,3.36,3.4525,3.4775,3.5082,3.59,3.5643,2.659,2.8184,4.0675,4.29,1.5,5.5,51.2,9.1289
2017-07-14,3.1647,3.3633,3.4506,3.476,3.5107,3.5938,3.5637,2.627,2.803,4.0397,4.281,1.5,5.5,51.2,9.1289
2017-07-17,3.0848,3.3418,3.4383,3.4706,3.4961,3.5924,3.5626,2.6329,2.8057,4.012,4.2706,1.5,5.5,51.2,9.1289
2017-07-18,3.0624,3.3552,3.4378,3.5006,3.5177,3.6299,3.5851,2.701,2.8293,3.9989,4.2666,1.5,5.5,51.2,9.1289
2017-07-19,3.1103,3.401,3.442,3.4946,3.5102,3.6349,3.5901,2.722,2.842,3.992,4.26,1.5,5.5,51.2,9.1289
2017-07-20,3.1114,3.371,3.4071,3.4756,3.5003,3.6249,3.574,2.7534,2.853,3.9792,4.2551,1.5,5.5,51.2,9.1289
2017-07-21,3.0658,3.3542,3.4047,3.484,3.5041,3.6324,3.5829,2.733,2.847,3.9497,4.255,1.5,5.5,51.2,9.1289
2017-07-24,3.0753,3.3475,3.406,3.4793,3.503,3.6361,3.5769,2.708,2.845,3.93,4.255,1.5,5.5,51.2,9.1289
2017-07-25,3.0393,3.3377,3.3923,3.4932,3.5155,3.6498,3.592,2.7147,2.849,3.9205,4.254,1.5,5.5,51.2,9.1289
2017-07-26,3.036,3.3042,3.3998,3.5147,3.5406,3.6648,3.617,2.725,2.849,3.9086,4.251,1.5,5.5,51.2,9.1289
2017-07-27,3.008,3.3136,3.3889,3.5139,3.5405,3.6523,3.6021,2.786,2.8626,3.8994,4.25,1.5,5.5,51.2,9.1289
2017-07-28,3.0067,3.3101,3.383,3.509,3.5408,3.6523,3.6034,2.8152,2.877,3.8915,4.2514,1.5,5.5,51.2,9.1289
2017-07-31,2.9485,3.2834,3.3974,3.5078,3.5628,3.6648,3.626,2.806,2.882,3.889,4.2561,1.5,5.5,51.7,9.1013
2017-08-01,2.9871,3.279,3.4127,3.4906,3.5799,3.6823,3.6373,2.8093,2.886,3.8886,4.2631,1.5,5.5,51.7,9.1013
2017-08-02,3.0063,3.2749,3.3964,3.4706,3.5703,3.6723,3.6311,2.832,2.892,3.8875,4.2681,1.5,5.5,51.7,9.1013
2017-08-03,2.9574,3.2676,3.38,3.4709,3.5666,3.6698,3.6262,2.807,2.884,3.8884,4.2704,1.5,5.5,51.7,9.1013
2017-08-04,2.9488,3.2242,3.3303,3.4666,3.563,3.6598,3.6262,2.721,2.8657,3.8828,4.2724,1.5,5.5,51.7,9.1013
2017-08-07,2.9192,3.2202,3.3563,3.4616,3.5997,3.6985,3.6626,2.736,2.865,3.8781,4.2733,1.5,5.5,51.7,9.1013
2017-08-08,2.9057,3.2242,3.3614,3.4751,3.6149,3.6973,3.6538,2.784,2.871,3.8755,4.2735,1.5,5.5,51.7,9.1013
2017-08-09,2.9093,3.2382,3.3621,3.4822,3.6355,3.701,3.66,2.8018,2.8821,3.8756,4.2818,1.5,5.5,51.7,9.1013
2017-08-10,2.9055,3.2463,3.3448,3.47,3.6232,3.6872,3.6375,2.797,2.8767,3.8691,4.2867,1.5,5.5,51.7,9.1013
2017-08-11,2.8299,3.2362,3.3413,3.4728,3.5849,3.6647,3.6163,2.79,2.8725,3.8627,4.2979,1.5,5.5,51.7,9.1013
2017-08-14,2.7435,3.2381,3.326,3.4532,3.5715,3.6596,3.5925,2.7743,2.868,3.8512,4.3148,1.5,5.5,51.7,9.1013
2017-08-15,2.7082,3.2384,3.3403,3.4632,3.5725,3.6595,3.5801,2.798,2.874,3.848,4.3268,1.5,5.5,51.7,9.1013
2017-08-16,2.8011,3.2656,3.335,3.4763,3.5866,3.6819,3.5988,2.8213,2.88,3.85,4.3363,1.5,5.5,51.7,9.1013
2017-08-17,2.8219,3.2774,3.3333,3.4843,3.5903,3.6794,3.5926,2.8352,2.8927,3.8582,4.3417,1.5,5.5,51.7,9.1013
2017-08-18,2.8168,3.2524,3.3373,3.487,3.5929,3.6793,3.5951,2.8355,2.894,3.8644,4.344,1.5,5.5,51.7,9.1013
2017-08-21,2.8295,3.2614,3.3364,3.4927,3.6011,3.7018,3.6181,2.8482,2.897,3.8671,4.3464,1.5,5.5,51.7,9.1013
2017-08-22,2.825,3.2733,3.3352,3.5006,3.6035,3.7018,3.6201,2.8171,2.8985,3.8712,4.3505,1.5,5.5,51.7,9.1013
2017-08-23,2.8512,3.2947,3.3355,3.506,3.5903,3.6925,3.6152,2.8453,2.9028,3.8757,4.3571,1.5,5.5,51.7,9.1013
2017-08-24,2.8336,3.3005,3.3468,3.5394,3.6084,3.7043,3.6252,2.8479,2.904,3.8839,4.3619,1.5,5.5,51.7,9.1013
2017-08-25,2.906,3.317,3.361,3.5607,3.6107,3.7092,3.6327,2.855,2.9098,3.8872,4.3689,1.5,5.5,51.7,9.1013
2017-08-28,2.8842,3.3331,3.3605,3.5876,3.6463,3.7217,3.6502,2.851,2.9064,3.8915,4.374,1.5,5.5,51.7,9.1013
2017-08-29,2.9158,3.3034,3.3609,3.5873,3.6222,3.7091,3.6303,2.922,2.921,3.8962,4.3765,1.5,5.5,51.7,9.1013
2017-08-30,3.0631,3.3664,3.3957,3.5852,3.6227,3.7116,3.6303,2.9237,2.9266,3.9055,4.3867,1.5,5.5,51.7,9.1013
2017-08-31,3.0032,3.3656,3.3883,3.5797,3.6124,3.7016,3.6265,2.831,2.8879,3.892,4.3728,1.4,5.5,51.4,8.89
2017-09-01,2.9691,3.3418,3.3909,3.5761,3.6181,3.7041,3.6353,2.813,2.8764,3.892,4.3741,1.4,5.5,51.4,8.89
2017-09-04,2.9352,3.3742,3.3959,3.5816,3.6235,3.7117,3.6454,2.75,2.8572,3.9032,4.4023,1.4,5.5,51.4,8.89
2017-09-05,2.9284,3.3743,3.4214,3.5843,3.6403,3.7286,3.6641,2.665,2.8202,3.9094,4.4173,1.4,5.5,51.4,8.89
2017-09-06,2.9742,3.3744,3.5062,3.5719,3.6314,3.7142,3.6554,2.641,2.8092,3.919,4.4271,1.4,5.5,51.4,8.89
2017-09-07,3.0045,3.3154,3.4837,3.542,3.6056,3.689,3.6155,2.6406,2.8056,3.9335,4.4348,1.4,5.5,51.4,8.89
2017-09-08,2.9667,3.3479,3.4625,3.512,3.5811,3.6739,3.6005,2.636,2.8023,3.937,4.4281,1.4,5.5,51.4,8.89
2017-09-11,2.997,3.3299,3.4771,3.5191,3.5918,3.6864,3.6156,2.644,2.8014,3.9339,4.4034,1.4,5.5,51.4,8.89
2017-09-12,3.0094,3.3382,3.4832,3.5161,3.5895,3.6864,3.6181,2.6483,2.8036,3.9354,4.3768,1.4,5.5,51.4,8.89
2017-09-13,3.0429,3.3779,3.4912,3.5264,3.622,3.6916,3.6356,2.65,2.8056,3.9305,4.3711,1.4,5.5,51.4,8.89
2017-09-14,3.0342,3.3924,3.4803,3.523,3.5968,3.6689,3.5982,2.681,2.8239,3.9361,4.3675,1.4,5.5,51.4,8.89
2017-09-15,3.0126,3.3787,3.4759,3.5217,3.5995,3.6688,3.5982,2.6958,2.832,3.951,4.3647,1.4,5.5,51.4,8.89
2017-09-18,3.0303,3.3672,3.4695,3.5334,3.6289,3.6986,3.622,2.756,2.844,3.9667,4.3643,1.4,5.5,51.4,8.89
2017-09-19,3.0258,3.3689,3.4759,3.5484,3.6146,3.6936,3.6158,2.832,2.868,3.9815,4.3638,1.4,5.5,51.4,8.89
2017-09-20,3.068,3.3695,3.4661,3.5785,3.6235,3.7059,3.6209,2.79,2.869,3.9854,4.367,1.4,5.5,51.4,8.89
2017-09-21,3.061,3.3737,3.4715,3.5931,3.6399,3.7184,3.6334,2.8057,2.869,3.9897,4.3675,1.4,5.5,51.4,8.89
2017-09-22,3.0618,3.3701,3.4674,3.5762,3.6155,3.696,3.6209,2.756,2.858,3.9908,4.3611,1.4,5.5,51.4,8.89
2017-09-25,3.0552,3.3777,3.4686,3.5661,3.6008,3.6881,3.5985,2.758,2.8987,3.9941,4.3578,1.4,5.5,51.4,8.89
2017-09-26,3.1245,3.3681,3.4477,3.5692,3.6166,3.6873,3.6172,2.837,2.9291,4.0062,4.3558,1.4,5.5,51.4,8.89
2017-09-27,3.0853,3.3581,3.4566,3.5741,3.6216,3.6885,3.6235,2.863,2.9494,4.0174,4.3565,1.4,5.5,51.4,8.89
2017-09-28,3.1606,3.3581,3.4579,3.5729,3.6049,3.684,3.6136,2.917,2.9675,4.0565,4.356,1.4,5.5,51.4,8.89
2017-09-29,3.1606,3.3545,3.4585,3.5514,3.6044,3.6843,3.6136,2.804,2.9639,4.0743,4.3561,1.4,5.5,51.4,8.89
2017-09-30,3.161,3.3543,3.466,3.5669,3.6166,3.688,3.6136,2.938,2.9671,4.0693,4.3565,1.8,6.3,51.7,8.5633
2017-10-09,3.2192,3.3748,3.4826,3.5846,3.6376,3.6999,3.6477,2.74,2.9201,4.0614,4.3502,1.8,6.3,51.7,8.5633
2017-10-10,3.2103,3.3946,3.4914,3.5892,3.6413,3.701,3.647,2.738,2.939,4.056,4.3541,1.8,6.3,51.7,8.5633
2017-10-11,3.1815,3.3752,3.4788,3.5796,3.6462,3.6975,3.654,2.741,2.9247,4.052,4.3555,1.8,6.3,51.7,8.5633
2017-10-12,3.1668,3.37,3.4891,3.5984,3.6769,3.71,3.6765,2.657,2.886,4.0512,4.3581,1.8,6.3,51.7,8.5633
2017-10-13,3.2034,3.3898,3.4881,3.5801,3.6782,3.7049,3.674,2.605,2.8516,4.049,4.3599,1.8,6.3,51.7,8.5633
2017-10-16,3.24,3.3876,3.4966,3.5896,3.7268,3.7449,3.7054,2.594,2.848,4.0427,4.3668,1.8,6.3,51.7,8.5633
2017-10-17,3.2164,3.3946,3.5037,3.6108,3.7647,3.7749,3.7409,2.6003,2.8483,4.0356,4.3711,1.8,6.3,51.7,8.5633
2017-10-18,3.2624,3.4276,3.4962,3.6145,3.7588,3.7799,3.7366,2.596,2.8468,4.0342,4.3729,1.8,6.3,51.7,8.5633
2017-10-19,3.2658,3.4059,3.4937,3.5927,3.7334,3.7599,3.7167,2.592,2.8405,4.0285,4.3737,1.8,6.3,51.7,8.5633
2017-10-20,3.2887,3.4133,3.4836,3.6012,3.7246,3.7599,3.7217,2.5782,2.8379,4.0235,4.3758,1.8,6.3,51.7,8.5633
2017-10-23,3.2893,3.4363,3.4856,3.6044,3.7254,3.7724,3.7231,2.616,2.8341,4.02,4.3793,1.8,6.3,51.7,8.5633
2017-10-24,3.2871,3.4056,3.4844,3.6124,3.7107,3.7748,3.722,2.634,2.8343,4.0186,4.3803,1.8,6.3,51.7,8.5633
2017-10-25,3.3492,3.4089,3.4969,3.6478,3.766,3.8198,3.7768,2.664,2.8594,4.0188,4.383,1.8,6.3,51.7,8.5633
2017-10-26,3.3578,3.4236,3.5127,3.6463,3.7661,3.8096,3.7769,2.6937,2.8699,4.019,4.3845,1.8,6.3,51.7,8.5633
2017-10-27,3.432,3.4333,3.5194,3.6583,3.8211,3.8548,3.8266,2.7181,2.8788,4.0194,4.3901,1.8,6.3,51.7,8.5633
2017-10-30,3.4602,3.499,3.5532,3.7308,3.9117,3.9498,3.9115,2.72,2.888,4.02,4.3926,1.8,6.3,51.7,8.5633
2017-10-31,3.4831,3.499,3.5683,3.721,3.8826,3.9397,3.8917,2.736,2.894,4.027,4.3954,1.6,6.9,52.4,8.976
2017-11-01,3.503,3.5121,3.5792,3.6808,3.8529,3.9048,3.863,2.739,2.894,4.029,4.408,1.6,6.9,52.4,8.976
2017-11-02,3.5074,3.5109,3.5791,3.6911,3.8772,3.9147,3.8718,2.626,2.859,4.0289,4.4099,1.6,6.9,52.4,8.976
2017-11-03,3.4992,3.5017,3.576,3.6812,3.887,3.9196,3.8816,2.5772,2.8249,4.0133,4.4217,1.6,6.9,52.4,8.976
2017-11-06,3.4917,3.4992,3.5977,3.6758,3.8871,3.9083,3.8694,2.512,2.797,4.0059,4.4294,1.6,6.9,52.4,8.976
2017-11-07,3.4788,3.5039,3.5994,3.681,3.9203,3.9247,3.8813,2.552,2.7878,3.9975,4.4314,1.6,6.9,52.4,8.976
2017-11-08,3.5399,3.5034,3.5927,3.7018,3.888,3.9222,3.8725,2.595,2.7892,3.9935,4.4377,1.6,6.9,52.4,8.976
2017-11-09,3.5553,3.4849,3.5787,3.7024,3.8926,3.9347,3.8863,2.646,2.811,4.0034,4.4568,1.6,6.9,52.4,8.976
2017-11-10,3.5691,3.5939,3.5922,3.7212,3.905,3.9594,3.9,2.717,2.8455,4.0104,4.4747,1.6,6.9,52.4,8.976
2017-11-13,3.5708,3.5939,3.5922,3.7488,3.9361,3.9996,3.95,2.787,2.8592,4.0132,4.5155,1.6,6.9,52.4,8.976
2017-11-14,3.5754,3.5939,3.5955,3.7745,3.9279,4.0096,3.9525,2.827,2.8765,4.0144,4.5346,1.6,6.9,52.4,8.976
2017-11-15,3.6412,3.6566,3.6154,3.7435,3.8955,3.9896,3.95,2.806,2.886,4.0164,4.5455,1.6,6.9,52.4,8.976
2017-11-16,3.6317,3.6502,3.6154,3.7333,3.8651,3.9597,3.9225,2.8,2.886,4.027,4.5656,1.6,6.9,52.4,8.976
2017-11-17,3.6982,3.6752,3.6154,3.7449,3.8647,3.9545,3.92,2.738,2.865,4.0307,4.6016,1.6,6.9,52.4,8.976
2017-11-20,3.6797,3.6686,3.6101,3.7547,3.8806,3.9746,3.94,2.786,2.859,4.0301,4.6222,1.6,6.9,52.4,8.976
2017-11-21,3.6746,3.6825,3.6203,3.7699,3.8879,3.9846,3.95,2.808,2.861,4.0351,4.6243,1.6,6.9,52.4,8.976
2017-11-22,3.6903,3.699,3.6403,3.7852,3.9163,4.0295,3.985,2.809,2.868,4.0376,4.6375,1.6,6.9,52.4,8.976
2017-11-23,3.7009,3.7124,3.6498,3.7804,3.9164,3.9899,3.9851,2.803,2.871,4.0388,4.6518,1.6,6.9,52.4,8.976
2017-11-24,3.7776,3.7217,3.6688,3.7686,3.8857,3.9695,3.9463,2.797,2.873,4.0379,4.6722,1.6,6.9,52.4,8.976
2017-11-27,3.8543,3.7701,3.6905,3.7787,3.8859,3.9747,3.9501,2.819,2.883,4.0368,4.7103,1.6,6.9,52.4,8.976
2017-11-28,3.8999,3.7833,3.7,3.7836,3.8909,3.9699,3.9601,2.799,2.883,4.0367,4.728,1.6,6.9,52.4,8.976
2017-11-29,3.8998,3.7833,3.6801,3.7741,3.8705,3.9396,3.9101,2.683,2.877,4.037,4.7438,1.6,6.9,52.4,8.976
2017-11-30,3.8997,3.768,3.6404,3.7759,3.8444,3.9196,3.8901,2.788,2.898,4.072,4.7594,1.9,6.9,51.6,8.8771
2017-12-01,3.9268,3.76,3.6344,3.7658,3.8136,3.9145,3.8852,2.642,2.851,4.1632,4.7639,1.9,6.9,51.6,8.8771
2017-12-04,3.9285,3.7694,3.6305,3.7661,3.8061,3.8949,3.8902,2.6,2.816,4.2384,4.7804,1.9,6.9,51.6,8.8771
2017-12-05,3.9271,3.7615,3.6342,3.7608,3.7983,3.8898,3.8752,2.579,2.799,4.3039,4.7901,1.9,6.9,51.6,8.8771
2017-12-06,3.95,3.8148,3.7442,3.7452,3.8044,3.8898,3.8752,2.573,2.787,4.3394,4.783,1.9,6.9,51.6,8.8771
2017-12-07,3.9498,3.8322,3.7348,3.7452,3.8362,3.8995,3.8927,2.585,2.791,4.395,4.7873,1.9,6.9,51.6,8.8771
2017-12-08,3.9593,3.9054,3.7546,3.7554,3.8512,3.9147,3.9102,2.608,2.799,4.4335,4.7918,1.9,6.9,51.6,8.8771
2017-12-11,3.9679,3.9807,3.7548,3.7717,3.8986,3.9595,3.9303,2.688,2.818,4.4574,4.7992,1.9,6.9,51.6,8.8771
2017-12-12,3.9708,3.9818,3.7647,3.7766,3.9195,3.9694,3.9378,2.726,2.83,4.4898,4.799,1.9,6.9,51.6,8.8771
2017-12-13,4.001,4.0119,3.7846,3.7911,3.9031,3.9693,3.9303,2.788,2.851,4.524,4.8039,1.9,6.9,51.6,8.8771
2017-12-14,4.021,4.0,3.7781,3.7709,3.8886,3.9591,3.9104,2.803,2.868,4.5534,4.8144,1.9,6.9,51.6,8.8771
2017-12-15,3.9713,3.9606,3.7781,3.7653,3.8518,3.944,3.8904,2.724,2.871,4.5814,4.8175,1.9,6.9,51.6,8.8771
2017-12-18,3.9762,3.9786,3.7631,3.7654,3.8263,3.9391,3.8904,2.723,2.871,4.6382,4.8348,1.9,6.9,51.6,8.8771
2017-12-19,3.9709,3.981,3.773,3.7507,3.8327,3.9392,3.9005,2.741,2.873,4.6869,4.8385,1.9,6.9,51.6,8.8771
2017-12-20,3.9805,3.9986,3.8029,3.7907,3.8403,3.9196,3.9005,2.73,2.874,4.7377,4.8559,1.9,6.9,51.6,8.8771
2017-12-21,3.9712,3.96,3.7979,3.7943,3.8393,3.9038,3.9005,2.665,2.871,4.7718,4.8676,1.9,6.9,51.6,8.8771
2017-12-22,3.9649,3.9505,3.7979,3.8,3.8335,3.9026,3.878,2.612,2.867,4.8402,4.8908,1.9,6.9,51.6,8.8771
2017-12-25,3.9582,3.9454,3.7979,3.7951,3.8133,3.915,3.8731,2.569,2.881,4.9162,4.9092,1.9,6.9,51.6,8.8771
2017-12-26,3.9902,3.9519,3.7979,3.811,3.8333,3.915,3.8881,2.589,2.892,4.9277,4.909,1.9,6.9,51.6,8.8771
2017-12-27,3.9842,3.9411,3.7979,3.8112,3.844,3.915,3.8956,2.666,2.905,4.93,4.9129,1.9,6.9,51.6,8.8771
2017-12-28,3.9929,3.9343,3.7955,3.8063,3.8446,3.915,3.8857,2.672,2.925,4.932,4.9123,1.9,6.9,51.6,8.8771
2017-12-29,3.9446,3.9067,3.7909,3.7808,3.8445,3.8998,3.8807,2.84,2.954,4.9352,4.9133,1.9,6.9,51.6,8.8771
2017-12-30,3.887,3.9067,3.7909,3.7808,3.8445,3.8998,3.8807,,,,,1.9,6.9,51.6,8.8771
2017-12-31,3.8294,3.9067,3.7909,3.7808,3.8445,3.8998,3.8807,,,,,1.7,5.8,51.8,9.1148
2018-01-02,3.7797,3.7725,3.6767,3.7786,3.8262,3.9,3.9008,2.657,2.839,4.743,4.804,1.7,5.8,51.8,9.1148
2018-01-03,3.6554,3.7176,3.6667,3.7426,3.8503,3.9006,3.9162,2.5635,2.785,4.622,4.73,1.7,5.8,51.8,9.1148
2018-01-04,3.514,3.5774,3.5968,3.7496,3.8804,3.9104,3.9319,2.505,2.76,4.476,4.687,1.7,5.8,51.8,9.1148
2018-01-05,3.4059,3.5255,3.5392,3.7164,3.8484,3.9057,3.9212,2.484,2.745,4.3756,4.6637,1.7,5.8,51.8,9.1148
2018-01-08,3.2977,3.5149,3.5336,3.6771,3.8257,3.9005,3.911,2.461,2.737,4.2886,4.6594,1.7,5.8,51.8,9.1148
2018-01-09,3.2932,3.524,3.5382,3.6528,3.8255,3.9,3.8909,2.529,2.744,4.2209,4.657,1.7,5.8,51.8,9.1148
2018-01-10,3.3434,3.5714,3.5675,3.651,3.8458,3.8913,3.9201,2.643,2.776,4.1821,4.6607,1.7,5.8,51.8,9.1148
2018-01-11,3.3677,3.5765,3.5675,3.6739,3.8648,3.8913,3.9546,2.832,2.832,4.1632,4.6701,1.7,5.8,51.8,9.1148
2018-01-12,3.3386,3.5514,3.5827,3.6619,3.8598,3.8856,3.9337,2.83,2.864,4.1134,4.6791,1.7,5.8,51.8,9.1148
2018-01-15,3.3466,3.5401,3.5826,3.6787,3.8713,3.9006,3.965,2.794,2.86,4.0904,4.683,1.7,5.8,51.8,9.1148
2018-01-16,3.3527,3.5506,3.5828,3.663,3.8716,3.9007,3.9596,2.785,2.879,4.0941,4.6843,1.7,5.8,51.8,9.1148
2018-01-17,3.3722,3.5998,3.5828,3.6647,3.89,3.9022,3.9597,2.765,2.878,4.0905,4.6935,1.7,5.8,51.8,9.1148
2018-01-18,3.3759,3.5899,3.5828,3.6652,3.9025,3.9203,3.9797,2.7655,2.878,4.0921,4.7044,1.7,5.8,51.8,9.1148
2018-01-19,3.3759,3.5898,3.5603,3.6712,3.8825,3.9017,3.9754,2.836,2.891,4.1113,4.7115,1.7,5.8,51.8,9.1148
2018-01-22,3.3617,3.5494,3.5198,3.6585,3.871,3.9317,3.9522,2.771,2.889,4.1122,4.7122,1.7,5.8,51.8,9.1148
2018-01-23,3.3719,3.5497,3.5398,3.6448,3.8464,3.9309,3.9414,2.602,2.863,4.1123,4.7163,1.7,5.8,51.8,9.1148
2018-01-24,3.3478,3.5491,3.5198,3.6108,3.8614,3.922,3.9507,2.574,2.832,4.1183,4.7267,1.7,5.8,51.8,9.1148
2018-01-25,3.3514,3.5196,3.5098,3.6379,3.8493,3.9128,3.9435,2.5634,2.8498,4.1269,4.7317,1.7,5.8,51.8,9.1148
2018-01-26,3.3163,3.5203,3.5205,3.6352,3.8348,3.9228,3.9365,2.5506,2.842,4.1257,4.7292,1.7,5.8,51.8,9.1148
2018-01-29,3.3164,3.4999,3.5101,3.6112,3.8433,3.9215,3.9368,2.566,2.842,4.1276,4.727,1.7,5.8,51.8,9.1148
2018-01-30,3.3266,3.5094,3.5101,3.6409,3.8533,3.9186,3.9292,2.554,2.838,4.1288,4.7267,1.7,5.8,51.8,9.1148
2018-01-31,3.3266,3.5097,3.4701,3.6263,3.8337,3.9125,3.914,2.594,2.8298,4.1289,4.7257,1.8,4.9,51.6,8.0654
2018-02-01,3.3682,3.4996,3.4301,3.6218,3.8339,3.9005,3.9066,2.5154,2.7925,4.1329,4.7276,1.8,4.9,51.6,8.0654
2018-02-02,3.2736,3.4215,3.4404,3.6371,3.834,3.9009,3.9092,2.5173,2.788,4.1293,4.7278,1.8,4.9,51.6,8.0654
2018-02-05,3.2932,3.3434,3.4514,3.6429,3.85,3.9175,3.9167,2.5305,2.7758,4.107,4.7258,1.8,4.9,51.6,8.0654
2018-02-06,3.2532,3.3007,3.4088,3.6236,3.8246,3.8803,3.8825,2.539,2.7706,4.0887,4.7206,1.8,4.9,51.6,8.0654
2018-02-07,3.2545,3.3206,3.4014,3.6138,3.8195,3.87,3.87,2.571,2.771,4.0809,4.707,1.8,4.9,51.6,8.0654
2018-02-08,3.2573,3.3208,3.3986,3.6167,3.8215,3.8675,3.8801,2.572,2.904,4.078,4.696,1.8,4.9,51.6,8.0654
2018-02-09,3.2326,3.322,3.3938,3.6196,3.8199,3.8712,3.88,2.589,2.918,4.074,4.6936,1.8,4.9,51.6,8.0654
2018-02-11,3.2629,3.3217,3.3969,3.605,3.8181,3.885,3.8775,2.608,2.917,4.0694,4.6974,1.8,4.9,51.6,8.0654
2018-02-12,3.265,3.3218,3.3868,3.6182,3.8063,3.8696,3.875,2.585,2.918,4.075,4.696,1.8,4.9,51.6,8.0654
2018-02-13,3.2422,3.3127,3.388,3.6186,3.8088,3.8684,3.87,2.587,2.928,4.0705,4.7006,1.8,4.9,51.6,8.0654
2018-02-14,3.2039,3.2807,3.374,3.6186,3.8061,3.8573,3.8702,2.723,2.91,4.0751,4.7031,1.8,4.9,51.6,8.0654
2018-02-22,3.2154,3.3254,3.3905,3.6193,3.8175,3.8666,3.8752,2.631,2.891,4.0666,4.7054,1.8,4.9,51.6,8.0654
2018-02-23,3.1912,3.3312,3.3773,3.6092,3.8149,3.8616,3.8702,2.597,2.881,4.0557,4.7076,1.8,4.9,51.6,8.0654
2018-02-24,3.1914,3.3244,3.3773,3.6021,3.8086,3.8608,3.8652,2.56,2.876,4.0526,4.7078,1.8,4.9,51.6,8.0654
2018-02-26,3.1898,3.2931,3.306,3.5404,3.7806,3.8409,3.8452,2.571,2.87,4.0443,4.7128,1.8,4.9,51.6,8.0654
2018-02-27,3.1642,3.266,3.2713,3.5316,3.7361,3.82,3.8201,2.561,2.861,4.038,4.7103,1.8,4.9,51.6,8.0654
2018-02-28,3.2024,3.2444,3.2314,3.5228,3.7003,3.8159,3.8202,2.708,2.906,4.0428,4.7131,1.5,4.3,51.3,8.6
2018-03-01,3.2504,3.2534,3.238,3.5337,3.7002,3.8299,3.8201,2.691,2.896,4.0403,4.7154,1.5,4.3,51.3,8.6
2018-03-02,3.1877,3.2766,3.269,3.5343,3.7105,3.8349,3.8352,2.773,2.897,4.0451,4.7191,1.5,4.3,51.3,8.6
2018-03-05,3.1876,3.247,3.2769,3.535,3.7428,3.8352,3.8453,2.652,2.894,4.0726,4.722,1.5,4.3,51.3,8.6
2018-03-06,3.1988,3.26,3.2771,3.5546,3.7428,3.8399,3.8253,2.617,2.886,4.1453,4.7332,1.5,4.3,51.3,8.6
2018-03-07,3.1999,3.251,3.2583,3.545,3.722,3.82,3.8203,2.592,2.873,4.1936,4.7364,1.5,4.3,51.3,8.6
2018-03-08,3.2042,3.2475,3.2677,3.5321,3.7197,3.8119,3.8203,2.57,2.862,4.2544,4.7407,1.5,4.3,51.3,8.6
2018-03-09,3.1349,3.2044,3.2599,3.5305,3.6817,3.8216,3.8278,2.573,2.857,4.3265,4.741,1.5,4.3,51.3,8.6
2018-03-12,3.1468,3.1818,3.2779,3.5309,3.6713,3.8067,3.8243,2.586,2.858,4.3707,4.735,1.5,4.3,51.3,8.6
2018-03-13,3.1695,3.2029,3.3059,3.5357,3.697,3.8005,3.8362,2.637,2.87,4.4071,4.725,1.5,4.3,51.3,8.6
2018-03-14,3.1523,3.1951,3.3092,3.5327,3.6973,3.8031,3.8413,2.633,2.869,4.4578,4.719,1.5,4.3,51.3,8.6
2018-03-15,3.1523,3.2012,3.3198,3.5424,3.6968,3.803,3.8257,2.632,2.866,4.4908,4.7139,1.5,4.3,51.3,8.6
2018-03-16,3.1245,3.2595,3.3154,3.546,3.6923,3.811,3.8154,2.586,2.865,4.5101,4.712,1.5,4.3,51.3,8.6
2018-03-19,3.1061,3.2357,3.3128,3.5463,3.6981,3.81,3.8104,2.561,2.863,4.5121,4.704,1.5,4.3,51.3,8.6
2018-03-20,3.0861,3.2293,3.3144,3.5416,3.6818,3.7804,3.7906,2.558,2.861,4.5093,4.685,1.5,4.3,51.3,8.6
2018-03-21,3.0769,3.209,3.2846,3.5381,3.683,3.7829,3.763,2.559,2.858,4.5042,4.6751,1.5,4.3,51.3,8.6
2018-03-22,3.0613,3.1931,3.2698,3.5286,3.6626,3.765,3.748,2.549,2.8538,4.4662,4.6621,1.5,4.3,51.3,8.6
2018-03-23,2.9847,3.1702,3.2367,3.5098,3.6113,3.7401,3.7005,2.545,2.8464,4.4364,4.6489,1.5,4.3,51.3,8.6
2018-03-26,2.9847,3.2002,3.29,3.5226,3.6204,3.719,3.7307,2.543,2.862,4.4094,4.6351,1.5,4.3,51.3,8.6
2018-03-27,3.0214,3.1986,3.3221,3.5526,3.6344,3.7354,3.7432,2.5935,2.874,4.3906,4.6239,1.5,4.3,51.3,8.6
2018-03-28,3.0336,3.2028,3.3221,3.5584,3.6503,3.74,3.7406,2.592,2.889,4.3421,4.6174,1.5,4.3,51.3,8.6
2018-03-29,3.0003,3.1867,3.3221,3.5537,3.6723,3.755,3.7456,2.581,2.8958,4.3133,4.5247,1.5,4.3,51.3,8.6
2018-03-30,2.9613,3.1671,3.3221,3.5697,3.6609,3.7402,3.7407,2.69,2.9166,4.2884,4.4615,1.5,4.3,51.3,8.6
2018-04-02,2.9509,3.1153,3.2831,3.5579,3.6569,3.7375,3.7357,2.622,2.883,4.1879,4.4052,2.9,3.7,50.3,8.8
2018-04-03,2.878,3.1099,3.2991,3.5515,3.6578,3.76,3.7507,2.574,2.87,4.1268,4.3506,2.9,3.7,50.3,8.8
2018-04-04,2.858,3.0879,3.2591,3.534,3.6493,3.7501,3.7234,2.469,2.83,4.0597,4.3101,2.9,3.7,50.3,8.8
2018-04-08,2.858,3.1042,3.2776,3.5229,3.649,3.7491,3.7008,2.446,2.812,4.011,4.2781,2.9,3.7,50.3,8.8
2018-04-09,2.7349,3.1124,3.2281,3.4731,3.6066,3.72,3.6959,2.528,2.806,3.9701,4.2579,2.9,3.7,50.3,8.8
2018-04-10,2.7349,3.1177,3.2384,3.4614,3.5922,3.73,3.7159,2.551,2.807,3.915,4.229,2.9,3.7,50.3,8.8
2018-04-11,2.7432,3.1221,3.2387,3.4398,3.5779,3.715,3.7109,2.561,2.804,3.871,4.209,2.9,3.7,50.3,8.8
2018-04-12,2.7197,3.0894,3.2092,3.4105,3.5597,3.715,3.7109,2.557,2.8,3.842,4.199,2.9,3.7,50.3,8.8
2018-04-13,2.6842,3.0242,3.2013,3.3682,3.5205,3.6916,3.7062,2.557,2.798,3.825,4.179,2.9,3.7,50.3,8.8
2018-04-16,2.6926,2.9348,3.1707,3.3511,3.4919,3.6507,3.6561,2.582,2.802,3.821,4.173,2.9,3.7,50.3,8.8
2018-04-17,2.6856,2.9266,3.1611,3.3112,3.4696,3.6456,3.6512,2.665,2.843,3.834,4.174,2.9,3.7,50.3,8.8
2018-04-18,2.5017,2.7169,2.9125,3.1724,3.3298,3.52,3.5013,2.679,2.858,3.821,4.103,2.9,3.7,50.3,8.8
2018-04-19,2.5517,2.7662,2.9611,3.2126,3.3298,3.52,3.5064,2.733,2.884,3.791,4.05,2.9,3.7,50.3,8.8
2018-04-20,2.5879,2.8068,3.0061,3.1928,3.3253,3.5159,3.5215,2.747,2.893,3.761,4.017,2.9,3.7,50.3,8.8
2018-04-23,2.6921,2.7919,3.0484,3.217,3.3306,3.5383,3.6019,2.724,2.9,3.751,4.004,2.9,3.7,50.3,8.8
2018-04-24,2.7495,2.8222,3.0152,3.1779,3.2858,3.5367,3.5855,2.736,2.907,3.748,3.991,2.9,3.7,50.3,8.8
2018-04-25,2.7394,2.8301,3.0247,3.178,3.2657,3.584,3.6118,2.728,2.911,3.78,3.984,2.9,3.7,50.3,8.8
2018-04-26,2.7394,2.8299,3.0279,3.1832,3.286,3.6044,3.6344,2.765,2.925,3.865,3.992,2.9,3.7,50.3,8.8
2018-04-27,2.6895,2.8299,3.0155,3.1989,3.2911,3.6307,3.6364,2.921,2.978,3.899,4.007,2.9,3.7,50.3,8.8
2018-04-28,2.6691,2.8102,2.9965,3.1927,3.2711,3.6302,3.6217,2.824,2.972,3.9,4.005,2.9,3.7,50.3,8.8
2018-05-02,2.7022,2.8389,3.0208,3.2529,3.2857,3.675,3.6665,2.72,2.892,3.893,4.003,2.1,3.1,51.5,8.2
2018-05-03,2.6882,2.81,2.977,3.241,3.2505,3.6601,3.6467,2.681,2.852,3.87,3.993,2.1,3.1,51.5,8.2
2018-05-04,2.6519,2.7719,2.9372,3.23,3.2505,3.6251,3.6319,2.594,2.806,3.851,3.993,2.1,3.1,51.5,8.2
2018-05-07,2.648,2.7674,2.9319,3.2282,3.2814,3.6458,3.6518,2.582,2.768,3.84,3.9943,2.1,3.1,51.5,8.2
2018-05-08,2.6565,2.7678,2.9233,3.235,3.3331,3.6649,3.6922,2.575,2.751,3.829,3.9994,2.1,3.1,51.5,8.2
2018-05-09,2.7062,2.7939,2.9295,3.2349,3.3897,3.6758,3.7074,2.52,2.734,3.816,4.013,2.1,3.1,51.5,8.2
2018-05-10,2.7365,2.8069,2.9235,3.2188,3.3853,3.6651,3.6924,2.509,2.723,3.806,4.034,2.1,3.1,51.5,8.2
2018-05-11,2.7014,2.8602,2.9305,3.2063,3.3805,3.6477,3.6882,2.487,2.713,3.799,4.05,2.1,3.1,51.5,8.2
2018-05-14,2.7212,2.9135,2.9469,3.222,3.4015,3.6488,3.6937,2.58,2.738,3.801,4.06,2.1,3.1,51.5,8.2
2018-05-15,2.7735,2.92,2.9669,3.2215,3.4172,3.6565,3.7151,2.641,2.773,3.813,4.072,2.1,3.1,51.5,8.2
2018-05-16,2.7498,2.9249,3.0185,3.2404,3.4273,3.6595,3.7076,2.766,2.835,3.825,4.082,2.1,3.1,51.5,8.2
2018-05-17,2.7817,2.9563,3.0701,3.2407,3.4584,3.6603,3.712,2.597,2.803,3.831,4.101,2.1,3.1,51.5,8.2
2018-05-18,2.7443,3.0,3.0711,3.228,3.4793,3.6602,3.7099,2.563,2.768,3.833,4.147,2.1,3.1,51.5,8.2
2018-05-21,2.8089,2.9696,3.1368,3.2481,3.459,3.6505,3.6939,2.527,2.756,3.832,4.151,2.1,3.1,51.5,8.2
2018-05-22,2.7985,3.0045,3.1229,3.2596,3.4176,3.6454,3.67,2.525,2.755,3.838,4.16,2.1,3.1,51.5,8.2
2018-05-23,2.7848,3.0123,3.1233,3.2615,3.4178,3.6454,3.64,2.53,2.752,3.841,4.173,2.1,3.1,51.5,8.2
2018-05-24,2.8066,2.9775,3.1245,3.2813,3.417,3.6174,3.6501,2.53,2.751,3.845,4.193,2.1,3.1,51.5,8.2
2018-05-25,2.8413,3.0149,3.1249,3.2785,3.3966,3.6025,3.6126,2.528,2.794,3.847,4.215,2.1,3.1,51.5,8.2
2018-05-28,2.9152,3.0151,3.1415,3.2873,3.4174,3.5858,3.6101,2.533,2.806,3.84,4.242,2.1,3.1,51.5,8.2
2018-05-29,2.9194,3.0099,3.1397,3.2864,3.4283,3.5961,3.6001,2.742,2.848,3.85,4.282,2.1,3.1,51.5,8.2
2018-05-30,2.904,2.9839,3.1528,3.2957,3.4172,3.586,3.5976,2.884,2.895,3.872,4.312,2.1,3.1,51.5,8.2
2018-05-31,2.89,2.9897,3.1488,3.3018,3.4383,3.5983,3.6129,2.831,2.898,3.905,4.329,1.8,3.4,51.4,8.3
2018-06-01,3.0002,3.0003,3.1619,3.3603,3.4406,3.6002,3.6202,2.801,2.897,3.966,4.339,1.8,3.4,51.4,8.3
2018-06-04,2.9848,3.0059,3.1751,3.3807,3.4616,3.6346,3.6532,2.599,2.818,3.993,4.341,1.8,3.4,51.4,8.3
2018-06-05,2.9879,3.0146,3.1703,3.4199,3.4637,3.6443,3.6602,2.584,2.802,4.025,4.346,1.8,3.4,51.4,8.3
2018-06-06,2.9907,3.015,3.2003,3.4337,3.4937,3.6443,3.6602,2.562,2.792,4.042,4.354,1.8,3.4,51.4,8.3
2018-06-07,2.9929,3.0235,3.2161,3.4307,3.5066,3.6504,3.6702,2.555,2.783,4.05,4.35,1.8,3.4,51.4,8.3
2018-06-08,2.95,3.0173,3.2117,3.3858,3.4563,3.6255,3.6453,2.563,2.772,4.054,4.351,1.8,3.4,51.4,8.3
2018-06-11,2.93,3.0339,3.218,3.3971,3.4723,3.65,3.6502,2.573,2.776,4.083,4.353,1.8,3.4,51.4,8.3
2018-06-12,2.9438,3.0517,3.2414,3.4433,3.5273,3.6628,3.6853,2.584,2.789,4.087,4.352,1.8,3.4,51.4,8.3
2018-06-13,2.9833,3.1294,3.2406,3.4277,3.5076,3.66,3.6627,2.589,2.8,4.101,4.351,1.8,3.4,51.4,8.3
2018-06-14,2.9621,3.1097,3.2209,3.4044,3.4776,3.64,3.6227,2.591,2.809,4.107,4.351,1.8,3.4,51.4,8.3
2018-06-15,2.9505,3.1543,3.2183,3.3952,3.4565,3.6051,3.6028,2.592,2.81,4.126,4.352,1.8,3.4,51.4,8.3
2018-06-19,2.9766,3.1417,3.2168,3.3809,3.4314,3.5725,3.5603,2.59,2.809,4.144,4.346,1.8,3.4,51.4,8.3
2018-06-20,3.0891,3.1417,3.2848,3.3842,3.4571,3.59,3.6054,2.619,2.822,4.157,4.334,1.8,3.4,51.4,8.3
2018-06-21,3.1024,3.1721,3.2856,3.3866,3.4411,3.5707,3.5753,2.593,2.825,4.157,4.329,1.8,3.4,51.4,8.3
2018-06-22,3.0433,3.1721,3.2775,3.3844,3.4149,3.5701,3.5604,2.586,2.819,4.151,4.305,1.8,3.4,51.4,8.3
2018-06-25,3.0615,3.1817,3.2792,3.3904,3.4363,3.5753,3.5803,2.564,2.826,4.134,4.272,1.8,3.4,51.4,8.3
2018-06-26,3.0996,3.1998,3.2772,3.376,3.4448,3.5706,3.5804,2.518,2.831,4.125,4.261,1.8,3.4,51.4,8.3
2018-06-27,3.0996,3.1998,3.2775,3.3756,3.4224,3.5599,3.5529,2.445,2.834,4.097,4.242,1.8,3.4,51.4,8.3
2018-06-28,3.13,3.1846,3.2242,3.3518,3.3916,3.535,3.5304,2.289,2.841,4.064,4.192,1.8,3.4,51.4,8.3
2018-06-29,3.0122,3.1041,3.159,3.3124,3.3507,3.4852,3.4756,2.628,2.862,4.031,4.155,1.8,3.4,51.4,8.3
2018-07-02,2.8213,3.0388,3.134,3.2844,3.344,3.4801,3.4668,2.519,2.78,4.004,4.104,1.8,4.1,51.9,8.3
2018-07-03,2.71,2.9432,3.0543,3.267,3.3184,3.4904,3.4955,2.42,2.719,3.8824,3.9944,1.8,4.1,51.9,8.3
2018-07-04,2.6621,2.9576,3.0602,3.2721,3.3232,3.4915,3.5107,2.199,2.662,3.732,3.919,1.8,4.1,51.9,8.3
2018-07-05,2.6536,2.9507,3.0304,3.2647,3.3079,3.5001,3.5005,2.132,2.605,3.571,3.818,1.8,4.1,51.9,8.3
2018-07-06,2.445,2.8794,3.0208,3.2656,3.3242,3.5021,3.5259,1.967,2.588,3.446,3.74,1.8,4.1,51.9,8.3
2018-07-09,2.4473,2.8695,3.0404,3.2833,3.3342,3.5266,3.5432,1.991,2.602,3.34,3.682,1.8,4.1,51.9,8.3
2018-07-10,2.4357,2.8479,3.0603,3.2911,3.3442,3.5357,3.5431,2.308,2.657,3.285,3.649,1.8,4.1,51.9,8.3
2018-07-11,2.4325,2.8476,3.0654,3.2665,3.336,3.501,3.5107,2.406,2.679,3.241,3.632,1.8,4.1,51.9,8.3
2018-07-12,2.4579,2.7626,3.0654,3.2568,3.3267,3.5014,3.5158,2.487,2.686,3.222,3.626,1.8,4.1,51.9,8.3
2018-07-13,2.4952,2.7834,3.0654,3.241,3.2734,3.4852,3.4858,2.48,2.686,3.208,3.613,1.8,4.1,51.9,8.3
2018-07-16,2.5211,2.7258,3.0259,3.222,3.2706,3.4826,3.4808,2.557,2.699,3.21,3.608,1.8,4.1,51.9,8.3
2018-07-17,2.4938,2.7403,3.0259,3.2334,3.3056,3.4778,3.4808,2.591,2.703,3.2151,3.601,1.8,4.1,51.9,8.3
2018-07-18,2.5378,2.8592,3.0508,3.2383,3.3005,3.4751,3.4708,2.525,2.702,3.214,3.588,1.8,4.1,51.9,8.3
2018-07-19,2.5302,2.8283,3.0507,3.2131,3.2807,3.4699,3.4409,2.416,2.683,3.198,3.561,1.8,4.1,51.9,8.3
2018-07-20,2.4704,2.8585,3.0507,3.243,3.2896,3.5016,3.5135,2.346,2.675,3.183,3.536,1.8,4.1,51.9,8.3
2018-07-23,2.4725,2.8615,3.0508,3.2391,3.2959,3.5021,3.5186,2.362,2.658,3.162,3.503,1.8,4.1,51.9,8.3
2018-07-24,2.4881,2.8633,3.0508,3.2347,3.3115,3.5294,3.5615,2.353,2.655,3.121,3.475,1.8,4.1,51.9,8.3
2018-07-25,2.4147,2.8419,3.011,3.2053,3.3147,3.5339,3.5614,2.349,2.667,3.103,3.419,1.8,4.1,51.9,8.3
2018-07-26,2.2928,2.7511,2.991,3.1754,3.2976,3.5263,3.5361,2.321,2.66,3.071,3.363,1.8,4.1,51.9,8.3
2018-07-27,2.2957,2.7401,2.9025,3.1259,3.2733,3.5115,3.5212,2.284,2.654,3.035,3.303,1.8,4.1,51.9,8.3
2018-07-30,2.2888,2.6874,2.8816,3.0871,3.257,3.5072,3.5213,2.198,2.651,2.994,3.233,1.8,4.1,51.9,8.3
2018-07-31,2.3032,2.6405,2.841,3.0578,3.2249,3.4801,3.4812,2.066,2.648,2.965,3.174,1.9,4.7,51.5,8.0
2018-08-01,2.2875,2.6163,2.807,3.0695,3.1736,3.4801,3.4638,2.028,2.622,2.935,3.119,1.9,4.7,51.5,8.0
2018-08-02,2.243,2.6157,2.7722,3.0608,3.1639,3.4615,3.4713,1.97,2.584,2.884,3.056,1.9,4.7,51.5,8.0
2018-08-03,2.1377,2.5551,2.7247,3.0375,3.1494,3.434,3.4567,1.849,2.525,2.837,3.003,1.9,4.7,51.5,8.0
2018-08-06,2.0209,2.4927,2.6627,3.0254,3.1555,3.434,3.4568,1.819,2.469,2.791,2.954,1.9,4.7,51.5,8.0
2018-08-07,2.0119,2.4027,2.603,3.017,3.1455,3.443,3.4876,1.613,2.386,2.728,2.895,1.9,4.7,51.5,8.0
2018-08-08,1.9562,2.4016,2.623,3.0594,3.2066,3.4865,3.5222,1.422,2.345,2.678,2.842,1.9,4.7,51.5,8.0
2018-08-09,1.9552,2.433,2.7227,3.1129,3.2669,3.5074,3.5476,1.622,2.45,2.643,2.816,1.9,4.7,51.5,8.0
2018-08-10,1.9654,2.4185,2.7252,3.119,3.2876,3.5166,3.5525,1.826,2.426,2.616,2.801,1.9,4.7,51.5,8.0
2018-08-13,1.9104,2.5238,2.813,3.1682,3.3383,3.547,3.5826,2.113,2.491,2.603,2.791,1.9,4.7,51.5,8.0
2018-08-14,1.9645,2.5829,2.8122,3.1844,3.3276,3.5336,3.5519,2.328,2.589,2.613,2.799,1.9,4.7,51.5,8.0
2018-08-15,2.0049,2.5341,2.84,3.1836,3.3381,3.5451,3.5829,2.345,2.612,2.631,2.807,1.9,4.7,51.5,8.0
2018-08-16,2.06,2.616,2.8408,3.2297,3.3465,3.5607,3.6141,2.511,2.637,2.639,2.813,1.9,4.7,51.5,8.0
2018-08-17,2.1159,2.6765,2.8833,3.2831,3.3851,3.5748,3.6524,2.58,2.65,2.653,2.817,1.9,4.7,51.5,8.0
2018-08-20,2.1642,2.7189,2.9004,3.2928,3.4179,3.5892,3.6326,2.625,2.674,2.676,2.83,1.9,4.7,51.5,8.0
2018-08-21,2.2086,2.721,2.9432,3.3476,3.4672,3.6054,3.63,2.636,2.681,2.694,2.856,1.9,4.7,51.5,8.0
2018-08-22,2.2102,2.7208,2.9034,3.3255,3.4584,3.585,3.6075,2.538,2.662,2.701,2.878,1.9,4.7,51.5,8.0
2018-08-23,2.1759,2.6921,2.8791,3.2745,3.4089,3.5751,3.6101,2.454,2.649,2.731,2.887,1.9,4.7,51.5,8.0
2018-08-24,2.1728,2.6943,2.8376,3.2934,3.4066,3.5722,3.6278,2.392,2.612,2.738,2.889,1.9,4.7,51.5,8.0
2018-08-27,2.1421,2.6681,2.8545,3.3029,3.4068,3.5875,3.6303,2.44,2.642,2.751,2.895,1.9,4.7,51.5,8.0
2018-08-28,2.1477,2.6707,2.867,3.3115,3.4066,3.5939,3.6101,2.4255,2.647,2.75,2.899,1.9,4.7,51.5,8.0
2018-08-29,2.1451,2.6733,2.8593,3.3028,3.4022,3.594,3.6101,2.3895,2.646,2.742,2.897,1.9,4.7,51.5,8.0
2018-08-30,2.1427,2.6483,2.8344,3.2954,3.3704,3.568,3.5801,2.277,2.64,2.727,2.894,1.9,4.7,51.5,8.0
2018-08-31,2.1205,2.6418,2.8451,3.2727,3.3462,3.5711,3.5751,2.309,2.633,2.72,2.894,2.1,4.6,51.2,8.5
2018-09-03,2.13,2.623,2.8387,3.3132,3.3651,3.5911,3.5951,2.277,2.621,2.716,2.887,2.1,4.6,51.2,8.5
2018-09-04,2.1401,2.622,2.8476,3.3317,3.3959,3.6149,3.6101,2.195,2.6,2.706,2.878,2.1,4.6,51.2,8.5
2018-09-05,2.1407,2.5728,2.847,3.3392,3.4114,3.6198,3.6101,2.164,2.552,2.696,2.85,2.1,4.6,51.2,8.5
2018-09-06,2.1318,2.5797,2.8414,3.3486,3.4268,3.6247,3.6101,2.494,2.633,2.7,2.845,2.1,4.6,51.2,8.5
2018-09-07,2.133,2.5438,2.8438,3.3607,3.4366,3.63,3.6301,2.591,2.673,2.712,2.851,2.1,4.6,51.2,8.5
2018-09-10,2.1274,2.605,2.8407,3.3947,3.4793,3.66,3.6551,2.573,2.679,2.723,2.842,2.1,4.6,51.2,8.5
2018-09-11,2.1321,2.617,2.8457,3.4186,3.507,3.675,3.6751,2.59,2.686,2.735,2.848,2.1,4.6,51.2,8.5
2018-09-12,2.1506,2.6429,2.849,3.4155,3.5185,3.675,3.6551,2.557,2.675,2.751,2.846,2.1,4.6,51.2,8.5
2018-09-13,2.1461,2.6177,2.8593,3.3804,3.5014,3.66,3.6526,2.53,2.663,2.76,2.843,2.1,4.6,51.2,8.5
2018-09-14,2.1334,2.621,2.8623,3.3678,3.4977,3.65,3.6351,2.489,2.645,2.756,2.83,2.1,4.6,51.2,8.5
2018-09-17,2.1042,2.6401,2.8636,3.3569,3.4779,3.645,3.6327,2.466,2.639,2.749,2.822,2.1,4.6,51.2,8.5
2018-09-18,2.1222,2.6174,2.8793,3.3554,3.4905,3.655,3.6452,2.654,2.685,2.753,2.82,2.1,4.6,51.2,8.5
2018-09-19,2.1061,2.6144,3.0102,3.3544,3.5017,3.6677,3.6727,2.562,2.668,2.751,2.818,2.1,4.6,51.2,8.5
2018-09-20,2.0526,2.6292,3.0314,3.3633,3.5172,3.6856,3.7003,2.519,2.659,2.753,2.812,2.1,4.6,51.2,8.5
2018-09-21,2.0734,2.6087,3.0266,3.351,3.5072,3.6654,3.6752,2.514,2.654,2.754,2.815,2.1,4.6,51.2,8.5
2018-09-25,2.0893,2.6165,3.0271,3.3245,3.4995,3.6608,3.6754,2.543,2.692,2.771,2.827,2.1,4.6,51.2,8.5
2018-09-26,2.0916,2.638,3.0251,3.3092,3.4799,3.6476,3.6503,2.553,2.711,2.785,2.83,2.1,4.6,51.2,8.5
2018-09-27,2.1243,2.618,3.0177,3.2932,3.4702,3.6203,3.6253,2.46,2.722,2.799,2.838,2.1,4.6,51.2,8.5
2018-09-28,2.2195,2.6582,3.0038,3.2791,3.4401,3.62,3.6154,2.445,2.73,2.8,2.843,2.1,4.6,51.2,8.5
2018-09-29,2.2225,2.6169,2.99,3.2791,3.4513,3.6199,3.6104,2.073,2.783,2.802,2.846,2.1,4.6,51.2,8.5
2018-09-30,2.2235,2.6189,2.9657,3.2808,3.4565,3.6201,3.6103,2.653,2.766,2.802,2.847,2.3,4.1,51.3,8.2
2018-10-08,2.0648,2.6043,2.9579,3.2884,3.4431,3.625,3.6155,2.536,2.657,2.781,2.836,2.3,4.1,51.3,8.2
2018-10-09,1.874,2.5442,2.9388,3.2803,3.4442,3.62,3.6156,2.502,2.633,2.734,2.816,2.3,4.1,51.3,8.2
2018-10-10,1.8246,2.5313,2.9395,3.2303,3.437,3.6105,3.6156,2.398,2.618,2.705,2.81,2.3,4.1,51.3,8.2
2018-10-11,1.8662,2.5528,2.8902,3.1976,3.4077,3.58,3.5806,2.36,2.611,2.692,2.801,2.3,4.1,51.3,8.2
2018-10-12,1.9269,2.2448,2.8904,3.2081,3.3964,3.5876,3.5831,2.439,2.615,2.682,2.8,2.3,4.1,51.3,8.2
2018-10-15,1.9279,2.2415,2.88,3.2068,3.4031,3.59,3.5857,2.377,2.612,2.668,2.801,2.3,4.1,51.3,8.2
2018-10-16,1.9526,2.3055,2.8902,3.2072,3.4084,3.58,3.5757,2.373,2.603,2.658,2.8,2.3,4.1,51.3,8.2
2018-10-17,2.0055,2.3595,2.9027,3.2024,3.4094,3.58,3.5807,2.353,2.604,2.651,2.818,2.3,4.1,51.3,8.2
2018-10-18,2.1413,2.3566,2.9027,3.1902,3.36,3.55,3.5508,2.427,2.611,2.651,2.832,2.3,4.1,51.3,8.2
2018-10-19,2.2023,2.353,2.9027,3.1882,3.3602,3.5562,3.5658,2.445,2.622,2.655,2.842,2.3,4.1,51.3,8.2
2018-10-22,2.2675,2.413,2.9027,3.1994,3.386,3.5725,3.591,2.475,2.632,2.663,2.871,2.3,4.1,51.3,8.2
2018-10-23,2.2686,2.4131,2.8879,3.2077,3.3762,3.5613,3.5709,2.451,2.635,2.672,2.903,2.3,4.1,51.3,8.2
2018-10-24,2.3093,2.4347,2.8562,3.196,3.3664,3.55,3.5409,2.393,2.631,2.675,2.924,2.3,4.1,51.3,8.2
2018-10-25,2.2795,2.4225,2.8562,3.1913,3.3516,3.54,3.5409,2.215,2.63,2.675,2.948,2.3,4.1,51.3,8.2
2018-10-26,2.2697,2.4189,2.844,3.1919,3.3417,3.5271,3.541,2.067,2.618,2.673,2.952,2.3,4.1,51.3,8.2
2018-10-29,2.2845,2.4202,2.8203,3.1479,3.3126,3.5015,3.5111,1.852,2.609,2.672,2.958,2.3,4.1,51.3,8.2
2018-10-30,2.2471,2.4071,2.8054,3.1385,3.308,3.5065,3.5161,1.566,2.598,2.663,2.957,2.3,4.1,51.3,8.2
2018-10-31,2.3212,2.6255,2.8054,3.1595,3.3129,3.5054,3.5086,2.37,2.715,2.689,2.963,2.5,3.6,50.8,8.3
2018-11-01,2.3114,2.6138,2.7858,3.1806,3.3076,3.5,3.4936,2.547,2.673,2.696,2.976,2.5,3.6,50.8,8.3
2018-11-02,2.2976,2.6625,2.7863,3.1915,3.3229,3.5366,3.5461,2.477,2.649,2.694,2.981,2.5,3.6,50.8,8.3
2018-11-05,2.2802,2.6836,2.7763,3.1882,3.3238,3.523,3.5312,2.4345,2.638,2.691,2.986,2.5,3.6,50.8,8.3
2018-11-06,2.2838,2.6692,2.7516,3.1641,3.3143,3.5016,3.5113,2.27,2.613,2.684,2.991,2.5,3.6,50.8,8.3
2018-11-07,2.2791,2.6545,2.7269,3.1139,3.2954,3.4801,3.4813,2.0906,2.595,2.68,2.997,2.5,3.6,50.8,8.3
2018-11-08,2.2761,2.6281,2.6771,3.0956,3.2885,3.4759,3.4813,1.978,2.6,2.678,3.0,2.5,3.6,50.8,8.3
2018-11-09,2.2511,2.5164,2.6586,3.0866,3.271,3.471,3.4763,2.038,2.599,2.671,3.001,2.5,3.6,50.8,8.3
2018-11-12,2.2025,2.5303,2.6123,3.0953,3.2665,3.4727,3.4865,2.309,2.624,2.675,3.001,2.5,3.6,50.8,8.3
2018-11-13,2.205,2.5217,2.5913,3.0706,3.2471,3.4623,3.474,2.468,2.633,2.685,3.004,2.5,3.6,50.8,8.3
2018-11-14,2.2178,2.5501,2.559,2.9891,3.1367,3.4037,3.4218,2.325,2.632,2.685,3.008,2.5,3.6,50.8,8.3
2018-11-15,2.2552,2.5027,2.5092,2.9897,3.1359,3.395,3.3915,2.339,2.629,2.685,3.01,2.5,3.6,50.8,8.3
2018-11-16,2.2162,2.4826,2.508,2.981,3.127,3.3503,3.3515,2.345,2.629,2.684,3.023,2.5,3.6,50.8,8.3
2018-11-19,2.2735,2.4938,2.5092,3.0077,3.1521,3.359,3.3772,2.551,2.643,2.686,3.035,2.5,3.6,50.8,8.3
2018-11-20,2.314,2.5104,2.5191,3.0247,3.1779,3.38,3.3771,2.609,2.665,2.696,3.053,2.5,3.6,50.8,8.3
2018-11-21,2.335,2.4881,2.4968,3.0166,3.1787,3.3701,3.3716,2.579,2.656,2.697,3.06,2.5,3.6,50.8,8.3
2018-11-22,2.3572,2.5187,2.4892,3.0186,3.1897,3.3821,3.3917,2.456,2.642,2.697,3.064,2.5,3.6,50.8,8.3
2018-11-23,2.2864,2.4853,2.5115,3.0132,3.1853,3.3903,3.3917,2.356,2.628,2.691,3.073,2.5,3.6,50.8,8.3
2018-11-26,2.3225,2.4494,2.5007,3.0098,3.1756,3.3868,3.4151,2.498,2.644,2.693,3.085,2.5,3.6,50.8,8.3
2018-11-27,2.3271,2.4598,2.495,3.0108,3.179,3.39,3.4,2.556,2.643,2.697,3.096,2.5,3.6,50.8,8.3
2018-11-28,2.3795,2.4946,2.48,3.0015,3.1894,3.3799,3.37,2.539,2.65,2.699,3.104,2.5,3.6,50.8,8.3
2018-11-29,2.4154,2.4696,2.47,2.9956,3.1505,3.3601,3.36,2.262,2.65,2.6969,3.1094,2.5,3.6,50.8,8.3
2018-11-30,2.3685,2.4791,2.4826,2.9899,3.1353,3.3602,3.355,2.642,2.669,2.701,3.113,2.5,3.3,50.2,8.0
2018-12-03,2.3569,2.4704,2.4823,2.9982,3.1279,3.3698,3.35,2.515,2.618,2.714,3.117,2.5,3.3,50.2,8.0
2018-12-04,2.3563,2.4688,2.4604,2.9738,3.0779,3.315,3.305,2.445,2.621,2.745,3.126,2.5,3.3,50.2,8.0
2018-12-05,2.3625,2.4613,2.4604,2.9333,3.0718,3.2997,3.275,2.267,2.581,2.782,3.133,2.5,3.3,50.2,8.0
2018-12-06,2.3935,2.4684,2.4585,2.9015,3.0734,3.2554,3.2751,2.418,2.6,2.81,3.133,2.5,3.3,50.2,8.0
2018-12-07,2.401,2.4601,2.46,2.881,3.0227,3.2422,3.2853,2.416,2.611,2.828,3.136,2.5,3.3,50.2,8.0
2018-12-10,2.4561,2.4709,2.4839,2.858,2.993,3.2306,3.2678,2.453,2.615,2.838,3.142,2.5,3.3,50.2,8.0
2018-12-11,2.4661,2.4709,2.4742,2.868,2.997,3.2404,3.2652,2.463,2.624,2.848,3.145,2.5,3.3,50.2,8.0
2018-12-12,2.5184,2.5198,2.4607,2.8708,3.0057,3.2356,3.2703,2.424,2.626,2.874,3.147,2.5,3.3,50.2,8.0
2018-12-13,2.5201,2.5983,2.4617,2.8943,3.0438,3.2564,3.3311,2.519,2.636,2.9,3.149,2.5,3.3,50.2,8.0
2018-12-14,2.5525,2.5985,2.4792,2.9153,3.0506,3.252,3.3468,2.655,2.683,2.966,3.156,2.5,3.3,50.2,8.0
2018-12-17,2.5525,2.5679,2.4711,2.9339,3.0574,3.2923,3.3713,2.625,2.697,3.002,3.164,2.5,3.3,50.2,8.0
2018-12-18,2.571,2.5762,2.4861,2.934,3.0577,3.2926,3.3714,2.669,2.694,3.034,3.174,2.5,3.3,50.2,8.0
2018-12-19,2.6298,2.5608,2.7011,2.9237,3.0582,3.2728,3.3412,2.654,2.69,3.047,3.181,2.5,3.3,50.2,8.0
2018-12-20,2.7277,2.6,2.6906,2.8772,3.0414,3.2753,3.3003,2.567,2.676,3.112,3.199,2.5,3.3,50.2,8.0
2018-12-21,2.7791,2.605,2.6806,2.8709,3.0458,3.2382,3.3168,2.486,2.649,3.154,3.209,2.5,3.3,50.2,8.0
2018-12-24,2.7947,2.6058,2.7045,2.8998,3.0657,3.2392,3.3483,2.316,2.659,3.232,3.23,2.5,3.3,50.2,8.0
2018-12-25,2.7951,2.6295,2.7146,2.8972,3.0665,3.253,3.3113,2.028,2.653,3.302,3.273,2.5,3.3,50.2,8.0
2018-12-26,2.7792,2.6346,2.7001,2.9002,3.0644,3.248,3.3011,2.029,2.672,3.397,3.309,2.5,3.3,50.2,8.0
2018-12-27,2.7688,2.6503,2.6611,2.902,3.001,3.2229,3.2709,1.793,2.695,3.47,3.339,2.5,3.3,50.2,8.0
2018-12-28,2.6263,2.5899,2.603,2.8697,2.9614,3.1688,3.2315,1.47,2.721,3.492,3.357,2.5,3.3,50.2,8.0
2018-12-29,2.6153,2.5919,2.6,2.8688,2.9676,3.1641,3.2265,2.554,2.903,3.472,3.346,2.5,3.3,50.2,8.0
2018-12-30,2.6153,2.5919,2.6,2.8688,2.9676,3.1641,3.2265,,,,,2.5,3.3,50.2,8.0
2018-12-31,2.6153,2.5919,2.6,2.8688,2.9676,3.1641,3.2265,,,,,2.2,2.7,50.0,8.0
2019-01-02,2.5237,2.5497,2.5014,2.7859,2.9466,3.0876,3.1734,2.3,2.634,3.2,3.285,2.2,2.7,50.0,8.0
2019-01-03,2.4709,2.5001,2.5017,2.7776,2.8965,3.1031,3.141,1.968,2.547,3.084,3.246,2.2,2.7,50.0,8.0
2019-01-04,2.3251,2.437,2.4525,2.7922,2.885,3.104,3.1513,1.649,2.563,3.01,3.215,2.2,2.7,50.0,8.0
2019-01-07,2.3409,2.4534,2.4026,2.7917,2.9303,3.1272,3.1507,1.447,2.475,2.909,3.141,2.2,2.7,50.0,8.0
2019-01-08,2.3116,2.3501,2.3528,2.753,2.8796,3.0836,3.1211,1.414,2.372,2.825,3.093,2.2,2.7,50.0,8.0
2019-01-09,2.3439,2.4,2.3777,2.7604,2.8745,3.101,3.1106,1.567,2.475,2.79,3.065,2.2,2.7,50.0,8.0
2019-01-10,2.352,2.3861,2.3627,2.7736,2.8954,3.105,3.1006,1.743,2.587,2.781,3.031,2.2,2.7,50.0,8.0
2019-01-11,2.2684,2.3864,2.4065,2.792,2.91,3.0939,3.1058,1.708,2.555,2.772,3.007,2.2,2.7,50.0,8.0
2019-01-14,2.3013,2.3859,2.426,2.7927,2.9496,3.1075,3.1297,1.878,2.629,2.775,2.984,2.2,2.7,50.0,8.0
2019-01-15,2.2992,2.3874,2.4345,2.7922,2.9484,3.1219,3.1383,2.245,2.652,2.777,2.962,2.2,2.7,50.0,8.0
2019-01-16,2.3198,2.3856,2.36,2.7457,2.9047,3.0776,3.0745,2.306,2.64,2.777,2.942,2.2,2.7,50.0,8.0
2019-01-17,2.3078,2.3748,2.35,2.6873,2.8983,3.0573,3.076,2.259,2.611,2.777,2.93,2.2,2.7,50.0,8.0
2019-01-18,2.2924,2.4129,2.3498,2.7061,2.941,3.0791,3.091,2.1785,2.618,2.777,2.918,2.2,2.7,50.0,8.0
2019-01-21,2.3453,2.386,2.4209,2.7202,2.9499,3.0828,3.1037,2.24,2.594,2.786,2.915,2.2,2.7,50.0,8.0
2019-01-22,2.3256,2.399,2.3999,2.7225,2.9437,3.0699,3.1071,2.243,2.578,2.797,2.914,2.2,2.7,50.0,8.0
2019-01-23,2.3097,2.3936,2.4099,2.7326,2.9258,3.0579,3.119,2.244,2.584,2.806,2.909,2.2,2.7,50.0,8.0
2019-01-24,2.3093,2.3878,2.4004,2.7339,2.9268,3.0731,3.1338,2.263,2.616,2.811,2.904,2.2,2.7,50.0,8.0
2019-01-25,2.2851,2.3692,2.3804,2.7497,2.9475,3.0738,3.1398,2.362,2.626,2.819,2.902,2.2,2.7,50.0,8.0
2019-01-28,2.2787,2.366,2.3961,2.7373,2.9635,3.0785,3.1397,2.194,2.66,2.828,2.901,2.2,2.7,50.0,8.0
2019-01-29,2.2129,2.3314,2.3877,2.6983,2.9403,3.0638,3.1246,2.078,2.766,2.835,2.9,2.2,2.7,50.0,8.0
2019-01-30,2.2356,2.3433,2.3803,2.6807,2.9207,3.0496,3.1151,2.0021,2.765,2.84,2.901,2.2,2.7,50.0,8.0
2019-01-31,2.2051,2.3147,2.3873,2.6885,2.8943,3.0485,3.1037,2.238,2.756,2.839,2.9,1.9,0.9,49.4,8.1
2019-02-01,2.2062,2.3152,2.351,2.6874,2.9006,3.0512,3.1032,2.1,2.722,2.835,2.9,1.9,0.9,49.4,8.1
2019-02-02,2.2062,2.3127,2.351,2.6825,2.8907,3.0481,3.0978,2.264,2.372,2.819,2.9,1.9,0.9,49.4,8.1
2019-02-03,2.2062,2.3127,2.3506,2.6805,2.8923,3.0386,3.0967,2.086,2.334,2.808,2.9,1.9,0.9,49.4,8.1
2019-02-11,2.2041,2.2905,2.3381,2.6722,2.8754,3.0444,3.067,2.265,2.596,2.785,2.898,1.9,0.9,49.4,8.1
2019-02-12,2.1853,2.2815,2.3053,2.6493,2.8643,3.0458,3.0748,2.017,2.513,2.76,2.872,1.9,0.9,49.4,8.1
2019-02-13,2.1752,2.2689,2.3251,2.6424,2.8746,3.0327,3.0719,1.722,2.362,2.732,2.852,1.9,0.9,49.4,8.1
2019-02-14,2.1639,2.2618,2.313,2.6631,2.8779,3.0413,3.0726,1.721,2.33,2.714,2.83,1.9,0.9,49.4,8.1
2019-02-15,2.0058,2.2637,2.3094,2.6533,2.8794,3.03,3.0794,1.713,2.351,2.698,2.802,1.9,0.9,49.4,8.1
2019-02-18,2.0626,2.2099,2.3206,2.6732,2.909,3.0602,3.1094,1.8224,2.395,2.687,2.797,1.9,0.9,49.4,8.1
2019-02-19,2.0619,2.2056,2.3141,2.6732,2.9145,3.0696,3.1279,1.967,2.398,2.676,2.778,1.9,0.9,49.4,8.1
2019-02-20,2.0611,2.1804,2.3053,2.6932,2.9063,3.0642,3.1196,1.854,2.377,2.655,2.759,1.9,0.9,49.4,8.1
2019-02-21,2.0509,2.202,2.3356,2.6895,2.919,3.0732,3.1361,2.03,2.399,2.651,2.749,1.9,0.9,49.4,8.1
2019-02-22,2.0366,2.2084,2.3592,2.7013,2.9253,3.0833,3.1451,2.431,2.6,2.656,2.749,1.9,0.9,49.4,8.1
2019-02-25,2.0525,2.2257,2.344,2.7331,2.9956,3.1392,3.1787,2.605,2.658,2.659,2.752,1.9,0.9,49.4,8.1
2019-02-26,2.1883,2.2425,2.3546,2.7708,3.0473,3.1593,3.1878,2.705,2.745,2.681,2.756,1.9,0.9,49.4,8.1
2019-02-27,2.1495,2.2789,2.39,2.7687,3.0343,3.1331,3.1689,2.654,2.75,2.686,2.756,1.9,0.9,49.4,8.1
2019-02-28,2.1346,2.2557,2.4053,2.7597,3.0466,3.1464,3.1731,2.584,2.658,2.694,2.751,1.7,0.1,49.5,8.4
2019-03-01,2.0102,2.2808,2.4338,2.7896,3.0689,3.1765,3.187,2.155,2.511,2.7,2.75,1.7,0.1,49.5,8.4
2019-03-04,1.963,2.2578,2.4442,2.8132,3.0691,3.1864,3.2023,1.933,2.38,2.696,2.75,1.7,0.1,49.5,8.4
2019-03-05,2.0273,2.2626,2.4431,2.832,3.099,3.198,3.2149,2.266,2.574,2.699,2.75,1.7,0.1,49.5,8.4
2019-03-06,2.0013,2.2229,2.4486,2.8519,3.0893,3.2098,3.2021,2.074,2.488,2.703,2.75,1.7,0.1,49.5,8.4
2019-03-07,1.9626,2.2041,2.4532,2.843,3.0454,3.1697,3.1572,2.06,2.517,2.705,2.751,1.7,0.1,49.5,8.4
2019-03-08,1.9539,2.1081,2.4503,2.8031,3.0284,3.1646,3.1423,2.047,2.388,2.712,2.755,1.7,0.1,49.5,8.4
2019-03-11,1.9302,2.157,2.4471,2.8226,3.0275,3.1668,3.1374,2.092,2.395,2.7172,2.7565,1.7,0.1,49.5,8.4
2019-03-12,2.006,2.157,2.4613,2.8274,3.0536,3.1718,3.1424,2.365,2.601,2.732,2.761,1.7,0.1,49.5,8.4
2019-03-13,2.001,2.2052,2.4705,2.8201,3.0539,3.1643,3.1375,2.079,2.493,2.754,2.768,1.7,0.1,49.5,8.4
2019-03-14,2.1556,2.2322,2.4719,2.828,3.0641,3.1646,3.1475,2.31,2.598,2.774,2.777,1.7,0.1,49.5,8.4
2019-03-15,2.1529,2.2311,2.4632,2.783,3.0625,3.1595,3.1376,2.655,2.728,2.81,2.799,1.7,0.1,49.5,8.4
2019-03-18,2.1595,2.2348,2.4773,2.8042,3.0715,3.1691,3.1377,2.756,2.709,2.832,2.814,1.7,0.1,49.5,8.4
2019-03-19,2.1657,2.2381,2.4787,2.7751,3.0767,3.1691,3.1377,2.666,2.729,2.852,2.823,1.7,0.1,49.5,8.4
2019-03-20,2.1546,2.2395,2.4698,2.7862,3.0711,3.1791,3.1453,2.714,2.711,2.875,2.833,1.7,0.1,49.5,8.4
2019-03-21,2.1536,2.2288,2.4498,2.7818,3.0465,3.1494,3.1291,2.661,2.684,2.884,2.838,1.7,0.1,49.5,8.4
2019-03-22,2.1446,2.2408,2.4655,2.7616,3.034,3.1295,3.108,2.62,2.664,2.884,2.837,1.7,0.1,49.5,8.4
2019-03-25,2.1062,2.2511,2.4795,2.7565,3.0101,3.1286,3.0831,2.535,2.668,2.879,2.836,1.7,0.1,49.5,8.4
2019-03-26,2.0915,2.2552,2.4706,2.7376,2.9928,3.094,3.0633,2.495,2.704,2.862,2.828,1.7,0.1,49.5,8.4
2019-03-27,2.1293,2.2771,2.4669,2.7216,2.9937,3.0899,3.0882,2.286,2.797,2.843,2.819,1.7,0.1,49.5,8.4
2019-03-28,2.1513,2.2429,2.4478,2.7171,2.9658,3.1013,3.0634,2.041,2.705,2.825,2.807,1.7,0.1,49.5,8.4
2019-03-29,2.1427,2.2321,2.4377,2.7126,2.9577,3.1086,3.0683,2.486,2.698,2.819,2.801,1.7,0.1,49.5,8.4
2019-04-01,2.0522,2.1763,2.4407,2.7526,3.0126,3.1784,3.1332,2.315,2.579,2.782,2.795,1.5,0.1,49.2,8.0
2019-04-02,2.0826,2.198,2.4522,2.7621,3.0378,3.2182,3.1681,1.956,2.453,2.745,2.786,1.5,0.1,49.2,8.0
2019-04-03,2.0811,2.1823,2.4639,2.8695,3.081,3.2807,3.2331,1.663,2.357,2.697,2.767,1.5,0.1,49.2,8.0
2019-04-04,2.0715,2.1913,2.4759,2.9004,3.1313,3.2891,3.2679,1.417,2.418,2.664,2.758,1.5,0.1,49.2,8.0
2019-04-08,2.1573,2.1897,2.4746,2.8934,3.1623,3.2811,3.2482,1.428,2.483,2.65,2.754,1.5,0.1,49.2,8.0
2019-04-09,2.159,2.192,2.4664,2.926,3.2259,3.3091,3.2882,1.797,2.469,2.646,2.751,1.5,0.1,49.2,8.0
2019-04-10,2.1727,2.2174,2.4753,2.9424,3.21,3.2996,3.2932,2.278,2.654,2.655,2.755,1.5,0.1,49.2,8.0
2019-04-11,2.1753,2.2343,2.4794,2.9422,3.1793,3.2894,3.2784,2.735,2.657,2.669,2.76,1.5,0.1,49.2,8.0
2019-04-12,2.1064,2.28,2.52,2.9453,3.1778,3.323,3.3334,2.652,2.669,2.686,2.761,1.5,0.1,49.2,8.0
2019-04-15,2.2019,2.3094,2.5336,2.9851,3.2414,3.37,3.3736,2.797,2.772,2.717,2.768,1.5,0.1,49.2,8.0
2019-04-16,2.1865,2.3223,2.5856,3.0431,3.2565,3.3995,3.3937,2.883,2.787,2.759,2.774,1.5,0.1,49.2,8.0
2019-04-17,2.2006,2.453,2.7156,3.0535,3.2567,3.4043,3.3938,2.998,2.788,2.779,2.787,1.5,0.1,49.2,8.0
2019-04-18,2.2267,2.455,2.6712,3.0238,3.2018,3.3741,3.3589,2.812,2.75,2.795,2.806,1.5,0.1,49.2,8.0
2019-04-19,2.187,2.4095,2.6797,2.9916,3.2024,3.3818,3.3741,2.661,2.692,2.79,2.817,1.5,0.1,49.2,8.0
2019-04-22,2.1247,2.3416,2.6913,3.023,3.2231,3.4288,3.4091,2.557,2.654,2.791,2.822,1.5,0.1,49.2,8.0
2019-04-23,2.189,2.3314,2.702,3.0255,3.2437,3.4284,3.3993,2.828,2.7,2.824,2.833,1.5,0.1,49.2,8.0
2019-04-24,2.1705,2.3207,2.6968,3.0341,3.2693,3.449,3.4343,2.752,2.764,2.838,2.855,1.5,0.1,49.2,8.0
2019-04-25,2.1765,2.3773,2.6902,3.032,3.2441,3.4388,3.4193,2.785,2.785,2.851,2.88,1.5,0.1,49.2,8.0
2019-04-26,2.2105,2.3537,2.6743,3.0293,3.214,3.4388,3.4043,2.496,2.735,2.859,2.896,1.5,0.1,49.2,8.0
2019-04-28,2.2105,2.3537,2.6989,3.0293,3.214,3.4388,3.4043,2.07,2.705,2.857,2.909,1.5,0.1,49.2,8.0
2019-04-29,2.2475,2.3772,2.7224,3.0376,3.2199,3.4391,3.4268,1.7,2.691,2.857,2.923,1.5,0.1,49.2,8.0
2019-04-30,2.2545,2.3646,2.6902,3.0343,3.1949,3.4272,3.3869,2.086,2.683,2.856,2.93,2.3,0.4,50.5,8.6
2019-05-05,2.2595,2.3636,2.6902,3.0343,3.1949,3.4249,3.3849,1.79,2.529,2.833,2.935,2.3,0.4,50.5,8.6
2019-05-06,2.2713,2.3576,2.6794,2.9785,3.1467,3.3902,3.355,1.642,2.5285,2.811,2.934,2.3,0.4,50.5,8.6
2019-05-07,2.2736,2.3526,2.6764,3.0543,3.1628,3.402,3.3551,1.391,2.349,2.773,2.922,2.3,0.4,50.5,8.6
2019-05-08,2.2953,2.3704,2.6801,3.0178,3.1537,3.3871,3.3426,1.141,2.286,2.741,2.91,2.3,0.4,50.5,8.6
2019-05-09,2.2867,2.3568,2.6618,2.9859,3.142,3.357,3.3116,1.513,2.573,2.728,2.903,2.3,0.4,50.5,8.6
2019-05-10,2.351,2.4077,2.685,2.9831,3.1527,3.3492,3.3017,1.826,2.568,2.72,2.895,2.3,0.4,50.5,8.6
2019-05-13,2.3773,2.4801,2.6844,2.9756,3.1304,3.3215,3.2709,2.156,2.579,2.715,2.889,2.3,0.4,50.5,8.6
2019-05-14,2.356,2.4571,2.6783,2.9898,3.16,3.3435,3.2859,2.4123,2.65,2.717,2.891,2.3,0.4,50.5,8.6
2019-05-15,2.3287,2.4536,2.6848,2.9891,3.1486,3.3311,3.2762,2.5334,2.641,2.713,2.893,2.3,0.4,50.5,8.6
2019-05-16,2.2828,2.43,2.683,2.9513,3.1293,3.3093,3.2662,2.281,2.607,2.708,2.896,2.3,0.4,50.5,8.6
2019-05-17,2.2888,2.4688,2.6775,2.9619,3.1344,3.3115,3.2665,2.134,2.589,2.705,2.9,2.3,0.4,50.5,8.6
2019-05-20,2.2624,2.4207,2.6593,2.9646,3.13,3.3118,3.2717,2.5845,2.678,2.717,2.9,2.3,0.4,50.5,8.6
2019-05-21,2.2779,2.426,2.6623,2.9823,3.135,3.3346,3.299,2.75,2.699,2.756,2.9,2.3,0.4,50.5,8.6
2019-05-22,2.3063,2.45,2.7,2.9808,3.1433,3.3527,3.3264,2.623,2.69,2.77,2.903,2.3,0.4,50.5,8.6
2019-05-23,2.31,2.4326,2.695,2.9651,3.1159,3.3338,3.31,2.584,2.648,2.784,2.901,2.3,0.4,50.5,8.6
2019-05-24,2.2934,2.4294,2.6912,2.965,3.1112,3.3362,3.3125,2.342,2.592,2.779,2.902,2.3,0.4,50.5,8.6
2019-05-27,2.3087,2.4807,2.7535,3.0048,3.1497,3.3784,3.35,2.666,2.711,2.792,2.904,2.3,0.4,50.5,8.6
2019-05-28,2.3947,2.5792,2.7352,2.9744,3.1433,3.3574,3.31,2.76,2.823,2.816,2.915,2.3,0.4,50.5,8.6
2019-05-29,2.3633,2.5805,2.715,2.9537,3.0925,3.3183,3.2875,2.491,2.785,2.818,2.917,2.3,0.4,50.5,8.6
2019-05-30,2.3818,2.5309,2.6964,2.9245,3.0682,3.3081,3.275,2.067,2.665,2.813,2.916,2.3,0.4,50.5,8.6
2019-05-31,2.3996,2.5135,2.679,2.9418,3.0731,3.3081,3.2751,2.194,2.65,2.816,2.912,2.5,0.9,50.1,8.5
2019-06-03,2.416,2.485,2.6934,2.9404,3.058,3.2778,3.2401,2.003,2.553,2.809,2.904,2.5,0.9,50.1,8.5
2019-06-04,2.4115,2.4503,2.671,2.9364,3.0427,3.2619,3.2101,1.738,2.399,2.821,2.902,2.5,0.9,50.1,8.5
2019-06-05,2.4162,2.4394,2.6632,2.9484,3.0484,3.2643,3.21,1.593,2.472,2.832,2.916,2.5,0.9,50.1,8.5
2019-06-06,2.4053,2.4702,2.6542,2.9533,3.0565,3.2537,3.2136,1.521,2.572,2.841,2.924,2.5,0.9,50.1,8.5
2019-06-10,2.4105,2.493,2.6661,2.9741,3.0765,3.27,3.2251,1.848,2.604,2.853,2.932,2.5,0.9,50.1,8.5
2019-06-11,2.4162,2.4917,2.6772,2.9948,3.1134,3.3,3.2651,2.053,2.589,2.859,2.94,2.5,0.9,50.1,8.5
2019-06-12,2.4136,2.4746,2.6849,2.9765,3.1132,3.2925,3.2601,1.939,2.564,2.865,2.943,2.5,0.9,50.1,8.5
2019-06-13,2.4106,2.486,2.7155,2.9647,3.098,3.2775,3.2451,1.924,2.583,2.878,2.944,2.5,0.9,50.1,8.5
2019-06-14,2.4302,2.5298,2.7338,2.9415,3.0732,3.2601,3.2302,1.723,2.565,2.898,2.947,2.5,0.9,50.1,8.5
2019-06-17,2.4549,2.5805,2.7264,2.929,3.0562,3.25,3.2252,1.801,2.491,2.898,2.947,2.5,0.9,50.1,8.5
2019-06-18,2.4312,2.5258,2.727,2.9284,3.0542,3.255,3.2302,1.601,2.399,2.897,2.943,2.5,0.9,50.1,8.5
2019-06-19,2.351,2.5015,2.7231,2.929,3.0679,3.265,3.2427,1.447,2.386,2.891,2.929,2.5,0.9,50.1,8.5
2019-06-20,2.332,2.4556,2.6889,2.9114,3.0511,3.26,3.2352,1.253,2.448,2.876,2.911,2.5,0.9,50.1,8.5
2019-06-21,2.2566,2.4072,2.6608,2.9132,3.041,3.255,3.2303,1.112,2.416,2.852,2.895,2.5,0.9,50.1,8.5
2019-06-24,2.2464,2.415,2.6633,2.9302,3.0618,3.27,3.2453,1.0,2.326,2.805,2.859,2.5,0.9,50.1,8.5
2019-06-25,2.2536,2.4094,2.6593,2.9242,3.0517,3.2625,3.2353,1.023,2.466,2.76,2.809,2.5,0.9,50.1,8.5
2019-06-26,2.2342,2.3982,2.6604,2.9261,3.0627,3.27,3.2453,0.991,2.417,2.731,2.758,2.5,0.9,50.1,8.5
2019-06-27,2.2375,2.3948,2.6565,2.9453,3.0775,3.27,3.2553,0.9615,2.61,2.703,2.722,2.5,0.9,50.1,8.5
2019-06-28,2.187,2.3893,2.6429,2.9406,3.057,3.255,3.2254,1.3705,2.604,2.684,2.708,2.5,0.9,50.1,8.5
2019-07-01,2.1946,2.3466,2.6554,2.9366,3.0578,3.26,3.2254,1.065,2.319,2.603,2.681,2.7,0.6,49.4,8.5
2019-07-02,2.1661,2.3291,2.6263,2.9021,3.0093,3.21,3.1704,0.914,2.032,2.534,2.657,2.7,0.6,49.4,8.5
2019-07-03,2.0509,2.2764,2.5926,2.8788,2.9976,3.18,3.1554,0.877,2.145,2.492,2.641,2.7,0.6,49.4,8.5
2019-07-04,2.0671,2.2359,2.5845,2.8771,2.9848,3.1825,3.1479,0.844,2.139,2.465,2.627,2.7,0.6,49.4,8.5
2019-07-05,2.0395,2.2362,2.5957,2.9012,3.0182,3.1951,3.1705,1.055,2.271,2.463,2.606,2.7,0.6,49.4,8.5
2019-07-08,2.0511,2.2165,2.61,2.9112,3.0284,3.1975,3.1805,1.445,2.449,2.467,2.603,2.7,0.6,49.4,8.5
2019-07-09,2.0588,2.2529,2.6267,2.9118,3.0229,3.1899,3.168,1.773,2.54,2.484,2.601,2.7,0.6,49.4,8.5
2019-07-10,2.0317,2.2858,2.5918,2.9258,3.0203,3.19,3.1706,1.814,2.543,2.486,2.6,2.7,0.6,49.4,8.5
2019-07-11,2.0544,2.2674,2.6031,2.8974,3.0206,3.1899,3.168,1.998,2.497,2.483,2.6,2.7,0.6,49.4,8.5
2019-07-12,2.0393,2.2732,2.6186,2.8876,3.0101,3.1799,3.1531,2.235,2.559,2.487,2.6,2.7,0.6,49.4,8.5
2019-07-15,2.0321,2.2757,2.6244,2.914,3.0308,3.1949,3.1782,2.6175,2.669,2.498,2.6,2.7,0.6,49.4,8.5
2019-07-16,2.0884,2.2749,2.6246,2.911,3.0311,3.1925,3.1732,2.725,2.724,2.532,2.609,2.7,0.6,49.4,8.5
2019-07-17,2.1306,2.3046,2.6378,2.9045,3.0267,3.1949,3.1757,2.711,2.734,2.557,2.613,2.7,0.6,49.4,8.5
2019-07-18,2.1624,2.3056,2.6382,2.897,3.0084,3.18,3.1608,2.772,2.748,2.577,2.623,2.7,0.6,49.4,8.5
2019-07-19,2.1492,2.2967,2.6344,2.8974,3.0089,3.175,3.1559,2.827,2.753,2.591,2.631,2.7,0.6,49.4,8.5
2019-07-22,2.1948,2.311,2.6386,2.8908,2.999,3.1724,3.1484,2.6698,2.692,2.592,2.628,2.7,0.6,49.4,8.5
2019-07-23,2.2086,2.3121,2.6302,2.8845,2.9919,3.1699,3.1484,2.562,2.634,2.591,2.628,2.7,0.6,49.4,8.5
2019-07-24,2.1882,2.3078,2.6317,2.9024,3.0098,3.18,3.171,2.481,2.561,2.59,2.625,2.7,0.6,49.4,8.5
2019-07-25,2.203,2.3155,2.6317,2.8957,3.0051,3.175,3.1635,2.628,2.642,2.594,2.625,2.7,0.6,49.4,8.5
2019-07-26,2.2222,2.3313,2.6267,2.9009,3.0081,3.1751,3.1661,2.636,2.647,2.597,2.629,2.7,0.6,49.4,8.5
2019-07-29,2.2687,2.3131,2.6277,2.9096,3.0246,3.19,3.1836,2.629,2.657,2.6,2.631,2.7,0.6,49.4,8.5
2019-07-30,2.2802,2.296,2.6285,2.9096,3.0195,3.1879,3.1761,2.621,2.663,2.602,2.636,2.7,0.6,49.4,8.5
2019-07-31,2.31,2.3269,2.6183,2.8945,2.9994,3.1724,3.1552,2.642,2.673,2.606,2.644,2.7,0.0,49.4,8.5
2019-08-01,2.3302,2.3474,2.6155,2.8905,2.9838,3.1649,3.1487,2.634,2.638,2.6,2.646,2.7,0.0,49.4,8.5
2019-08-02,2.3082,2.3231,2.5974,2.8583,2.9427,3.1229,3.0914,2.634,2.647,2.6,2.649,2.7,0.0,49.4,8.5
2019-08-05,2.3303,2.348,2.5875,2.8422,2.9102,3.0898,3.0563,2.544,2.619,2.594,2.646,2.7,0.0,49.4,8.5
2019-08-06,2.3314,2.3621,2.5724,2.8475,2.9199,3.0947,3.0613,2.261,2.494,2.584,2.635,2.7,0.0,49.4,8.5
2019-08-07,2.3404,2.37,2.572,2.7667,2.935,3.0798,3.0514,2.22,2.52,2.564,2.623,2.7,0.0,49.4,8.5
2019-08-08,2.3406,2.3711,2.5752,2.7591,2.9362,3.08,3.0465,2.5,2.578,2.562,2.618,2.7,0.0,49.4,8.5
2019-08-09,2.3202,2.3852,2.5695,2.7778,2.9061,3.0574,3.0216,2.596,2.644,2.571,2.618,2.7,0.0,49.4,8.5
2019-08-12,2.3489,2.4064,2.5906,2.7807,2.9205,3.0722,3.0391,2.629,2.656,2.588,2.625,2.7,0.0,49.4,8.5
2019-08-13,2.3549,2.4134,2.5915,2.7733,2.9011,3.0421,3.0041,2.667,2.703,2.613,2.644,2.7,0.0,49.4,8.5
2019-08-14,2.3512,2.4424,2.5896,2.7712,2.91,3.0447,3.0105,2.689,2.695,2.636,2.656,2.7,0.0,49.4,8.5
2019-08-15,2.3853,2.4421,2.5965,2.7713,2.9182,3.0447,3.0115,2.659,2.678,2.649,2.661,2.7,0.0,49.4,8.5
2019-08-16,2.4038,2.4517,2.5949,2.7818,2.9369,3.0548,3.0217,2.665,2.673,2.653,2.666,2.7,0.0,49.4,8.5
2019-08-19,2.4003,2.449,2.5969,2.7772,2.9192,3.0546,3.0191,2.666,2.672,2.656,2.669,2.7,0.0,49.4,8.5
2019-08-20,2.3845,2.4688,2.6012,2.7724,2.9313,3.0597,3.0317,2.642,2.664,2.656,2.671,2.7,0.0,49.4,8.5
2019-08-21,2.4348,2.5184,2.628,2.7726,2.9603,3.0846,3.0567,2.5832,2.653,2.655,2.674,2.7,0.0,49.4,8.5
2019-08-22,2.4369,2.5155,2.6236,2.7856,2.9613,3.0846,3.0543,2.544,2.642,2.656,2.682,2.7,0.0,49.4,8.5
2019-08-23,2.4375,2.5193,2.6195,2.7785,2.9634,3.0898,3.0644,2.586,2.651,2.663,2.69,2.7,0.0,49.4,8.5
2019-08-26,2.4457,2.547,2.6081,2.7741,2.9443,3.0697,3.0494,2.639,2.669,2.66,2.694,2.7,0.0,49.4,8.5
2019-08-27,2.4595,2.5687,2.6258,2.7732,2.9508,3.0796,3.052,2.677,2.687,2.662,2.7,2.7,0.0,49.4,8.5
2019-08-28,2.4759,2.5793,2.626,2.7742,2.9568,3.0845,3.052,2.609,2.682,2.661,2.702,2.7,0.0,49.4,8.5
2019-08-29,2.4858,2.5751,2.6311,2.7626,2.9297,3.0576,3.0321,2.478,2.6702,2.6611,2.7002,2.7,0.0,49.4,8.5
2019-08-30,2.448,2.556,2.618,2.7798,2.9627,3.0896,3.0573,2.572,2.665,2.661,2.701,2.7,0.0,49.4,8.5
2019-09-02,2.4412,2.5537,2.6206,2.7986,2.9773,3.0995,3.0723,2.55,2.653,2.661,2.7,2.8,-0.3,49.7,8.1
2019-09-03,2.4402,2.5547,2.6235,2.8391,2.9748,3.1042,3.0624,2.513,2.61,2.664,2.701,2.8,-0.3,49.7,8.1
2019-09-04,2.4149,2.5409,2.63,2.8295,2.9561,3.0916,3.0473,2.445,2.604,2.662,2.702,2.8,-0.3,49.7,8.1
2019-09-05,2.4216,2.5271,2.6129,2.7644,2.9257,3.0518,3.0173,2.536,2.636,2.665,2.704,2.8,-0.3,49.7,8.1
2019-09-06,2.3942,2.4559,2.6102,2.744,2.9081,3.052,3.0173,2.597,2.652,2.681,2.708,2.8,-0.3,49.7,8.1
2019-09-09,2.414,2.4715,2.6298,2.7475,2.9361,3.0641,3.025,2.607,2.652,2.688,2.707,2.8,-0.3,49.7,8.1
2019-09-10,2.4063,2.4626,2.62,2.7413,2.9548,3.0816,3.0425,2.553,2.628,2.677,2.707,2.8,-0.3,49.7,8.1
2019-09-11,2.3995,2.4924,2.6119,2.7468,2.9519,3.0867,3.0525,2.451,2.645,2.679,2.707,2.8,-0.3,49.7,8.1
2019-09-12,2.3888,2.4939,2.6012,2.7454,2.9802,3.117,3.0876,2.369,2.65,2.682,2.709,2.8,-0.3,49.7,8.1
2019-09-16,2.4168,2.4848,2.5961,2.7575,2.9769,3.1193,3.0926,2.336,2.642,2.682,2.71,2.8,-0.3,49.7,8.1
2019-09-17,2.4032,2.4884,2.5963,2.7469,2.9879,3.1294,3.1076,2.565,2.638,2.685,2.708,2.8,-0.3,49.7,8.1
2019-09-18,2.4,2.5008,2.5503,2.747,3.0033,3.1594,3.1277,2.633,2.654,2.692,2.706,2.8,-0.3,49.7,8.1
2019-09-19,2.3169,2.5075,2.5507,2.7474,2.9977,3.139,3.1053,2.737,2.709,2.704,2.709,2.8,-0.3,49.7,8.1
2019-09-20,2.3071,2.503,2.5718,2.747,2.9894,3.1266,3.098,2.746,2.731,2.719,2.717,2.8,-0.3,49.7,8.1
2019-09-23,2.3166,2.5055,2.5652,2.7508,2.9841,3.1267,3.1005,2.759,2.732,2.737,2.725,2.8,-0.3,49.7,8.1
2019-09-24,2.2934,2.4939,2.5654,2.756,2.9979,3.137,3.1205,2.369,2.676,2.751,2.729,2.8,-0.3,49.7,8.1
2019-09-25,2.2838,2.4967,2.5503,2.7545,2.9904,3.1344,3.1157,2.046,2.572,2.75,2.729,2.8,-0.3,49.7,8.1
2019-09-26,2.2767,2.5085,2.5457,2.7571,3.0085,3.1545,3.1381,1.637,2.577,2.749,2.732,2.8,-0.3,49.7,8.1
2019-09-27,2.2417,2.4801,2.5413,2.7657,3.0163,3.1624,3.1482,1.313,2.59,2.75,2.726,2.8,-0.3,49.7,8.1
2019-09-29,2.2759,2.4322,2.5493,2.7635,3.0051,3.1545,3.1434,1.249,2.692,2.751,2.727,2.8,-0.3,49.7,8.1
2019-09-30,2.2846,2.428,2.5628,2.787,3.0123,3.1703,3.1411,2.635,2.843,2.762,2.728,2.8,-0.8,49.5,8.2
2019-10-08,2.25,2.4279,2.5513,2.7845,2.9971,3.1435,3.1063,2.627,2.688,2.754,2.724,2.8,-0.8,49.5,8.2
2019-10-09,2.2452,2.4163,2.5643,2.7706,2.9998,3.1411,3.1089,2.202,2.627,2.728,2.72,2.8,-0.8,49.5,8.2
2019-10-10,2.2379,2.416,2.5651,2.7654,3.0188,3.1587,3.1289,2.016,2.595,2.7085,2.718,2.8,-0.8,49.5,8.2
2019-10-11,2.271,2.4341,2.5551,2.7719,3.0385,3.1742,3.1564,1.911,2.556,2.703,2.718,2.8,-0.8,49.5,8.2
2019-10-12,2.2839,2.4408,2.5546,2.7832,3.0466,3.1844,3.1716,2.215,2.591,2.699,2.719,2.8,-0.8,49.5,8.2
2019-10-14,2.2907,2.4769,2.5264,2.7834,3.0467,3.1816,3.1641,2.555,2.651,2.699,2.722,2.8,-0.8,49.5,8.2
2019-10-15,2.2973,2.4654,2.5499,2.7886,3.0524,3.1889,3.1668,2.703,2.684,2.703,2.731,2.8,-0.8,49.5,8.2
2019-10-16,2.3064,2.4831,2.5591,2.7964,3.0074,3.1842,3.1693,2.694,2.686,2.704,2.732,2.8,-0.8,49.5,8.2
2019-10-17,2.2708,2.5033,2.5528,2.7855,3.0003,3.1717,3.1569,2.585,2.663,2.709,2.736,2.8,-0.8,49.5,8.2
2019-10-18,2.3517,2.5048,2.5678,2.7908,2.9803,3.1945,3.187,2.618,2.691,2.713,2.746,2.8,-0.8,49.5,8.2
2019-10-21,2.362,2.5093,2.5857,2.8134,3.0287,3.2198,3.2196,2.682,2.691,2.723,2.763,2.8,-0.8,49.5,8.2
2019-10-22,2.3692,2.5277,2.5784,2.82,3.0415,3.2198,3.2196,2.799,2.789,2.75,2.793,2.8,-0.8,49.5,8.2
2019-10-23,2.4261,2.5304,2.6255,2.8204,3.0266,3.2147,3.2122,2.654,2.693,2.761,2.808,2.8,-0.8,49.5,8.2
2019-10-24,2.4322,2.5281,2.6387,2.81,3.0246,3.2174,3.2196,2.446,2.661,2.769,2.824,2.8,-0.8,49.5,8.2
2019-10-25,2.4023,2.5525,2.6204,2.8152,3.0273,3.2309,3.2372,2.506,2.669,2.774,2.831,2.8,-0.8,49.5,8.2
2019-10-28,2.4701,2.5762,2.6318,2.8452,3.0633,3.2809,3.2924,2.478,2.671,2.773,2.84,2.8,-0.8,49.5,8.2
2019-10-29,2.4772,2.5876,2.6369,2.8427,3.0839,3.2828,3.3029,2.368,2.67,2.773,2.847,2.8,-0.8,49.5,8.2
2019-10-30,2.4795,2.6113,2.6644,2.9142,3.1239,3.2994,3.3125,2.303,2.683,2.771,2.864,2.8,-0.8,49.5,8.2
2019-10-31,2.4819,2.6128,2.6648,2.9097,3.081,3.2679,3.288,2.59,2.685,2.775,2.887,3.0,-1.2,49.8,8.4
2019-11-01,2.5073,2.6257,2.6576,2.8806,3.0639,3.2538,3.2757,2.301,2.616,2.775,2.897,3.0,-1.2,49.8,8.4
2019-11-04,2.5061,2.6181,2.6654,2.9068,3.0896,3.2804,3.2954,2.075,2.529,2.77,2.919,3.0,-1.2,49.8,8.4
2019-11-05,2.4992,2.5986,2.6654,2.8858,3.0598,3.2368,3.2454,1.88,2.498,2.759,2.933,3.0,-1.2,49.8,8.4
2019-11-06,2.553,2.6117,2.6651,2.874,3.0655,3.2436,3.2555,1.788,2.546,2.756,2.948,3.0,-1.2,49.8,8.4
2019-11-07,2.5316,2.6234,2.6588,2.8902,3.0708,3.2486,3.2736,1.915,2.595,2.758,2.953,3.0,-1.2,49.8,8.4
2019-11-08,2.5072,2.5607,2.6579,2.8959,3.0656,3.2509,3.2765,1.902,2.57,2.759,2.953,3.0,-1.2,49.8,8.4
2019-11-11,2.4933,2.5444,2.6535,2.891,3.0485,3.2275,3.2463,2.033,2.555,2.759,2.955,3.0,-1.2,49.8,8.4
2019-11-12,2.4951,2.558,2.6599,2.8964,3.0563,3.22,3.255,2.376,2.649,2.762,2.965,3.0,-1.2,49.8,8.4
2019-11-13,2.5164,2.6388,2.6978,2.8909,3.0566,3.2128,3.237,2.598,2.675,2.766,2.981,3.0,-1.2,49.8,8.4
2019-11-14,2.5241,2.6511,2.6818,2.901,3.0645,3.224,3.2555,2.666,2.682,2.776,3.0,3.0,-1.2,49.8,8.4
2019-11-15,2.5185,2.6508,2.6877,2.8881,3.0517,3.2141,3.2355,2.693,2.737,2.788,3.02,3.0,-1.2,49.8,8.4
2019-11-18,2.5005,2.6067,2.6622,2.8617,3.0227,3.1787,3.1993,2.707,2.728,2.794,3.032,3.0,-1.2,49.8,8.4
2019-11-19,2.4719,2.5901,2.6473,2.848,2.9977,3.1537,3.1743,2.343,2.611,2.791,3.033,3.0,-1.2,49.8,8.4
2019-11-20,2.4686,2.5884,2.6427,2.8421,2.9827,3.1507,3.1747,1.899,2.497,2.795,3.032,3.0,-1.2,49.8,8.4
2019-11-21,2.4556,2.56,2.6385,2.8187,2.9684,3.1477,3.1749,1.849,2.426,2.7945,3.034,3.0,-1.2,49.8,8.4
2019-11-22,2.4581,2.5614,2.6379,2.8154,2.9688,3.1494,3.1747,1.948,2.536,2.7925,3.037,3.0,-1.2,49.8,8.4
2019-11-25,2.4708,2.5533,2.6471,2.8397,2.9949,3.1697,3.1875,2.234,2.596,2.7875,3.029,3.0,-1.2,49.8,8.4
2019-11-26,2.4511,2.5519,2.6515,2.8401,2.9801,3.1562,3.1675,2.323,2.598,2.7835,3.02,3.0,-1.2,49.8,8.4
2019-11-27,2.4749,2.5477,2.6369,2.8324,2.9853,3.1571,3.17,2.233,2.589,2.7815,3.019,3.0,-1.2,49.8,8.4
2019-11-28,2.4388,2.5413,2.65,2.8354,2.9827,3.1489,3.165,2.078,2.597,2.7795,3.016,3.0,-1.2,49.8,8.4
2019-11-29,2.4335,2.5323,2.6431,2.832,2.9755,3.1489,3.165,2.356,2.607,2.783,3.017,3.0,-1.2,49.8,8.4
2019-12-02,2.4097,2.5495,2.6506,2.8504,3.0065,3.1753,3.2062,2.233,2.478,2.779,3.017,3.8,-1.6,49.3,8.4
2019-12-03,2.4435,2.5645,2.6365,2.8426,3.0047,3.1621,3.1746,2.132,2.343,2.785,3.015,3.8,-1.6,49.3,8.4
2019-12-04,2.4634,2.5404,2.6235,2.8357,2.9769,3.156,3.1751,1.971,2.426,2.799,3.019,3.8,-1.6,49.3,8.4
2019-12-05,2.4775,2.5465,2.6297,2.8445,2.9768,3.1585,3.1776,1.906,2.433,2.811,3.022,3.8,-1.6,49.3,8.4
2019-12-06,2.454,2.5536,2.6414,2.8327,2.987,3.1613,3.1751,2.073,2.482,2.83,3.0245,3.8,-1.6,49.3,8.4
2019-12-09,2.4427,2.569,2.6386,2.8412,3.0028,3.1585,3.1903,2.345,2.506,2.841,3.025,3.8,-1.6,49.3,8.4
2019-12-10,2.4609,2.5608,2.636,2.835,3.0036,3.1627,3.1776,2.198,2.45,2.858,3.028,3.8,-1.6,49.3,8.4
2019-12-11,2.44,2.5658,2.6104,2.8268,2.9883,3.1528,3.1702,2.081,2.493,2.871,3.03,3.8,-1.6,49.3,8.4
2019-12-12,2.4107,2.5644,2.6104,2.8171,2.9839,3.1454,3.1652,2.053,2.431,2.891,3.0305,3.8,-1.6,49.3,8.4
2019-12-13,2.4131,2.5596,2.6135,2.8192,2.992,3.1556,3.1828,2.133,2.474,2.913,3.0325,3.8,-1.6,49.3,8.4
2019-12-16,2.4013,2.5255,2.6233,2.8168,2.9927,3.1559,3.1854,2.437,2.5315,2.9304,3.0324,3.8,-1.6,49.3,8.4
2019-12-17,2.4143,2.5349,2.6306,2.8358,3.0105,3.1678,3.2133,2.506,2.588,2.942,3.036,3.8,-1.6,49.3,8.4
2019-12-18,2.4207,2.552,2.6185,2.8055,3.0099,3.1667,3.2139,2.485,2.585,2.959,3.04,3.8,-1.6,49.3,8.4
2019-12-19,2.4096,2.5137,2.5969,2.7945,3.0002,3.1523,3.2139,2.0575,2.559,2.976,3.043,3.8,-1.6,49.3,8.4
2019-12-20,2.3504,2.5099,2.5795,2.7795,2.9678,3.1368,3.1808,1.814,2.529,2.997,3.041,3.8,-1.6,49.3,8.4
2019-12-23,2.3038,2.49,2.5545,2.7841,2.9428,3.115,3.1661,1.557,2.453,2.998,3.04,3.8,-1.6,49.3,8.4
2019-12-24,2.3176,2.3781,2.5008,2.7617,2.9288,3.1074,3.1535,1.114,2.45,2.996,3.0335,3.8,-1.6,49.3,8.4
2019-12-25,2.2015,2.3431,2.4808,2.7685,2.9236,3.0929,3.1463,0.943,2.549,2.9985,3.0325,3.8,-1.6,49.3,8.4
2019-12-26,2.2002,2.2559,2.3918,2.7452,2.8881,3.0629,3.1137,0.848,2.607,2.9955,3.0295,3.8,-1.6,49.3,8.4
2019-12-27,2.0752,2.168,2.3788,2.7486,2.8851,3.0663,3.1292,1.075,2.579,2.991,3.0255,3.8,-1.6,49.3,8.4
2019-12-30,2.0074,2.1268,2.3623,2.7514,2.8872,3.0645,3.1322,1.2,2.618,2.9755,3.021,3.8,-1.6,49.3,8.4
2019-12-31,2.0074,2.166,2.3631,2.7321,2.8897,3.0353,3.1365,1.694,2.737,2.9785,3.02,4.5,-1.4,50.2,8.2
2020-01-02,2.0092,2.1097,2.416,2.7458,2.9156,3.0657,3.1485,1.4436,2.433,2.8975,2.994,4.5,-1.4,50.2,8.2
2020-01-03,2.0067,2.0589,2.4359,2.7595,2.9353,3.0753,3.1428,1.162,2.349,2.842,2.96,4.5,-1.4,50.2,8.2
2020-01-06,2.06,2.1059,2.4121,2.718,2.9059,3.0683,3.1352,1.003,2.219,2.747,2.92,4.5,-1.4,50.2,8.2
2020-01-07,2.0355,2.1046,2.4272,2.7029,2.9179,3.0709,3.1379,1.215,2.259,2.7,2.899,4.5,-1.4,50.2,8.2
2020-01-08,2.004,2.0649,2.3,2.6585,2.902,3.0569,3.1337,1.553,2.32,2.638,2.881,4.5,-1.4,50.2,8.2
2020-01-09,2.0002,2.1237,2.3042,2.6686,2.8961,3.0466,3.1184,1.69,2.47,2.609,2.867,4.5,-1.4,50.2,8.2
2020-01-10,1.9978,2.1143,2.2744,2.6776,2.8643,3.0326,3.0819,1.7722,2.487,2.619,2.864,4.5,-1.4,50.2,8.2
2020-01-13,1.9846,2.1303,2.2807,2.6889,2.8703,3.0444,3.084,2.059,2.522,2.619,2.858,4.5,-1.4,50.2,8.2
2020-01-14,2.0132,2.1421,2.3009,2.7053,2.8936,3.055,3.0994,2.518,2.654,2.706,2.862,4.5,-1.4,50.2,8.2
2020-01-15,2.056,2.1893,2.2854,2.7033,2.889,3.0497,3.0897,2.654,2.717,2.799,2.865,4.5,-1.4,50.2,8.2
2020-01-16,2.15,2.2064,2.2721,2.7015,2.8867,3.0499,3.0918,2.609,2.663,2.8,2.868,4.5,-1.4,50.2,8.2
2020-01-17,2.0953,2.2114,2.2618,2.7005,2.8697,3.0232,3.0832,2.522,2.64,2.808,2.868,4.5,-1.4,50.2,8.2
2020-01-19,2.0903,2.2064,2.2627,2.6683,2.8699,3.0219,3.078,2.413,2.608,2.804,2.863,4.5,-1.4,50.2,8.2
2020-01-20,2.0558,2.1742,2.2019,2.6233,2.8592,2.999,3.0776,2.248,2.607,2.813,2.86,4.5,-1.4,50.2,8.2
2020-01-21,2.0542,2.1054,2.2058,2.6133,2.8174,2.9706,3.0337,1.885,2.601,2.816,2.859,4.5,-1.4,50.2,8.2
2020-01-22,2.0528,2.0872,2.181,2.6008,2.8242,2.9724,3.0282,1.534,2.607,2.82,2.858,4.5,-1.4,50.2,8.2
2020-01-23,2.035,2.0783,2.181,2.5877,2.7883,2.9379,2.9932,2.444,2.549,2.822,2.858,4.5,-1.4,50.2,8.2
2020-02-03,1.78,1.8217,2.091,2.3978,2.6269,2.7776,2.8231,2.504,2.607,2.806,2.852,4.5,-0.5,50.2,8.7
2020-02-04,1.7475,1.763,2.1,2.4056,2.6399,2.7906,2.8551,2.273,2.416,2.76,2.824,4.5,-0.5,50.2,8.7
2020-02-05,1.7475,1.7667,2.0773,2.4264,2.6348,2.7893,2.844,2.051,2.343,2.696,2.799,4.5,-0.5,50.2,8.7
2020-02-06,1.7496,1.7667,2.0593,2.4327,2.6353,2.7844,2.8392,1.819,2.366,2.651,2.776,4.5,-0.5,50.2,8.7
2020-02-07,1.6786,1.68,2.0525,2.4039,2.5917,2.7666,2.8024,1.793,2.306,2.628,2.753,4.5,-0.5,50.2,8.7
2020-02-10,1.6272,1.6641,2.0,2.3851,2.5642,2.756,2.7872,1.652,2.289,2.577,2.723,4.5,-0.5,50.2,8.7
2020-02-11,1.6263,1.684,1.99,2.4153,2.5956,2.7803,2.834,1.56,2.225,2.527,2.679,4.5,-0.5,50.2,8.7
2020-02-12,1.657,1.7046,1.99,2.4223,2.6067,2.7887,2.8333,1.521,2.286,2.495,2.639,4.5,-0.5,50.2,8.7
2020-02-13,1.6325,1.7366,1.981,2.4218,2.6076,2.7867,2.8201,1.443,2.324,2.454,2.605,4.5,-0.5,50.2,8.7
2020-02-14,1.6712,1.7977,1.9613,2.4225,2.6229,2.7977,2.8631,1.256,2.233,2.416,2.565,4.5,-0.5,50.2,8.7
2020-02-17,1.705,1.815,1.9358,2.4389,2.6545,2.8151,2.8928,1.425,2.261,2.4,2.545,4.5,-0.5,50.2,8.7
2020-02-18,1.744,1.8151,1.9358,2.4303,2.6473,2.8199,2.8664,1.503,2.293,2.387,2.525,4.5,-0.5,50.2,8.7
2020-02-19,1.7535,1.7999,1.9365,2.4395,2.6545,2.8468,2.8776,1.626,2.268,2.371,2.51,4.5,-0.5,50.2,8.7
2020-02-20,1.7741,1.8093,1.9459,2.4268,2.6834,2.8483,2.8857,1.403,2.308,2.359,2.5,4.5,-0.5,50.2,8.7
2020-02-21,1.7744,1.8031,1.9309,2.4068,2.6634,2.8332,2.847,1.355,2.245,2.343,2.489,4.5,-0.5,50.2,8.7
2020-02-24,1.7795,1.8174,1.8853,2.3948,2.6311,2.8199,2.812,1.533,2.176,2.33,2.476,4.5,-0.5,50.2,8.7
2020-02-25,1.7715,1.8401,1.8951,2.3835,2.6384,2.82,2.822,1.602,2.203,2.318,2.459,4.5,-0.5,50.2,8.7
2020-02-26,1.7556,1.8488,1.8863,2.3835,2.6283,2.8196,2.7973,1.499,2.183,2.306,2.442,4.5,-0.5,50.2,8.7
2020-02-27,1.751,1.8922,1.9051,2.3821,2.5953,2.8044,2.7702,1.347,2.192,2.301,2.433,4.5,-0.5,50.2,8.7
2020-02-28,1.7865,1.8894,1.9291,2.3831,2.5266,2.7477,2.7376,1.628,2.374,2.301,2.429,4.5,-0.5,50.2,8.7
2020-03-02,1.7825,1.8871,1.9251,2.3951,2.5372,2.7548,2.7428,1.714,2.129,2.27,2.408,5.4,0.1,50.0,8.4
2020-03-03,1.7831,1.8671,1.958,2.4051,2.5315,2.7646,2.7478,1.622,2.094,2.229,2.375,5.4,0.1,50.0,8.4
2020-03-04,1.7534,1.8522,1.943,2.295,2.4843,2.6946,2.673,1.462,2.052,2.174,2.332,5.4,0.1,50.0,8.4
2020-03-05,1.7547,1.8476,1.943,2.2815,2.4918,2.6898,2.6829,1.45,2.089,2.15,2.29,5.4,0.1,50.0,8.4
2020-03-06,1.6886,1.75,1.913,2.2265,2.4575,2.6231,2.628,1.362,2.035,2.126,2.258,5.4,0.1,50.0,8.4
2020-03-09,1.6523,1.6903,1.8806,2.1465,2.3606,2.5158,2.5205,1.588,2.074,2.115,2.238,5.4,0.1,50.0,8.4
2020-03-10,1.6661,1.6991,1.9068,2.187,2.4591,2.6102,2.613,2.014,2.241,2.132,2.225,5.4,0.1,50.0,8.4
2020-03-11,1.7001,1.7211,1.9154,2.2267,2.4539,2.6148,2.6079,2.118,2.3,2.145,2.224,5.4,0.1,50.0,8.4
2020-03-12,1.6994,1.7625,1.9166,2.2471,2.4769,2.6352,2.6379,1.664,2.309,2.13,2.223,5.4,0.1,50.0,8.4
2020-03-13,1.6705,1.7953,1.9234,2.2572,2.5381,2.695,2.6759,1.414,2.252,2.119,2.202,5.4,0.1,50.0,8.4
2020-03-16,1.6802,1.7573,1.8954,2.2511,2.5224,2.6871,2.6758,1.231,2.199,2.093,2.175,5.4,0.1,50.0,8.4
2020-03-17,1.627,1.7622,1.8954,2.2507,2.5508,2.7044,2.7135,1.083,1.896,2.063,2.145,5.4,0.1,50.0,8.4
2020-03-18,1.6002,1.7673,1.9154,2.2612,2.5443,2.7063,2.7136,0.963,1.751,2.032,2.12,5.4,0.1,50.0,8.4
2020-03-19,1.5704,1.7607,1.8853,2.251,2.5546,2.7236,2.7299,0.846,1.893,2.008,2.104,5.4,0.1,50.0,8.4
2020-03-20,1.5168,1.7049,1.8682,2.2429,2.5217,2.6999,2.6815,0.795,1.945,1.993,2.087,5.4,0.1,50.0,8.4
2020-03-23,1.516,1.6749,1.8482,2.2032,2.4672,2.6591,2.6315,0.845,1.805,1.962,2.072,5.4,0.1,50.0,8.4
2020-03-24,1.516,1.6348,1.8081,2.1639,2.4497,2.6495,2.6289,0.814,1.693,1.938,2.056,5.4,0.1,50.0,8.4
2020-03-25,1.4522,1.6288,1.7686,2.1265,2.4373,2.6444,2.6289,0.847,1.745,1.897,2.01,5.4,0.1,50.0,8.4
2020-03-26,1.4003,1.5773,1.7175,2.0824,2.3714,2.5949,2.594,0.845,1.72,1.869,1.977,5.4,0.1,50.0,8.4
2020-03-27,1.4026,1.5273,1.7412,2.0713,2.4038,2.6074,2.609,1.104,1.769,1.857,1.966,5.4,0.1,50.0,8.4
2020-03-30,1.4097,1.4777,1.7362,2.0454,2.3828,2.6148,2.6142,1.374,2.163,1.835,1.948,5.4,0.1,50.0,8.4
2020-03-31,1.4062,1.4282,1.687,2.0086,2.3372,2.5638,2.5899,1.614,2.147,1.827,1.933,5.2,-0.4,35.7,8.8
2020-04-01,1.3001,1.4282,1.6778,1.9821,2.3119,2.5287,2.555,1.403,2.004,1.809,1.918,5.2,-0.4,35.7,8.8
2020-04-02,1.2837,1.3827,1.6548,2.0093,2.3366,2.5552,2.5854,1.278,1.857,1.772,1.889,5.2,-0.4,35.7,8.8
2020-04-03,1.2386,1.32,1.6548,2.0076,2.3142,2.5546,2.5965,1.001,1.831,1.741,1.844,5.2,-0.4,35.7,8.8
2020-04-07,1.0998,1.1,1.3448,1.7925,2.1776,2.4736,2.5112,0.806,1.773,1.659,1.73,5.2,-0.4,35.7,8.8
2020-04-08,1.05,1.06,1.2044,1.6958,2.0454,2.4077,2.4824,0.893,1.739,1.553,1.647,5.2,-0.4,35.7,8.8
2020-04-09,1.0501,1.0806,1.2044,1.7177,2.0776,2.4479,2.5226,1.182,1.68,1.473,1.558,5.2,-0.4,35.7,8.8
2020-04-10,1.1026,1.1101,1.24,1.7615,2.115,2.4673,2.5403,1.349,1.813,1.4,1.507,5.2,-0.4,35.7,8.8
2020-04-13,1.1112,1.1164,1.2643,1.7569,2.0717,2.4863,2.5658,1.378,1.851,1.365,1.485,5.2,-0.4,35.7,8.8
2020-04-14,1.0905,1.1328,1.2331,1.7035,2.0423,2.4735,2.5591,0.994,1.707,1.353,1.46,5.2,-0.4,35.7,8.8
2020-04-15,1.0501,1.1271,1.225,1.6604,2.028,2.4535,2.5455,0.801,1.632,1.341,1.447,5.2,-0.4,35.7,8.8
2020-04-16,1.005,1.0907,1.2088,1.6392,2.0236,2.4379,2.5276,0.702,1.657,1.324,1.428,5.2,-0.4,35.7,8.8
2020-04-17,0.9319,1.0987,1.2257,1.6271,2.0293,2.4595,2.559,0.716,1.737,1.308,1.403,5.2,-0.4,35.7,8.8
2020-04-20,0.9075,1.0675,1.2025,1.605,2.0262,2.4912,2.592,0.896,1.734,1.301,1.394,5.2,-0.4,35.7,8.8
2020-04-21,0.8562,1.0318,1.1826,1.5561,1.9871,2.4775,2.5791,0.901,1.606,1.302,1.396,5.2,-0.4,35.7,8.8
2020-04-22,0.8944,1.0272,1.1352,1.521,1.8665,2.4475,2.5567,0.901,1.576,1.3,1.391,5.2,-0.4,35.7,8.8
2020-04-23,0.856,1.0129,1.1228,1.4707,1.8372,2.3564,2.5227,0.893,1.663,1.301,1.396,5.2,-0.4,35.7,8.8
2020-04-24,0.8581,1.0165,1.1279,1.4082,1.8385,2.3273,2.51,0.912,1.718,1.302,1.396,5.2,-0.4,35.7,8.8
2020-04-26,0.8591,1.0192,1.1324,1.4076,1.8424,2.3376,2.5205,0.908,1.658,1.308,1.397,5.2,-0.4,35.7,8.8
2020-04-27,0.8408,1.0088,1.13,1.4182,1.8633,2.3769,2.5345,0.874,1.774,1.307,1.397,5.2,-0.4,35.7,8.8
2020-04-28,0.8408,0.9938,1.1338,1.4095,1.8463,2.3646,2.5254,0.874,1.62,1.304,1.398,5.2,-0.4,35.7,8.8
2020-04-29,0.8352,0.9692,1.1177,1.4279,1.7903,2.3253,2.5009,0.661,1.755,1.304,1.399,5.2,-0.4,35.7,8.8
2020-04-30,0.8923,0.9978,1.1465,1.4395,1.7886,2.3639,2.538,1.888,1.919,1.314,1.4,4.3,-1.5,52.0,10.1
2020-05-06,0.9068,1.0121,1.1616,1.5006,1.8361,2.4291,2.5809,1.483,1.865,1.311,1.4,4.3,-1.5,52.0,10.1
2020-05-07,0.8785,1.0774,1.1919,1.5304,1.926,2.5003,2.6298,1.143,1.838,1.304,1.4,4.3,-1.5,52.0,10.1
2020-05-08,0.9085,1.05,1.2134,1.5519,1.9362,2.4888,2.6207,0.938,1.809,1.3,1.4,4.3,-1.5,52.0,10.1
2020-05-09,0.9297,1.0618,1.2097,1.5641,1.9468,2.5004,2.64,0.85,1.481,1.3,1.399,4.3,-1.5,52.0,10.1
2020-05-11,0.9601,1.0829,1.2194,1.6117,2.0187,2.5481,2.6698,0.876,1.679,1.3,1.398,4.3,-1.5,52.0,10.1
2020-05-12,0.9309,1.0707,1.2225,1.6023,2.0247,2.5381,2.6603,0.803,1.568,1.3,1.398,4.3,-1.5,52.0,10.1
2020-05-13,1.0002,1.1281,1.2381,1.6004,2.051,2.5627,2.7076,0.705,1.485,1.3,1.398,4.3,-1.5,52.0,10.1
2020-05-14,1.0005,1.1552,1.2334,1.5961,2.0131,2.5575,2.6989,0.743,1.514,1.3,1.399,4.3,-1.5,52.0,10.1
2020-05-15,1.0076,1.157,1.2186,1.58,1.9702,2.5281,2.682,0.864,1.657,1.3,1.399,4.3,-1.5,52.0,10.1
2020-05-18,1.0414,1.1701,1.2561,1.6105,2.0592,2.5946,2.7253,0.905,1.563,1.3,1.398,4.3,-1.5,52.0,10.1
2020-05-19,1.0307,1.2016,1.2787,1.6296,2.1163,2.6157,2.7272,1.385,1.521,1.3,1.399,4.3,-1.5,52.0,10.1
2020-05-20,1.1012,1.2378,1.3128,1.629,2.1278,2.6106,2.69,1.22,1.534,1.301,1.399,4.3,-1.5,52.0,10.1
2020-05-21,1.1032,1.2465,1.3328,1.6716,2.1576,2.6092,2.685,1.104,1.556,1.303,1.4,4.3,-1.5,52.0,10.1
2020-05-22,1.1202,1.3009,1.3923,1.6368,2.045,2.5268,2.6176,1.094,1.595,1.307,1.4,4.3,-1.5,52.0,10.1
2020-05-25,1.1665,1.3261,1.4574,1.7059,2.1377,2.5931,2.6852,1.473,1.785,1.316,1.4,4.3,-1.5,52.0,10.1
2020-05-26,1.172,1.3604,1.529,1.7614,2.2295,2.6551,2.7402,1.88,1.908,1.342,1.405,4.3,-1.5,52.0,10.1
2020-05-27,1.4074,1.5046,1.589,1.922,2.2956,2.6858,2.7527,2.104,2.018,1.39,1.415,4.3,-1.5,52.0,10.1
2020-05-28,1.4198,1.5134,1.5995,1.8999,2.2562,2.6749,2.7201,2.102,2.179,1.412,1.43,4.3,-1.5,52.0,10.1
2020-05-29,1.4627,1.5542,1.601,1.8938,2.2241,2.6371,2.7053,2.097,2.151,1.43,1.453,4.3,-1.5,52.0,10.1
2020-06-01,1.458,1.5543,1.5897,1.902,2.2369,2.6643,2.7253,1.629,1.959,1.424,1.456,3.3,-3.1,50.8,11.1
2020-06-02,1.4821,1.6133,1.7018,2.039,2.3658,2.7436,2.7852,1.468,1.673,1.422,1.462,3.3,-3.1,50.8,11.1
2020-06-03,1.6675,1.8133,1.8201,2.2858,2.372,2.8643,2.7901,1.885,1.971,1.455,1.494,3.3,-3.1,50.8,11.1
2020-06-04,1.6879,1.9133,1.9201,2.3296,2.4656,2.885,2.8301,1.963,2.001,1.513,1.536,3.3,-3.1,50.8,11.1
2020-06-05,1.7652,2.0179,2.0801,2.3856,2.5258,2.9,2.8475,1.582,1.987,1.582,1.594,3.3,-3.1,50.8,11.1
2020-06-08,1.8743,1.9905,2.0801,2.3492,2.4969,2.8525,2.8101,1.89,1.942,1.647,1.658,3.3,-3.1,50.8,11.1
2020-06-09,1.8469,1.9766,2.0521,2.301,2.5002,2.85,2.8031,1.833,1.947,1.741,1.727,3.3,-3.1,50.8,11.1
2020-06-10,1.9026,2.0009,2.0677,2.3342,2.5134,2.84,2.8201,1.849,1.98,1.791,1.816,3.3,-3.1,50.8,11.1
2020-06-11,1.8991,1.9584,2.0723,2.3127,2.4818,2.8,2.7701,1.757,2.021,1.86,1.904,3.3,-3.1,50.8,11.1
2020-06-12,1.8698,1.8504,2.0504,2.2931,2.469,2.785,2.7451,1.529,2.016,1.899,1.956,3.3,-3.1,50.8,11.1
2020-06-15,1.84,1.8504,2.0364,2.2881,2.5118,2.7802,2.7878,1.477,1.855,1.916,1.987,3.3,-3.1,50.8,11.1
2020-06-16,1.8401,1.9537,2.0757,2.3572,2.5993,2.88,2.8402,1.751,1.891,1.95,2.019,3.3,-3.1,50.8,11.1
2020-06-17,1.9009,2.1384,2.1117,2.3925,2.6455,2.93,2.8802,2.048,2.057,1.993,2.056,3.3,-3.1,50.8,11.1
2020-06-18,1.8806,2.1339,2.1156,2.3811,2.6136,2.88,2.8527,2.123,2.1,2.023,2.078,3.3,-3.1,50.8,11.1
2020-06-19,1.8239,2.1337,2.1203,2.4004,2.6227,2.88,2.8752,2.131,2.147,2.048,2.095,3.3,-3.1,50.8,11.1
2020-06-22,1.8621,2.1749,2.145,2.4608,2.6681,2.9055,2.9153,2.133,2.15,2.057,2.097,3.3,-3.1,50.8,11.1
2020-06-23,1.9054,2.1921,2.223,2.4776,2.6517,2.915,2.9127,1.971,2.15,2.08,2.109,3.3,-3.1,50.8,11.1
2020-06-24,1.8839,2.1215,2.1495,2.439,2.5861,2.87,2.8614,1.54,2.173,2.098,2.121,3.3,-3.1,50.8,11.1
2020-06-28,1.8691,2.1217,2.1261,2.4333,2.5723,2.855,2.8404,1.096,2.182,2.101,2.129,3.3,-3.1,50.8,11.1
2020-06-29,1.7467,2.0905,2.1144,2.3967,2.591,2.8525,2.8504,1.012,2.181,2.096,2.127,3.3,-3.1,50.8,11.1
2020-06-30,1.7385,2.071,2.1764,2.3882,2.5542,2.8202,2.823,1.785,2.228,2.083,2.126,2.4,-3.7,50.6,11.1
2020-07-01,1.7067,2.0579,2.1276,2.4036,2.5976,2.8265,2.8456,1.967,2.095,2.071,2.122,2.4,-3.7,50.6,11.1
2020-07-02,1.7299,2.0599,2.0976,2.3897,2.5753,2.8228,2.8584,1.745,2.006,2.038,2.113,2.4,-3.7,50.6,11.1
2020-07-03,1.7016,2.0487,2.0976,2.3878,2.6084,2.8628,2.8974,1.364,1.98,2.011,2.105,2.4,-3.7,50.6,11.1
2020-07-06,1.719,2.0792,2.1263,2.6016,2.751,2.9676,2.9959,1.346,1.794,1.997,2.104,2.4,-3.7,50.6,11.1
2020-07-07,1.7455,2.0785,2.1513,2.6276,2.7925,2.9922,3.0158,1.706,2.092,1.998,2.103,2.4,-3.7,50.6,11.1
2020-07-08,1.8606,2.0868,2.16,2.6679,2.8522,2.996,3.0632,2.088,2.137,1.998,2.111,2.4,-3.7,50.6,11.1
2020-07-09,1.9821,2.1284,2.2256,2.7143,2.8995,3.0618,3.0809,2.189,2.192,2.013,2.122,2.4,-3.7,50.6,11.1
2020-07-10,2.1012,2.11,2.2165,2.6894,2.8423,3.0209,3.0305,2.197,2.203,2.035,2.143,2.4,-3.7,50.6,11.1
2020-07-13,2.1063,2.1151,2.208,2.7154,2.8905,3.0599,3.0557,2.128,2.201,2.057,2.163,2.4,-3.7,50.6,11.1
2020-07-14,2.0499,2.0502,2.198,2.6959,2.8272,3.0323,3.0057,1.67,2.148,2.077,2.192,2.4,-3.7,50.6,11.1
2020-07-15,2.0321,2.0415,2.2,2.6051,2.7402,3.0098,2.9559,2.022,2.15,2.1,2.241,2.4,-3.7,50.6,11.1
2020-07-16,2.0242,2.0619,2.1534,2.5541,2.7133,2.9798,2.9459,2.2465,2.249,2.145,2.286,2.4,-3.7,50.6,11.1
2020-07-17,2.0296,2.0512,2.2256,2.5141,2.7022,2.9799,2.9507,2.328,2.227,2.198,2.356,2.4,-3.7,50.6,11.1
2020-07-20,1.9934,2.0439,2.254,2.5256,2.67,2.9797,2.9311,1.9565,2.183,2.214,2.404,2.4,-3.7,50.6,11.1
2020-07-21,1.9876,2.0133,2.2455,2.4641,2.6326,2.9348,2.9011,1.584,2.101,2.223,2.466,2.4,-3.7,50.6,11.1
2020-07-22,2.0001,1.9936,2.2552,2.4655,2.6253,2.885,2.8861,1.336,2.008,2.225,2.501,2.4,-3.7,50.6,11.1
2020-07-23,1.9642,2.0234,2.2538,2.4862,2.6379,2.8832,2.9064,1.858,2.207,2.239,2.541,2.4,-3.7,50.6,11.1
2020-07-24,1.9613,2.0048,2.2446,2.4556,2.5999,2.8513,2.8612,1.843,2.147,2.245,2.557,2.4,-3.7,50.6,11.1
2020-07-27,1.9507,2.0157,2.2461,2.4769,2.6284,2.8538,2.8791,1.994,2.202,2.258,2.574,2.4,-3.7,50.6,11.1
2020-07-28,2.005,2.0306,2.2565,2.481,2.6762,2.9028,2.9214,1.753,2.2,2.267,2.578,2.4,-3.7,50.6,11.1
2020-07-29,1.9994,2.0336,2.2459,2.5069,2.6829,2.9229,2.9415,1.45,2.174,2.276,2.586,2.4,-3.7,50.6,11.1
2020-07-30,1.9799,2.0336,2.2461,2.5061,2.6794,2.9424,2.9364,1.369,2.183,2.288,2.59,2.4,-3.7,50.6,11.1
2020-07-31,1.9799,2.0836,2.2428,2.5152,2.7022,2.97,2.9664,1.788,2.236,2.295,2.593,2.5,-3.0,50.9,11.1
2020-08-03,1.9415,2.0836,2.1565,2.5443,2.6845,2.9896,2.9466,1.57,2.043,2.282,2.595,2.5,-3.0,50.9,11.1
2020-08-04,2.0142,2.1236,2.1746,2.5867,2.7007,2.9845,2.9365,1.925,2.143,2.286,2.598,2.5,-3.0,50.9,11.1
2020-08-05,2.05,2.1949,2.2288,2.662,2.7638,3.0169,2.9592,1.69,2.062,2.281,2.6,2.5,-3.0,50.9,11.1
2020-08-06,2.0604,2.2052,2.2356,2.6788,2.8211,3.0345,2.9816,1.661,2.074,2.286,2.6,2.5,-3.0,50.9,11.1
2020-08-07,2.0615,2.2092,2.2225,2.687,2.8311,3.0393,2.9918,2.057,2.205,2.286,2.603,2.5,-3.0,50.9,11.1
2020-08-10,2.0812,2.2092,2.2001,2.6667,2.806,3.0094,2.9543,2.129,2.202,2.295,2.601,2.5,-3.0,50.9,11.1
2020-08-11,2.0889,2.195,2.2213,2.6781,2.8267,3.0093,2.9544,2.201,2.249,2.299,2.6,2.5,-3.0,50.9,11.1
2020-08-12,2.1467,2.235,2.2415,2.7177,2.865,3.0242,2.962,2.152,2.246,2.3,2.601,2.5,-3.0,50.9,11.1
2020-08-13,2.1485,2.2458,2.2522,2.6967,2.8397,3.0093,2.9555,2.162,2.237,2.3,2.601,2.5,-3.0,50.9,11.1
2020-08-14,2.1319,2.2968,2.2744,2.6746,2.8209,2.9943,2.9369,2.175,2.222,2.306,2.601,2.5,-3.0,50.9,11.1
2020-08-17,2.1242,2.2891,2.265,2.6926,2.8106,2.9795,2.9421,2.128,2.213,2.305,2.602,2.5,-3.0,50.9,11.1
2020-08-18,2.1174,2.2909,2.2754,2.6975,2.8458,2.9997,2.9771,2.115,2.19,2.304,2.6,2.5,-3.0,50.9,11.1
2020-08-19,2.1536,2.3897,2.4369,2.7303,2.8844,3.0343,2.9921,2.148,2.204,2.307,2.6,2.5,-3.0,50.9,11.1
2020-08-20,2.1831,2.4698,2.4237,2.7677,2.9115,3.0591,2.9973,2.172,2.249,2.316,2.601,2.5,-3.0,50.9,11.1
2020-08-21,2.1961,2.4829,2.4336,2.7518,2.8754,3.0291,2.9823,2.258,2.28,2.339,2.601,2.5,-3.0,50.9,11.1
2020-08-24,2.2,2.4987,2.4437,2.7952,2.8976,3.0492,2.9998,2.3595,2.23,2.364,2.604,2.5,-3.0,50.9,11.1
2020-08-25,2.1698,2.5192,2.4742,2.8614,2.9454,3.0842,3.0424,1.969,2.241,2.368,2.606,2.5,-3.0,50.9,11.1
2020-08-26,2.2027,2.5199,2.4854,2.8779,2.9751,3.0991,3.0511,1.63,2.222,2.37,2.612,2.5,-3.0,50.9,11.1
2020-08-27,2.2199,2.5199,2.4961,2.9057,2.982,3.1189,3.0599,1.477,2.182,2.367,2.621,2.5,-3.0,50.9,11.1
2020-08-28,2.2478,2.5043,2.4869,2.9077,2.9902,3.1387,3.0672,1.345,2.235,2.366,2.63,2.5,-3.0,50.9,11.1
2020-08-31,2.2335,2.5297,2.5123,2.8928,2.9549,3.0983,3.0177,1.766,2.228,2.374,2.636,2.7,-2.4,51.1,10.7
2020-09-01,2.2348,2.5199,2.5203,2.922,2.9811,3.1528,3.0478,2.104,2.211,2.372,2.64,2.7,-2.4,51.1,10.7
2020-09-02,2.2755,2.5359,2.5563,2.9641,3.0526,3.2054,3.1027,2.094,2.201,2.38,2.646,2.7,-2.4,51.1,10.7
2020-09-03,2.2779,2.5359,2.5712,2.9585,3.0842,3.1906,3.1051,1.742,2.197,2.39,2.654,2.7,-2.4,51.1,10.7
2020-09-04,2.2795,2.5459,2.5885,2.9871,3.1008,3.2082,3.1228,2.052,2.211,2.399,2.661,2.7,-2.4,51.1,10.7
2020-09-07,2.3757,2.5909,2.6151,2.9968,3.1074,3.2085,3.1454,2.088,2.2,2.436,2.676,2.7,-2.4,51.1,10.7
2020-09-08,2.3633,2.58,2.5969,2.9862,3.0846,3.1958,3.123,2.051,2.211,2.468,2.688,2.7,-2.4,51.1,10.7
2020-09-09,2.3873,2.6549,2.603,2.9363,3.0323,3.1531,3.0805,1.607,2.193,2.502,2.693,2.7,-2.4,51.1,10.7
2020-09-10,2.3617,2.6,2.573,2.8839,2.999,3.1484,3.0833,1.34,2.128,2.538,2.695,2.7,-2.4,51.1,10.7
2020-09-11,2.3232,2.6005,2.5964,2.9092,3.0371,3.1886,3.1346,1.464,2.162,2.564,2.697,2.7,-2.4,51.1,10.7
2020-09-14,2.2859,2.5999,2.6051,2.8955,3.0608,3.1987,3.1532,1.607,2.161,2.59,2.697,2.7,-2.4,51.1,10.7
2020-09-15,2.2871,2.5722,2.5934,2.8514,3.0008,3.1586,3.1083,1.731,2.133,2.596,2.696,2.7,-2.4,51.1,10.7
2020-09-16,2.3333,2.5683,2.6114,2.8457,2.9944,3.1785,3.126,1.404,2.185,2.597,2.688,2.7,-2.4,51.1,10.7
2020-09-17,2.3316,2.577,2.6124,2.8566,3.0157,3.1933,3.1334,1.769,2.199,2.603,2.686,2.7,-2.4,51.1,10.7
2020-09-18,2.3218,2.5771,2.6088,2.83,2.971,3.1682,3.1162,2.101,2.233,2.609,2.679,2.7,-2.4,51.1,10.7
2020-09-21,2.2852,2.5782,2.6127,2.804,2.9414,3.1435,3.0999,2.204,2.262,2.619,2.673,2.7,-2.4,51.1,10.7
2020-09-22,2.3201,2.5611,2.6082,2.8164,2.9374,3.1238,3.0863,2.286,2.332,2.624,2.67,2.7,-2.4,51.1,10.7
2020-09-23,2.2718,2.5598,2.6282,2.8207,2.9433,3.1334,3.089,1.884,2.149,2.627,2.67,2.7,-2.4,51.1,10.7
2020-09-24,2.2215,2.5677,2.5942,2.8422,2.955,3.1284,3.084,1.424,2.148,2.642,2.668,2.7,-2.4,51.1,10.7
2020-09-25,2.2131,2.5677,2.6116,2.8754,3.0015,3.1589,3.1295,1.113,2.044,2.655,2.668,2.7,-2.4,51.1,10.7
2020-09-27,2.2067,2.5613,2.6005,2.8825,3.0086,3.1544,3.1324,0.685,1.953,2.657,2.671,2.7,-2.4,51.1,10.7
2020-09-28,2.215,2.5662,2.6075,2.8868,3.0007,3.1607,3.1092,0.602,2.418,2.666,2.673,2.7,-2.4,51.1,10.7
2020-09-29,2.3109,2.6043,2.6381,2.8899,3.0245,3.1879,3.1292,0.913,2.283,2.67,2.684,2.7,-2.4,51.1,10.7
2020-09-30,2.3213,2.5999,2.6462,2.9301,3.0537,3.2126,3.1482,2.361,2.331,2.68,2.691,2.4,-2.0,51.0,10.4
2020-10-09,2.3662,2.6009,2.7017,2.9897,3.1147,3.2619,3.1873,2.038,2.174,2.668,2.708,2.4,-2.0,51.0,10.4
2020-10-10,2.3443,2.601,2.7017,2.9872,3.1144,3.2664,3.1898,1.628,2.029,2.649,2.715,2.4,-2.0,51.0,10.4
2020-10-12,2.3747,2.6482,2.6937,3.0005,3.0893,3.2665,3.1861,1.53,2.073,2.635,2.722,2.4,-2.0,51.0,10.4
2020-10-13,2.3731,2.6576,2.6959,3.0026,3.1072,3.2812,3.195,1.7,2.092,2.636,2.734,2.4,-2.0,51.0,10.4
2020-10-14,2.5231,2.6999,2.7189,3.0188,3.1393,3.2915,3.215,1.962,2.136,2.637,2.757,2.4,-2.0,51.0,10.4
2020-10-15,2.6124,2.6998,2.6882,3.019,3.1655,3.2921,3.23,2.063,2.191,2.633,2.774,2.4,-2.0,51.0,10.4
2020-10-16,2.6137,2.6897,2.6961,3.0159,3.1557,3.2773,3.2202,2.017,2.199,2.632,2.786,2.4,-2.0,51.0,10.4
2020-10-19,2.6213,2.6893,2.6973,2.997,3.131,3.2571,3.2005,2.187,2.23,2.634,2.803,2.4,-2.0,51.0,10.4
2020-10-20,2.6238,2.6892,2.7047,2.9955,3.1196,3.2473,3.1955,2.162,2.261,2.635,2.829,2.4,-2.0,51.0,10.4
2020-10-21,2.6355,2.6836,2.6848,2.9666,3.04,3.2324,3.1855,1.988,2.207,2.645,2.855,2.4,-2.0,51.0,10.4
2020-10-22,2.6327,2.6823,2.6461,2.9255,2.98,3.2127,3.1707,1.911,2.19,2.649,2.877,2.4,-2.0,51.0,10.4
2020-10-23,2.6359,2.6882,2.6821,2.96,3.0,3.2421,3.1957,2.161,2.205,2.653,2.895,2.4,-2.0,51.0,10.4
2020-10-26,2.6453,2.6872,2.6917,2.9679,3.0077,3.2517,3.1934,2.18,2.227,2.658,2.913,2.4,-2.0,51.0,10.4
2020-10-27,2.6459,2.7245,2.6867,2.9372,2.9702,3.2167,3.1609,2.38,2.33,2.668,2.933,2.4,-2.0,51.0,10.4
2020-10-28,2.6631,2.7897,2.7228,2.959,2.9953,3.2558,3.181,2.379,2.385,2.686,2.952,2.4,-2.0,51.0,10.4
2020-10-29,2.656,2.7695,2.7191,2.9524,2.9904,3.2558,3.186,2.125,2.353,2.69,2.96,2.4,-2.0,51.0,10.4
2020-10-30,2.662,2.7845,2.7273,2.9459,2.9755,3.2411,3.181,2.236,2.418,2.689,2.972,2.4,-2.0,51.0,10.4
2020-11-02,2.6647,2.7794,2.7525,2.9462,2.9757,3.2364,3.1785,2.322,2.464,2.687,2.982,1.7,-2.1,51.5,10.9
2020-11-03,2.6364,2.7392,2.7322,2.932,2.9633,3.2268,3.1762,1.868,2.18,2.643,2.989,1.7,-2.1,51.5,10.9
2020-11-04,2.6591,2.739,2.7347,2.9378,2.9761,3.2073,3.1687,1.449,2.092,2.643,2.993,1.7,-2.1,51.5,10.9
2020-11-05,2.6633,2.7487,2.7481,2.9602,2.9986,3.2228,3.1912,1.377,2.071,2.633,2.996,1.7,-2.1,51.5,10.9
2020-11-06,2.6513,2.7595,2.7832,2.9702,3.0341,3.2354,3.2063,1.79,2.215,2.64,3.001,1.7,-2.1,51.5,10.9
2020-11-09,2.6578,2.7688,2.7944,2.9852,3.0572,3.2628,3.2363,2.193,2.272,2.646,3.001,1.7,-2.1,51.5,10.9
2020-11-10,2.6564,2.7543,2.7882,2.9602,3.0426,3.2503,3.2241,2.333,2.269,2.636,3.002,1.7,-2.1,51.5,10.9
2020-11-11,2.7113,2.8,2.8009,2.9702,3.0528,3.2584,3.2391,2.314,2.306,2.646,3.002,1.7,-2.1,51.5,10.9
2020-11-12,2.756,2.8297,2.8287,2.9902,3.0832,3.283,3.2614,2.521,2.335,2.671,3.002,1.7,-2.1,51.5,10.9
2020-11-13,2.7926,2.8599,2.8464,3.0053,3.0984,3.2885,3.2715,2.523,2.433,2.679,3.003,1.7,-2.1,51.5,10.9
2020-11-16,2.6887,2.8298,2.8497,3.0109,3.1039,3.2956,3.2741,2.252,2.339,2.682,3.002,1.7,-2.1,51.5,10.9
2020-11-17,2.6887,2.8348,2.8634,3.0259,3.1242,3.3034,3.2866,1.798,2.238,2.686,3.003,1.7,-2.1,51.5,10.9
2020-11-18,2.7526,2.8676,2.94,3.0603,3.167,3.3292,3.324,1.72,2.21,2.689,3.009,1.7,-2.1,51.5,10.9
2020-11-19,2.808,2.8843,2.9433,3.11,3.2145,3.3589,3.3487,1.918,2.231,2.69,3.014,1.7,-2.1,51.5,10.9
2020-11-20,2.9216,3.0226,2.9503,3.1201,3.191,3.3385,3.31,1.959,2.228,2.702,3.021,1.7,-2.1,51.5,10.9
2020-11-23,2.8924,2.9742,2.951,3.0751,3.1337,3.303,3.265,1.839,2.193,2.703,3.047,1.7,-2.1,51.5,10.9
2020-11-24,2.9023,2.9942,2.969,3.1001,3.1691,3.3256,3.29,1.828,2.232,2.713,3.069,1.7,-2.1,51.5,10.9
2020-11-25,2.9031,2.9999,2.9461,3.0754,3.134,3.3031,3.2675,1.578,2.224,2.716,3.077,1.7,-2.1,51.5,10.9
2020-11-26,2.9279,2.9848,2.9357,3.0755,3.142,3.3134,3.285,1.298,2.294,2.718,3.113,1.7,-2.1,51.5,10.9
2020-11-27,2.9274,2.9698,2.9104,3.0837,3.1522,3.3189,3.3,0.836,2.336,2.734,3.136,1.7,-2.1,51.5,10.9
2020-11-30,2.8599,2.8903,2.831,2.9967,3.0708,3.2642,3.25,1.115,2.356,2.743,3.123,0.5,-2.1,51.4,10.5
2020-12-01,2.8801,2.8203,2.8457,3.0061,3.0915,3.2843,3.2725,0.764,1.972,2.717,3.109,0.5,-2.1,51.4,10.5
2020-12-02,2.8707,2.8403,2.8608,3.0519,3.125,3.2943,3.2925,0.742,1.925,2.703,3.103,0.5,-2.1,51.4,10.5
2020-12-03,2.8616,2.8603,2.8761,3.0473,3.1305,3.28,3.2851,0.901,2.104,2.706,3.089,0.5,-2.1,51.4,10.5
2020-12-04,2.8551,2.8738,2.8708,3.0348,3.1156,3.2701,3.2651,1.086,2.116,2.696,3.083,0.5,-2.1,51.4,10.5
2020-12-07,2.834,2.8509,2.8614,3.042,3.1261,3.2738,3.2701,1.366,2.119,2.7,3.076,0.5,-2.1,51.4,10.5
2020-12-08,2.8103,2.8315,2.8417,3.0115,3.1121,3.2575,3.2551,1.302,2.101,2.702,3.073,0.5,-2.1,51.4,10.5
2020-12-09,2.7421,2.8014,2.8449,3.0097,3.1257,3.27,3.2726,1.065,2.074,2.714,3.05,0.5,-2.1,51.4,10.5
2020-12-10,2.7135,2.7626,2.8047,2.9623,3.105,3.26,3.2601,0.979,2.063,2.712,3.024,0.5,-2.1,51.4,10.5
2020-12-11,2.7221,2.8082,2.8334,2.9969,3.1403,3.3,3.2951,1.431,2.178,2.712,3.016,0.5,-2.1,51.4,10.5
2020-12-14,2.6999,2.786,2.8245,2.9833,3.126,3.285,3.2851,1.702,2.143,2.722,3.0,0.5,-2.1,51.4,10.5
2020-12-15,2.6754,2.7557,2.7888,2.9593,3.0989,3.2775,3.2777,1.403,2.062,2.725,2.983,0.5,-2.1,51.4,10.5
2020-12-16,2.6,2.7227,2.7312,2.9271,3.0802,3.2702,3.2752,0.974,1.815,2.723,2.952,0.5,-2.1,51.4,10.5
2020-12-17,2.6,2.6887,2.7273,2.9528,3.1025,3.2776,3.2802,1.356,1.961,2.717,2.905,0.5,-2.1,51.4,10.5
2020-12-18,2.5802,2.6837,2.7267,2.9642,3.11,3.2804,3.2902,1.723,2.148,2.716,2.855,0.5,-2.1,51.4,10.5
2020-12-21,2.533,2.6535,2.6919,2.9284,3.0735,3.2602,3.2652,1.489,2.05,2.717,2.818,0.5,-2.1,51.4,10.5
2020-12-22,2.5113,2.6045,2.6695,2.901,3.0353,3.2156,3.2278,1.015,2.061,2.714,2.796,0.5,-2.1,51.4,10.5
2020-12-23,2.4711,2.5884,2.6551,2.8885,3.0237,3.22,3.2153,0.623,2.064,2.708,2.787,0.5,-2.1,51.4,10.5
2020-12-24,2.4806,2.567,2.6501,2.9097,3.0439,3.235,3.2303,0.609,1.774,2.703,2.776,0.5,-2.1,51.4,10.5
2020-12-25,2.4739,2.57,2.6096,2.8856,3.003,3.195,3.1878,0.793,2.151,2.702,2.766,0.5,-2.1,51.4,10.5
2020-12-28,2.4027,2.5667,2.5671,2.8552,2.9953,3.1851,3.1629,0.673,2.133,2.702,2.761,0.5,-2.1,51.4,10.5
2020-12-29,2.3633,2.5165,2.5486,2.8505,2.9879,3.18,3.1554,0.624,2.264,2.702,2.757,0.5,-2.1,51.4,10.5
2020-12-30,2.3502,2.5121,2.5036,2.7943,2.931,3.1451,3.1204,0.644,2.308,2.702,2.755,0.5,-2.1,51.4,10.5
2020-12-31,2.2824,2.4316,2.4739,2.8174,2.9512,3.1699,3.1429,1.093,2.381,2.702,2.756,-0.5,-1.5,52.1,10.7
2021-01-04,2.1518,2.3646,2.4952,2.8784,2.9961,3.2124,3.178,0.899,1.993,2.642,2.746,-0.5,-1.5,52.1,10.7
2021-01-05,2.1029,2.3465,2.4714,2.84,2.9459,3.175,3.1305,0.729,1.822,2.577,2.734,-0.5,-1.5,52.1,10.7
2021-01-06,2.0034,2.2397,2.4109,2.7911,2.9335,3.145,3.1256,0.616,1.966,2.529,2.707,-0.5,-1.5,52.1,10.7
2021-01-07,1.9879,2.21,2.3568,2.768,2.9252,3.13,3.1256,0.921,1.855,2.491,2.677,-0.5,-1.5,52.1,10.7
2021-01-08,1.897,2.1675,2.3568,2.7768,2.9471,3.1525,3.1456,0.965,2.141,2.468,2.645,-0.5,-1.5,52.1,10.7
2021-01-11,1.8756,2.1172,2.3653,2.7939,2.9682,3.17,3.1632,1.216,2.148,2.447,2.618,-0.5,-1.5,52.1,10.7
2021-01-12,1.9029,2.13,2.335,2.7499,2.9452,3.1476,3.1457,1.333,1.985,2.432,2.599,-0.5,-1.5,52.1,10.7
2021-01-13,1.8825,2.0814,2.2914,2.6975,2.8987,3.1105,3.1157,1.401,1.999,2.412,2.59,-0.5,-1.5,52.1,10.7
2021-01-14,1.8529,2.0441,2.3405,2.7305,2.895,3.0918,3.1059,1.675,2.013,2.404,2.582,-0.5,-1.5,52.1,10.7
2021-01-15,1.8529,2.066,2.3843,2.7875,2.9634,3.1478,3.1508,1.738,2.124,2.39,2.581,-0.5,-1.5,52.1,10.7
2021-01-18,1.9013,2.125,2.45,2.8422,3.0078,3.1749,3.1658,2.125,2.177,2.388,2.578,-0.5,-1.5,52.1,10.7
2021-01-19,2.0313,2.1703,2.4859,2.8272,2.993,3.1601,3.1609,2.236,2.267,2.396,2.573,-0.5,-1.5,52.1,10.7
2021-01-20,2.0513,2.175,2.47,2.8014,2.9584,3.1491,3.161,2.457,2.493,2.464,2.575,-0.5,-1.5,52.1,10.7
2021-01-21,2.0318,2.1555,2.4475,2.76,2.9244,3.1216,3.1335,2.573,2.359,2.489,2.578,-0.5,-1.5,52.1,10.7
2021-01-22,2.0316,2.1355,2.4525,2.7645,2.9373,3.1112,3.1185,2.436,2.271,2.503,2.578,-0.5,-1.5,52.1,10.7
2021-01-25,2.0525,2.1492,2.4911,2.7844,2.9558,3.1325,3.1323,2.45,2.296,2.512,2.579,-0.5,-1.5,52.1,10.7
2021-01-26,2.2014,2.2589,2.5575,2.8433,2.999,3.1649,3.1585,2.726,2.728,2.547,2.589,-0.5,-1.5,52.1,10.7
2021-01-27,2.3514,2.3539,2.588,2.8415,2.9942,3.1699,3.1636,2.97,2.969,2.632,2.619,-0.5,-1.5,52.1,10.7
2021-01-28,2.6999,2.5543,2.6957,2.8915,3.033,3.2,3.1961,3.024,2.981,2.708,2.705,-0.5,-1.5,52.1,10.7
2021-01-29,2.5931,2.5256,2.6799,2.8849,3.0006,3.18,3.1786,3.282,3.071,2.832,2.765,-0.5,-1.5,52.1,10.7
2021-02-01,2.4501,2.4235,2.6043,2.8464,2.9899,3.1725,3.1712,2.795,3.194,2.85,2.773,0.2,-0.4,51.9,10.1
2021-02-02,2.4001,2.4001,2.6227,2.8669,3.0102,3.1829,3.1862,2.313,2.241,2.807,2.775,0.2,-0.4,51.9,10.1
2021-02-03,2.4151,2.43,2.6938,2.907,3.0547,3.21,3.2112,1.859,2.146,2.772,2.776,0.2,-0.4,51.9,10.1
2021-02-04,2.4351,2.4772,2.7155,2.9206,3.0851,3.2222,3.2347,2.075,2.324,2.752,2.776,0.2,-0.4,51.9,10.1
2021-02-05,2.4551,2.49,2.7021,2.9136,3.0695,3.2046,3.2164,1.909,2.338,2.753,2.779,0.2,-0.4,51.9,10.1
2021-02-07,2.4601,2.4807,2.6928,2.9137,3.0775,3.1984,3.2168,1.573,2.349,2.752,2.78,0.2,-0.4,51.9,10.1
2021-02-08,2.4701,2.4802,2.6968,2.9072,3.0922,3.2143,3.237,1.906,2.341,2.755,2.791,0.2,-0.4,51.9,10.1
2021-02-09,2.2999,2.3663,2.6772,2.8756,3.0731,3.1965,3.2303,1.772,2.425,2.759,2.808,0.2,-0.4,51.9,10.1
2021-02-10,2.21,2.3663,2.6559,2.8764,3.0824,3.2157,3.2449,1.925,2.217,2.754,2.812,0.2,-0.4,51.9,10.1
2021-02-18,2.1056,2.3802,2.6916,2.9212,3.1158,3.2498,3.2831,2.341,2.213,2.753,2.815,0.2,-0.4,51.9,10.1
2021-02-19,2.0274,2.3302,2.6512,2.8922,3.079,3.2269,3.2578,1.886,2.051,2.745,2.824,0.2,-0.4,51.9,10.1
2021-02-20,2.0174,2.2902,2.6249,2.879,3.0783,3.2275,3.2605,1.457,1.964,2.742,2.832,0.2,-0.4,51.9,10.1
2021-02-22,2.0488,2.2852,2.6225,2.8935,3.0938,3.2361,3.2736,1.512,2.206,2.74,2.845,0.2,-0.4,51.9,10.1
2021-02-23,2.0194,2.2813,2.607,2.8802,3.0846,3.2282,3.2635,1.984,2.277,2.733,2.848,0.2,-0.4,51.9,10.1
2021-02-24,2.0,2.245,2.5935,2.8746,3.0738,3.2363,3.2627,1.512,2.114,2.727,2.843,0.2,-0.4,51.9,10.1
2021-02-25,1.9703,2.2363,2.5981,2.8822,3.0934,3.2543,3.2723,1.703,2.215,2.721,2.836,0.2,-0.4,51.9,10.1
2021-02-26,1.9879,2.2508,2.6036,2.9028,3.105,3.2618,3.2798,2.092,2.214,2.719,2.833,0.2,-0.4,51.9,10.1
2021-03-01,2.0012,2.2472,2.6096,2.8985,3.0805,3.2295,3.2475,2.154,2.216,2.701,2.813,-0.3,0.3,51.3,9.4
2021-03-02,2.0857,2.2907,2.6169,2.8941,3.0867,3.2314,3.2474,1.775,2.157,2.682,2.804,-0.3,0.3,51.3,9.4
2021-03-03,2.077,2.3104,2.6203,2.9173,3.0913,3.2332,3.2553,1.471,1.89,2.654,2.794,-0.3,0.3,51.3,9.4
2021-03-04,2.0687,2.3104,2.6365,2.9362,3.1078,3.2413,3.2655,1.926,2.161,2.629,2.781,-0.3,0.3,51.3,9.4
2021-03-05,2.0591,2.1904,2.639,2.9194,3.0874,3.2194,3.2457,1.565,1.999,2.597,2.766,-0.3,0.3,51.3,9.4
2021-03-08,2.0512,2.2908,2.654,2.9353,3.0898,3.2204,3.2404,1.704,2.144,2.583,2.749,-0.3,0.3,51.3,9.4
2021-03-09,2.074,2.3028,2.634,2.9552,3.1015,3.2298,3.2478,2.024,2.067,2.584,2.74,-0.3,0.3,51.3,9.4
2021-03-10,2.0656,2.3222,2.6264,2.9447,3.086,3.2193,3.2353,1.747,2.038,2.578,2.737,-0.3,0.3,51.3,9.4
2021-03-11,2.0467,2.3355,2.6288,2.9616,3.0949,3.2286,3.2506,1.796,2.06,2.574,2.733,-0.3,0.3,51.3,9.4
2021-03-12,2.0551,2.3698,2.6407,2.9582,3.0999,3.2329,3.2613,1.787,2.134,2.563,2.719,-0.3,0.3,51.3,9.4
2021-03-15,2.0476,2.37,2.675,2.9706,3.0999,3.2438,3.274,2.245,2.275,2.568,2.709,-0.3,0.3,51.3,9.4
2021-03-16,2.0502,2.3728,2.6663,2.9581,3.0699,3.2314,3.2614,2.14,2.229,2.568,2.705,-0.3,0.3,51.3,9.4
2021-03-17,2.0629,2.3445,2.6429,2.9405,3.0635,3.2265,3.2564,1.968,2.167,2.57,2.704,-0.3,0.3,51.3,9.4
2021-03-18,2.0513,2.3456,2.6496,2.943,3.0687,3.2272,3.2592,2.206,2.197,2.574,2.703,-0.3,0.3,51.3,9.4
2021-03-19,2.0398,2.3433,2.6395,2.9205,3.054,3.2085,3.2364,2.135,2.199,2.577,2.698,-0.3,0.3,51.3,9.4
2021-03-22,2.0851,2.3663,2.626,2.9105,3.042,3.2092,3.2309,2.052,2.163,2.576,2.694,-0.3,0.3,51.3,9.4
2021-03-23,2.0744,2.3801,2.6209,2.8916,3.0324,3.1984,3.2105,1.976,2.168,2.578,2.689,-0.3,0.3,51.3,9.4
2021-03-24,2.051,2.3565,2.6059,2.876,3.0101,3.1828,3.193,1.822,1.992,2.577,2.681,-0.3,0.3,51.3,9.4
2021-03-25,2.0316,2.3515,2.5904,2.8735,3.0026,3.1742,3.1882,2.029,2.194,2.577,2.6685,-0.3,0.3,51.3,9.4
2021-03-26,2.0025,2.3224,2.6073,2.886,3.0102,3.1806,3.1985,1.762,2.173,2.569,2.65,-0.3,0.3,51.3,9.4
2021-03-29,2.0097,2.3201,2.6075,2.881,3.0058,3.1764,3.1962,1.814,2.158,2.554,2.642,-0.3,0.3,51.3,9.4
2021-03-30,2.024,2.3011,2.593,2.881,3.0163,3.1918,3.206,1.825,2.236,2.541,2.639,-0.3,0.3,51.3,9.4
2021-03-31,2.0245,2.284,2.577,2.8635,2.9836,3.1708,3.1887,2.124,2.251,2.542,2.635,-0.2,1.7,50.6,10.1
2021-04-01,1.9756,2.2641,2.5806,2.8685,2.9939,3.1819,3.196,2.143,2.155,2.541,2.635,-0.2,1.7,50.6,10.1
2021-04-02,1.9707,2.1841,2.58,2.8685,2.9993,3.1852,3.2013,1.734,2.145,2.541,2.634,-0.2,1.7,50.6,10.1
2021-04-06,1.9393,2.2108,2.5877,2.8825,3.0156,3.1963,3.2087,1.765,2.045,2.533,2.629,-0.2,1.7,50.6,10.1
2021-04-07,1.9154,2.2093,2.6105,2.8741,3.0363,3.2036,3.2215,1.824,1.939,2.532,2.62,-0.2,1.7,50.6,10.1
2021-04-08,1.9115,2.1898,2.6105,2.8793,3.039,3.2038,3.2221,1.76,2.014,2.523,2.615,-0.2,1.7,50.6,10.1
2021-04-09,1.9615,2.2398,2.5915,2.8695,3.0291,3.1885,3.2121,1.784,2.054,2.516,2.612,-0.2,1.7,50.6,10.1
2021-04-12,2.0115,2.2248,2.5843,2.8709,3.0116,3.1711,3.1948,1.792,2.05,2.51,2.608,-0.2,1.7,50.6,10.1
2021-04-13,2.0416,2.1742,2.5643,2.8263,2.9746,3.137,3.1626,1.781,2.061,2.508,2.605,-0.2,1.7,50.6,10.1
2021-04-14,2.0583,2.1842,2.5679,2.8283,2.9774,3.1395,3.1651,1.81,2.063,2.503,2.603,-0.2,1.7,50.6,10.1
2021-04-15,2.0886,2.1742,2.5379,2.8313,2.9853,3.1454,3.1728,1.81,2.058,2.502,2.602,-0.2,1.7,50.6,10.1
2021-04-16,2.0701,2.1631,2.5295,2.8293,2.9777,3.1337,3.1631,1.946,2.199,2.501,2.601,-0.2,1.7,50.6,10.1
2021-04-19,2.0643,2.1383,2.5195,2.8119,2.9662,3.1248,3.1559,2.118,2.226,2.5,2.6,-0.2,1.7,50.6,10.1
2021-04-20,2.0655,2.1358,2.4995,2.7815,2.9574,3.1193,3.1554,1.854,2.196,2.5,2.6,-0.2,1.7,50.6,10.1
2021-04-21,2.0481,2.107,2.4595,2.7487,2.9542,3.1205,3.153,1.864,2.133,2.5,2.6,-0.2,1.7,50.6,10.1
2021-04-22,2.0396,2.0975,2.4495,2.7488,2.9597,3.1266,3.1614,2.127,2.15,2.5,2.6,-0.2,1.7,50.6,10.1
2021-04-23,2.0276,2.0973,2.39,2.7433,2.9682,3.1349,3.1719,1.942,2.139,2.5,2.6,-0.2,1.7,50.6,10.1
2021-04-25,2.0422,2.0935,2.3858,2.7483,2.9839,3.1494,3.1841,2.018,2.2,2.495,2.595,-0.2,1.7,50.6,10.1
2021-04-26,1.9997,2.0979,2.4313,2.793,3.0006,3.1635,3.2024,2.075,2.246,2.494,2.594,-0.2,1.7,50.6,10.1
2021-04-27,1.9729,2.0907,2.4226,2.7935,3.0062,3.1669,3.2078,1.814,2.234,2.491,2.592,-0.2,1.7,50.6,10.1
2021-04-28,1.9284,2.0729,2.3964,2.7844,2.9912,3.157,3.1979,1.78,2.189,2.491,2.592,-0.2,1.7,50.6,10.1
2021-04-29,1.9116,2.0452,2.3799,2.7811,2.9814,3.1505,3.1872,1.823,2.252,2.49,2.585,-0.2,1.7,50.6,10.1
2021-04-30,1.9251,2.0432,2.3591,2.7666,2.9615,3.1331,3.164,2.285,2.336,2.489,2.58,0.4,4.4,51.9,9.4
2021-05-06,1.9428,2.0461,2.3266,2.7587,2.9451,3.1256,3.1507,2.097,2.152,2.477,2.576,0.4,4.4,51.9,9.4
2021-05-07,1.8533,2.0156,2.32,2.734,2.9416,3.1256,3.1589,1.779,1.94,2.463,2.569,0.4,4.4,51.9,9.4
2021-05-08,1.8573,2.0196,2.3193,2.7346,2.9369,3.1333,3.1582,1.494,1.909,2.444,2.556,0.4,4.4,51.9,9.4
2021-05-10,1.8361,2.0195,2.3129,2.7208,2.9173,3.1187,3.146,1.663,1.909,2.437,2.542,0.4,4.4,51.9,9.4
2021-05-11,1.8541,2.0261,2.3078,2.7232,2.915,3.1212,3.138,1.938,2.078,2.432,2.536,0.4,4.4,51.9,9.4
2021-05-12,1.868,2.0303,2.2974,2.7213,2.9229,3.1062,3.131,1.951,2.029,2.429,2.532,0.4,4.4,51.9,9.4
2021-05-13,1.9128,2.0491,2.3286,2.7418,2.9427,3.1062,3.1366,1.966,2.082,2.423,2.525,0.4,4.4,51.9,9.4
2021-05-14,1.8842,2.0632,2.33,2.7475,2.9367,3.0901,3.1422,1.805,2.074,2.422,2.521,0.4,4.4,51.9,9.4
2021-05-17,1.8497,2.1001,2.3504,2.7768,2.9591,3.0906,3.1524,2.136,2.195,2.419,2.514,0.4,4.4,51.9,9.4
2021-05-18,1.8845,2.1177,2.3532,2.7722,2.9515,3.0808,3.1457,2.119,2.196,2.418,2.51,0.4,4.4,51.9,9.4
2021-05-19,1.8834,2.1163,2.3506,2.7526,2.929,3.0586,3.1298,2.025,2.149,2.416,2.505,0.4,4.4,51.9,9.4
2021-05-20,1.851,2.1229,2.3486,2.7307,2.9016,3.0386,3.1001,2.092,2.165,2.412,2.497,0.4,4.4,51.9,9.4
2021-05-21,1.8218,2.0995,2.3272,2.7217,2.8919,3.0238,3.0876,1.996,2.16,2.41,2.489,0.4,4.4,51.9,9.4
2021-05-24,1.8454,2.1075,2.3418,2.7363,2.8994,3.0316,3.085,2.171,2.156,2.407,2.49,0.4,4.4,51.9,9.4
2021-05-25,1.9022,2.1094,2.3468,2.7378,2.8993,3.0317,3.085,2.194,2.254,2.406,2.485,0.4,4.4,51.9,9.4
2021-05-26,1.9042,2.1009,2.3414,2.7285,2.8925,3.0238,3.06,1.99,2.269,2.405,2.479,0.4,4.4,51.9,9.4
2021-05-27,1.9148,2.1017,2.3463,2.7466,2.9131,3.0436,3.0725,2.117,2.262,2.403,2.474,0.4,4.4,51.9,9.4
2021-05-28,1.8953,2.1065,2.41,2.7648,2.9311,3.0585,3.0825,2.166,2.278,2.404,2.476,0.4,4.4,51.9,9.4
2021-05-31,1.8864,2.1124,2.4113,2.7487,2.9245,3.0355,3.045,2.227,2.502,2.407,2.479,0.9,6.8,51.1,8.1
2021-06-01,1.8343,2.0929,2.3725,2.7475,2.9193,3.0258,3.04,2.187,2.233,2.406,2.478,0.9,6.8,51.1,8.1
2021-06-02,1.8507,2.0912,2.3804,2.7613,2.9453,3.0484,3.065,2.04,2.156,2.397,2.469,0.9,6.8,51.1,8.1
2021-06-03,1.8511,2.0532,2.3663,2.7609,2.935,3.0408,3.055,1.852,2.092,2.384,2.454,0.9,6.8,51.1,8.1
2021-06-04,1.8477,2.0693,2.3934,2.8087,2.9746,3.0807,3.0925,2.175,2.187,2.377,2.444,0.9,6.8,51.1,8.1
2021-06-07,1.8663,2.1065,2.4116,2.8421,2.9943,3.103,3.11,2.299,2.253,2.385,2.446,0.9,6.8,51.1,8.1
2021-06-08,1.8686,2.1161,2.4133,2.8453,3.0,3.11,3.11,2.193,2.267,2.383,2.443,0.9,6.8,51.1,8.1
2021-06-09,1.9276,2.1471,2.4203,2.8453,2.9883,3.0957,3.1051,2.188,2.271,2.386,2.442,0.9,6.8,51.1,8.1
2021-06-10,1.8917,2.1209,2.424,2.8266,2.9828,3.1,3.1,1.892,2.146,2.381,2.435,0.9,6.8,51.1,8.1
2021-06-11,1.9119,2.1559,2.4459,2.8485,3.0085,3.1229,3.1276,1.998,2.169,2.384,2.434,0.9,6.8,51.1,8.1
2021-06-15,1.8649,2.1539,2.4699,2.8466,3.0044,3.12,3.1176,2.104,2.237,2.383,2.434,0.9,6.8,51.1,8.1
2021-06-16,1.867,2.1679,2.4945,2.849,3.0101,3.13,3.1301,2.006,2.198,2.388,2.439,0.9,6.8,51.1,8.1
2021-06-17,1.9486,2.2023,2.5272,2.8548,3.0236,3.14,3.1401,1.876,2.179,2.391,2.441,0.9,6.8,51.1,8.1
2021-06-18,1.9568,2.1998,2.5274,2.8406,2.9867,3.1109,3.1202,2.014,2.206,2.398,2.444,0.9,6.8,51.1,8.1
2021-06-21,1.9519,2.1994,2.5202,2.8192,2.9615,3.0815,3.0953,2.247,2.257,2.401,2.449,0.9,6.8,51.1,8.1
2021-06-22,1.9658,2.201,2.5252,2.8089,2.9598,3.0763,3.0877,2.301,2.337,2.406,2.457,0.9,6.8,51.1,8.1
2021-06-23,1.9509,2.1912,2.5012,2.786,2.9514,3.0671,3.0853,2.208,2.276,2.406,2.457,0.9,6.8,51.1,8.1
2021-06-24,1.9661,2.1948,2.469,2.7675,2.9489,3.0714,3.0828,1.853,2.254,2.404,2.455,0.9,6.8,51.1,8.1
2021-06-25,1.9151,2.1855,2.4437,2.7614,2.9506,3.0783,3.0827,1.55,2.196,2.404,2.456,0.9,6.8,51.1,8.1
2021-06-28,1.9109,2.1904,2.4705,2.7935,2.9708,3.0999,3.0903,1.558,2.258,2.405,2.457,0.9,6.8,51.1,8.1
2021-06-29,1.9122,2.2398,2.4564,2.7902,2.9579,3.0974,3.0853,1.795,2.431,2.41,2.458,0.9,6.8,51.1,8.1
2021-06-30,1.8831,2.2161,2.4293,2.7781,2.9516,3.0949,3.0778,2.177,2.405,2.415,2.458,1.3,9.0,51.0,8.3
2021-07-01,1.8732,2.2036,2.4189,2.7789,2.9601,3.0999,3.0878,1.734,2.186,2.407,2.457,1.3,9.0,51.0,8.3
2021-07-02,1.8638,2.1945,2.3994,2.7722,2.9504,3.0949,3.0803,1.614,1.945,2.385,2.449,1.3,9.0,51.0,8.3
2021-07-05,1.839,2.148,2.4136,2.7685,2.9489,3.0849,3.0754,1.665,2.034,2.382,2.444,1.3,9.0,51.0,8.3
2021-07-06,1.823,2.148,2.4092,2.7708,2.957,3.0875,3.0854,1.908,2.046,2.378,2.442,1.3,9.0,51.0,8.3
2021-07-07,1.8104,2.1147,2.401,2.7616,2.9353,3.06,3.0554,2.068,2.129,2.376,2.442,1.3,9.0,51.0,8.3
2021-07-08,1.757,2.0593,2.3223,2.7108,2.8661,2.985,2.983,1.791,2.114,2.357,2.435,1.3,9.0,51.0,8.3
2021-07-09,1.8171,2.0607,2.3474,2.7377,2.8888,3.0125,3.0105,2.206,2.22,2.351,2.435,1.3,9.0,51.0,8.3
2021-07-12,1.8149,1.9897,2.3175,2.6636,2.7888,2.9404,2.9431,1.94,2.163,2.339,2.428,1.3,9.0,51.0,8.3
2021-07-13,1.8536,1.9867,2.2958,2.6377,2.7815,2.9229,2.9256,2.05,2.193,2.333,2.423,1.3,9.0,51.0,8.3
2021-07-14,1.8144,1.9879,2.2782,2.6466,2.7796,2.9375,2.9356,1.984,2.179,2.326,2.414,1.3,9.0,51.0,8.3
2021-07-15,1.8603,1.9911,2.2927,2.6398,2.8155,2.9508,2.9557,2.098,2.178,2.316,2.405,1.3,9.0,51.0,8.3
2021-07-16,1.8429,1.9542,2.2719,2.6301,2.7879,2.9404,2.9432,2.115,2.201,2.318,2.404,1.3,9.0,51.0,8.3
2021-07-19,1.8192,1.9272,2.2629,2.6227,2.7701,2.9413,2.9483,2.111,2.155,2.315,2.401,1.3,9.0,51.0,8.3
2021-07-20,1.8247,1.9069,2.2143,2.5959,2.7504,2.9188,2.9258,2.178,2.198,2.313,2.402,1.3,9.0,51.0,8.3
2021-07-21,1.8398,1.9417,2.1833,2.5818,2.7473,2.9092,2.9184,2.182,2.218,2.315,2.402,1.3,9.0,51.0,8.3
2021-07-22,1.8364,1.96,2.1551,2.5893,2.7543,2.9213,2.9284,2.114,2.18,2.317,2.402,1.3,9.0,51.0,8.3
2021-07-23,1.8122,1.96,2.1119,2.5586,2.7426,2.9064,2.9134,2.057,2.143,2.318,2.402,1.3,9.0,51.0,8.3
2021-07-26,1.7663,1.9599,2.1337,2.5327,2.7079,2.8568,2.8711,2.119,2.214,2.32,2.402,1.3,9.0,51.0,8.3
2021-07-27,1.7455,1.9696,2.2109,2.5712,2.7328,2.9039,2.911,2.27,2.31,2.324,2.401,1.3,9.0,51.0,8.3
2021-07-28,1.7727,1.9999,2.2135,2.6161,2.7438,2.9179,2.9312,2.092,2.356,2.329,2.401,1.3,9.0,51.0,8.3
2021-07-29,1.7526,1.99,2.1621,2.5777,2.7192,2.8725,2.884,1.644,2.257,2.326,2.401,1.3,9.0,51.0,8.3
2021-07-30,1.7614,1.9696,2.1346,2.5355,2.6872,2.8229,2.8363,2.178,2.284,2.331,2.401,1.3,9.0,51.0,8.3
2021-08-02,1.7973,1.9589,2.1281,2.5162,2.6515,2.818,2.8212,1.876,2.071,2.318,2.4,1.1,8.8,50.9,8.6
2021-08-03,1.7837,1.9443,2.1272,2.5442,2.6622,2.8326,2.8337,1.836,2.041,2.303,2.394,1.1,8.8,50.9,8.6
2021-08-04,1.8412,1.9684,2.1448,2.5628,2.6738,2.8305,2.8338,1.71,2.04,2.295,2.385,1.1,8.8,50.9,8.6
2021-08-05,1.8327,1.9691,2.1494,2.5567,2.6614,2.8027,2.7988,1.709,1.97,2.288,2.373,1.1,8.8,50.9,8.6
2021-08-06,1.8548,1.9689,2.1514,2.5536,2.6631,2.815,2.8139,1.859,1.994,2.278,2.368,1.1,8.8,50.9,8.6
2021-08-09,1.884,1.989,2.2054,2.6004,2.7131,2.86,2.8615,2.212,2.145,2.27,2.36,1.1,8.8,50.9,8.6
2021-08-10,1.9041,1.9844,2.1843,2.5846,2.7157,2.8711,2.8766,2.25,2.348,2.289,2.365,1.1,8.8,50.9,8.6
2021-08-11,1.9109,1.9982,2.194,2.5995,2.7382,2.8874,2.8841,2.032,2.147,2.292,2.363,1.1,8.8,50.9,8.6
2021-08-12,1.9121,2.0052,2.1935,2.5748,2.7082,2.8599,2.8566,1.94,2.15,2.295,2.36,1.1,8.8,50.9,8.6
2021-08-13,1.9073,2.0,2.2209,2.5908,2.7152,2.8849,2.8792,2.176,2.197,2.3,2.359,1.1,8.8,50.9,8.6
2021-08-16,1.8761,1.9888,2.2233,2.5977,2.7433,2.8998,2.8943,2.105,2.193,2.301,2.355,1.1,8.8,50.9,8.6
2021-08-17,1.8846,1.9955,2.2164,2.5878,2.731,2.8873,2.8819,1.972,2.139,2.3,2.355,1.1,8.8,50.9,8.6
2021-08-18,1.9083,1.9523,2.2252,2.5593,2.7012,2.8499,2.8494,1.725,2.054,2.3,2.355,1.1,8.8,50.9,8.6
2021-08-19,1.9322,1.9523,2.238,2.5572,2.6889,2.8424,2.8395,1.841,2.091,2.3,2.354,1.1,8.8,50.9,8.6
2021-08-20,1.9311,1.9583,2.2682,2.5711,2.7066,2.8573,2.852,2.042,2.115,2.3,2.353,1.1,8.8,50.9,8.6
2021-08-23,1.9558,1.9788,2.3024,2.5764,2.7223,2.8723,2.8672,2.143,2.16,2.3,2.353,1.1,8.8,50.9,8.6
2021-08-24,1.99,1.9801,2.2947,2.5656,2.7049,2.8598,2.8522,2.262,2.224,2.303,2.353,1.1,8.8,50.9,8.6
2021-08-25,2.0699,2.0501,2.2995,2.5654,2.6975,2.8598,2.8547,2.211,2.311,2.309,2.354,1.1,8.8,50.9,8.6
2021-08-26,2.08,2.0801,2.3247,2.5801,2.733,2.8898,2.8848,2.199,2.319,2.312,2.354,1.1,8.8,50.9,8.6
2021-08-27,2.0719,2.0806,2.3235,2.5635,2.7132,2.8797,2.8698,2.092,2.329,2.315,2.354,1.1,8.8,50.9,8.6
2021-08-30,2.0763,2.0908,2.3125,2.5551,2.6937,2.8597,2.8505,1.846,2.308,2.319,2.355,1.1,8.8,50.9,8.6
2021-08-31,2.0703,2.09,2.3105,2.5547,2.6811,2.8522,2.845,2.195,2.322,2.329,2.357,1.0,9.0,50.4,8.3
2021-09-01,2.09,2.0901,2.2911,2.531,2.6466,2.8273,2.8226,2.122,2.104,2.323,2.358,1.0,9.0,50.4,8.3
2021-09-02,2.0827,2.1,2.2993,2.5332,2.6565,2.8324,2.8301,2.082,2.075,2.311,2.356,1.0,9.0,50.4,8.3
2021-09-03,2.0579,2.1,2.3122,2.5051,2.6625,2.8349,2.8327,1.943,2.059,2.31,2.356,1.0,9.0,50.4,8.3
2021-09-06,2.0227,2.1074,2.3096,2.5356,2.6674,2.8398,2.8354,2.115,2.151,2.307,2.355,1.0,9.0,50.4,8.3
2021-09-07,2.0302,2.1601,2.3146,2.5608,2.6901,2.8623,2.8604,2.187,2.198,2.305,2.355,1.0,9.0,50.4,8.3
2021-09-08,2.0864,2.22,2.3246,2.5659,2.7005,2.8699,2.8705,2.184,2.201,2.307,2.357,1.0,9.0,50.4,8.3
2021-09-09,2.0743,2.2258,2.3531,2.5713,2.7005,2.8724,2.873,2.029,2.158,2.311,2.357,1.0,9.0,50.4,8.3
2021-09-10,2.0528,2.245,2.3666,2.5715,2.7059,2.8673,2.8656,2.109,2.199,2.312,2.357,1.0,9.0,50.4,8.3
2021-09-13,2.0633,2.2627,2.3822,2.5818,2.7424,2.8899,2.8908,2.165,2.203,2.32,2.357,1.0,9.0,50.4,8.3
2021-09-14,2.0965,2.2943,2.404,2.5869,2.7372,2.8825,2.8858,2.296,2.28,2.339,2.361,1.0,9.0,50.4,8.3
2021-09-15,2.0919,2.2958,2.4028,2.6126,2.7572,2.8975,2.9009,2.137,2.213,2.344,2.363,1.0,9.0,50.4,8.3
2021-09-16,2.1019,2.3002,2.4025,2.6,2.7422,2.878,2.8885,2.21,2.234,2.356,2.365,1.0,9.0,50.4,8.3
2021-09-17,2.0916,2.3049,2.3978,2.5829,2.7328,2.8698,2.8785,2.213,2.398,2.373,2.372,1.0,9.0,50.4,8.3
2021-09-18,2.078,2.2913,2.3912,2.5844,2.7226,2.8625,2.8717,2.107,2.234,2.379,2.378,1.0,9.0,50.4,8.3
2021-09-22,1.984,2.2848,2.3325,2.5632,2.7139,2.8497,2.8639,2.161,2.232,2.387,2.385,1.0,9.0,50.4,8.3
2021-09-23,1.9926,2.2917,2.3385,2.5534,2.7041,2.8412,2.8565,2.035,2.189,2.396,2.39,1.0,9.0,50.4,8.3
2021-09-24,2.0335,2.2935,2.3828,2.5426,2.7206,2.8521,2.8719,1.695,2.219,2.408,2.397,1.0,9.0,50.4,8.3
2021-09-26,2.0309,2.2877,2.3686,2.5413,2.716,2.858,2.8797,1.691,2.19,2.411,2.404,1.0,9.0,50.4,8.3
2021-09-27,2.0098,2.2919,2.3997,2.5434,2.7213,2.8588,2.8825,1.708,1.984,2.418,2.408,1.0,9.0,50.4,8.3
2021-09-28,2.0167,2.2915,2.3741,2.5453,2.7268,2.8607,2.8769,1.946,2.115,2.426,2.417,1.0,9.0,50.4,8.3
2021-09-29,1.9946,2.2919,2.3571,2.5248,2.7071,2.8465,2.8646,1.505,2.45,2.436,2.427,1.0,9.0,50.4,8.3
2021-09-30,1.9562,2.1998,2.3327,2.5122,2.7134,2.854,2.8776,2.22,2.266,2.439,2.431,0.8,9.5,50.1,8.2
2021-10-08,1.8119,2.2006,2.344,2.5453,2.7429,2.8894,2.9131,2.105,2.17,2.399,2.433,0.8,9.5,50.1,8.2
2021-10-09,1.8233,2.2226,2.3252,2.5421,2.7485,2.8911,2.9186,1.635,1.896,2.376,2.425,0.8,9.5,50.1,8.2
2021-10-11,1.8405,2.2301,2.349,2.5838,2.7895,2.9379,2.958,2.135,2.199,2.366,2.423,0.8,9.5,50.1,8.2
2021-10-12,1.8239,2.2305,2.3467,2.5986,2.7994,2.9438,2.9657,2.101,2.167,2.363,2.423,0.8,9.5,50.1,8.2
2021-10-13,1.829,2.2435,2.3401,2.6284,2.8005,2.9412,2.9578,2.157,2.202,2.357,2.42,0.8,9.5,50.1,8.2
2021-10-14,1.8258,2.2535,2.3325,2.6406,2.805,2.938,2.9581,2.106,2.198,2.359,2.423,0.8,9.5,50.1,8.2
2021-10-15,1.835,2.2585,2.3361,2.6459,2.8155,2.9464,2.9683,2.065,2.132,2.3582,2.4222,0.8,9.5,50.1,8.2
2021-10-18,1.8563,2.2935,2.3727,2.7337,2.8908,3.05,3.0426,2.131,2.174,2.357,2.422,0.8,9.5,50.1,8.2
2021-10-19,1.9045,2.2702,2.3771,2.7126,2.8763,3.025,3.0102,2.223,2.283,2.362,2.428,0.8,9.5,50.1,8.2
2021-10-20,2.1286,2.2448,2.3819,2.6869,2.8625,3.0175,2.9978,2.104,2.221,2.363,2.431,0.8,9.5,50.1,8.2
2021-10-21,2.1934,2.2701,2.3574,2.6525,2.8359,2.99,2.9702,1.683,2.055,2.366,2.432,0.8,9.5,50.1,8.2
2021-10-22,2.2305,2.27,2.3475,2.6556,2.8496,3.0075,2.9953,1.672,2.056,2.37,2.434,0.8,9.5,50.1,8.2
2021-10-25,2.2105,2.27,2.3438,2.6617,2.8526,3.0125,2.9879,1.61,2.243,2.38,2.438,0.8,9.5,50.1,8.2
2021-10-26,2.2216,2.26,2.3425,2.6625,2.8396,3.0125,2.978,1.546,2.262,2.387,2.443,0.8,9.5,50.1,8.2
2021-10-27,2.228,2.33,2.3375,2.6742,2.847,3.015,2.9781,1.921,2.268,2.392,2.445,0.8,9.5,50.1,8.2
2021-10-28,2.2413,2.34,2.3375,2.6718,2.8365,3.0,2.9682,1.94,2.301,2.396,2.448,0.8,9.5,50.1,8.2
2021-10-29,2.2516,2.3597,2.31,2.6857,2.8438,3.0075,2.9732,2.142,2.299,2.398,2.449,0.8,9.5,50.1,8.2
2021-11-01,2.2408,2.3494,2.3151,2.6684,2.8134,2.9775,2.9435,2.03,2.168,2.398,2.449,0.7,10.7,49.6,8.3
2021-11-02,2.2421,2.3392,2.3051,2.6436,2.7831,2.95,2.9259,2.126,2.185,2.394,2.45,0.7,10.7,49.6,8.3
2021-11-03,2.3024,2.3293,2.3001,2.6568,2.7986,2.9575,2.9385,2.0,2.137,2.397,2.452,0.7,10.7,49.6,8.3
2021-11-04,2.3024,2.3097,2.3002,2.6382,2.7759,2.9375,2.9261,1.886,2.132,2.397,2.451,0.7,10.7,49.6,8.3
2021-11-05,2.2974,2.3091,2.2852,2.6111,2.7299,2.905,2.8911,1.887,2.129,2.398,2.451,0.7,10.7,49.6,8.3
2021-11-08,2.2874,2.3085,2.2804,2.6206,2.741,2.9199,2.9013,1.897,2.121,2.396,2.452,0.7,10.7,49.6,8.3
2021-11-09,2.2614,2.35,2.2905,2.623,2.749,2.9199,2.8988,2.137,2.191,2.399,2.454,0.7,10.7,49.6,8.3
2021-11-10,2.274,2.3499,2.2906,2.6248,2.7547,2.9299,2.9139,1.833,2.142,2.398,2.454,0.7,10.7,49.6,8.3
2021-11-11,2.2726,2.3398,2.2907,2.6424,2.7698,2.9425,2.9365,1.881,2.113,2.398,2.454,0.7,10.7,49.6,8.3
2021-11-12,2.2792,2.3396,2.2759,2.6373,2.7705,2.94,2.9391,1.856,2.124,2.382,2.454,0.7,10.7,49.6,8.3
2021-11-15,2.2672,2.3291,2.2737,2.6129,2.757,2.9225,2.9269,1.787,2.1,2.359,2.46,0.7,10.7,49.6,8.3
2021-11-16,2.2698,2.2994,2.2688,2.6057,2.7499,2.92,2.9244,1.923,2.096,2.356,2.463,0.7,10.7,49.6,8.3
2021-11-17,2.3,2.2996,2.2814,2.6118,2.7551,2.9225,2.9295,2.152,2.182,2.349,2.467,0.7,10.7,49.6,8.3
2021-11-18,2.2859,2.2992,2.2716,2.607,2.7442,2.903,2.9146,1.932,2.172,2.346,2.473,0.7,10.7,49.6,8.3
2021-11-19,2.2656,2.2988,2.2618,2.6149,2.7608,2.925,2.9302,1.998,2.171,2.348,2.475,0.7,10.7,49.6,8.3
2021-11-22,2.2486,2.2977,2.2523,2.5981,2.7443,2.9124,2.8876,1.946,2.109,2.35,2.477,0.7,10.7,49.6,8.3
2021-11-23,2.2802,2.2832,2.25,2.6067,2.7464,2.9124,2.8875,2.178,2.17,2.353,2.48,0.7,10.7,49.6,8.3
2021-11-24,2.2725,2.2725,2.2426,2.5768,2.714,2.8874,2.86,1.788,2.269,2.353,2.482,0.7,10.7,49.6,8.3
2021-11-25,2.275,2.275,2.2477,2.5794,2.7087,2.8854,2.855,1.823,2.231,2.353,2.484,0.7,10.7,49.6,8.3
2021-11-26,2.2606,2.265,2.2427,2.5549,2.6781,2.8524,2.82,1.712,2.247,2.353,2.486,0.7,10.7,49.6,8.3
2021-11-29,2.28,2.2844,2.246,2.5703,2.6854,2.8573,2.825,1.86,2.239,2.353,2.489,0.7,10.7,49.6,8.3
2021-11-30,2.2822,2.2934,2.2463,2.5864,2.692,2.8598,2.825,2.173,2.297,2.356,2.492,1.5,13.5,49.2,8.7
2021-12-01,2.28,2.28,2.2443,2.5999,2.7129,2.8748,2.8401,2.017,2.121,2.357,2.494,1.5,13.5,49.2,8.7
2021-12-02,2.285,2.285,2.2446,2.6148,2.7444,2.8898,2.8601,1.984,2.1,2.356,2.496,1.5,13.5,49.2,8.7
2021-12-03,2.285,2.285,2.255,2.624,2.7573,2.8998,2.8701,1.913,2.078,2.357,2.499,1.5,13.5,49.2,8.7
2021-12-06,2.2602,2.2691,2.2452,2.5842,2.7015,2.8498,2.8176,1.817,2.129,2.358,2.492,1.5,13.5,49.2,8.7
2021-12-07,2.29,2.2697,2.251,2.603,2.7301,2.8773,2.8451,2.13,2.159,2.357,2.488,1.5,13.5,49.2,8.7
2021-12-08,2.315,2.335,2.2658,2.6136,2.74,2.8848,2.8551,2.151,2.202,2.36,2.489,1.5,13.5,49.2,8.7
2021-12-09,2.3154,2.3497,2.2767,2.6113,2.7325,2.8798,2.8526,2.154,2.22,2.36,2.49,1.5,13.5,49.2,8.7
2021-12-10,2.3201,2.3545,2.2767,2.5956,2.7236,2.8723,2.8426,1.807,2.184,2.36,2.492,1.5,13.5,49.2,8.7
2021-12-13,2.3203,2.3544,2.3015,2.5877,2.7232,2.8823,2.8552,2.108,2.197,2.364,2.493,1.5,13.5,49.2,8.7
2021-12-14,2.3152,2.3591,2.298,2.5751,2.7035,2.8723,2.8477,2.168,2.21,2.365,2.493,1.5,13.5,49.2,8.7
2021-12-15,2.3201,2.364,2.3101,2.5686,2.7023,2.8748,2.8502,2.137,2.201,2.364,2.493,1.5,13.5,49.2,8.7
2021-12-16,2.3253,2.3515,2.3108,2.5733,2.7076,2.8798,2.8577,2.116,2.209,2.366,2.491,1.5,13.5,49.2,8.7
2021-12-17,2.3321,2.3444,2.3209,2.5726,2.7163,2.8822,2.8512,1.862,2.151,2.368,2.492,1.5,13.5,49.2,8.7
2021-12-20,2.3406,2.3693,2.3572,2.5918,2.7276,2.8797,2.8533,1.994,2.121,2.381,2.492,1.5,13.5,49.2,8.7
2021-12-21,2.3714,2.399,2.3828,2.5893,2.722,2.8723,2.8508,1.858,2.087,2.386,2.493,1.5,13.5,49.2,8.7
2021-12-22,2.3817,2.3982,2.3657,2.5755,2.7024,2.8547,2.8303,1.687,2.012,2.402,2.494,1.5,13.5,49.2,8.7
2021-12-23,2.35,2.3492,2.3336,2.5463,2.6755,2.8397,2.8143,1.631,2.023,2.409,2.496,1.5,13.5,49.2,8.7
2021-12-24,2.3278,2.3592,2.3386,2.5596,2.6855,2.8497,2.8203,1.84,1.943,2.416,2.5,1.5,13.5,49.2,8.7
2021-12-27,2.321,2.3588,2.3541,2.5445,2.6713,2.8347,2.8128,1.778,2.312,2.424,2.5,1.5,13.5,49.2,8.7
2021-12-28,2.3213,2.358,2.3444,2.5308,2.6565,2.8222,2.8004,1.616,2.245,2.425,2.5,1.5,13.5,49.2,8.7
2021-12-29,2.2801,2.33,2.3353,2.5066,2.6272,2.8023,2.7854,1.343,2.25,2.429,2.5,1.5,13.5,49.2,8.7
2021-12-30,2.2101,2.28,2.2936,2.4614,2.6026,2.7773,2.7654,1.276,2.321,2.43,2.501,1.5,13.5,49.2,8.7
2021-12-31,2.0006,2.1563,2.2429,2.4584,2.6092,2.7824,2.7754,2.129,2.271,2.431,2.5,2.3,12.9,50.1,8.5
2022-01-04,2.0722,2.171,2.2529,2.4438,2.6127,2.785,2.7855,1.925,2.099,2.429,2.5,2.3,12.9,50.1,8.5
2022-01-05,2.0704,2.1637,2.2284,2.449,2.6423,2.8008,2.8045,1.777,2.148,2.429,2.5,2.3,12.9,50.1,8.5
2022-01-06,2.0413,2.1663,2.2303,2.4812,2.6585,2.818,2.8205,1.714,2.042,2.429,2.5,2.3,12.9,50.1,8.5
2022-01-07,2.0476,2.1549,2.2295,2.4734,2.6544,2.8155,2.8181,1.839,2.103,2.43,2.5,2.3,12.9,50.1,8.5
2022-01-10,2.0517,2.14,2.2143,2.4513,2.6281,2.8011,2.8056,1.878,2.093,2.429,2.5,2.3,12.9,50.1,8.5
2022-01-11,2.0046,2.113,2.1957,2.4229,2.6096,2.7852,2.7957,1.984,2.131,2.429,2.5,2.3,12.9,50.1,8.5
2022-01-12,2.004,2.114,2.1898,2.4231,2.6104,2.7872,2.7957,1.972,2.098,2.428,2.5,2.3,12.9,50.1,8.5
2022-01-13,2.0254,2.1221,2.1812,2.4266,2.6026,2.7733,2.7858,2.218,2.202,2.427,2.5,2.3,12.9,50.1,8.5
2022-01-14,2.0258,2.1154,2.1721,2.4298,2.6125,2.775,2.7935,2.209,2.213,2.429,2.5,2.3,12.9,50.1,8.5
2022-01-17,2.0201,2.1074,2.1566,2.4162,2.5922,2.7696,2.786,2.113,2.183,2.428,2.499,2.3,12.9,50.1,8.5
2022-01-18,1.98,2.0638,2.0501,2.3542,2.4895,2.7092,2.7415,1.921,2.088,2.427,2.493,2.3,12.9,50.1,8.5
2022-01-19,1.9319,1.9856,2.0401,2.332,2.4895,2.7032,2.7314,2.035,2.127,2.422,2.483,2.3,12.9,50.1,8.5
2022-01-20,1.9216,1.9753,2.0204,2.3038,2.4745,2.6847,2.7271,2.035,2.113,2.418,2.471,2.3,12.9,50.1,8.5
2022-01-21,1.875,1.89,2.0018,2.2614,2.4295,2.6596,2.71,2.063,2.112,2.417,2.466,2.3,12.9,50.1,8.5
2022-01-24,1.8002,1.8643,1.9502,2.2188,2.3527,2.6213,2.6751,1.935,2.132,2.418,2.465,2.3,12.9,50.1,8.5
2022-01-25,1.8017,1.8503,1.9656,2.261,2.4006,2.6435,2.6979,1.931,2.093,2.419,2.464,2.3,12.9,50.1,8.5
2022-01-26,1.7724,1.8818,1.9807,2.2653,2.4188,2.673,2.7146,1.74,2.088,2.419,2.46,2.3,12.9,50.1,8.5
2022-01-27,1.7967,1.8938,1.9936,2.2815,2.4215,2.6893,2.7348,1.614,2.12,2.418,2.457,2.3,12.9,50.1,8.5
2022-01-28,1.7876,1.8941,1.9507,2.2415,2.3815,2.6587,2.7021,1.2,2.25,2.419,2.457,2.3,12.9,50.1,8.5
2022-01-29,1.7876,1.8941,1.9512,2.2327,2.3682,2.6521,2.7013,1.255,2.251,2.417,2.456,2.3,12.9,50.1,8.5
2022-01-30,1.7756,1.8882,1.9514,2.2318,2.3634,2.6555,2.6997,2.155,2.272,2.417,2.456,2.3,12.9,50.1,8.5
2022-02-07,1.6644,1.8225,1.9472,2.2697,2.4142,2.6769,2.7256,2.112,2.102,2.407,2.454,1.5,10.3,50.3,9.0
2022-02-08,1.6529,1.8268,1.9049,2.278,2.4193,2.6801,2.7227,2.044,2.087,2.4,2.448,1.5,10.3,50.3,9.0
2022-02-09,1.6608,1.8254,1.9001,2.299,2.4345,2.6902,2.7328,1.728,2.01,2.395,2.447,1.5,10.3,50.3,9.0
2022-02-10,1.6198,1.8054,1.8837,2.2965,2.4318,2.6903,2.7328,1.673,1.965,2.381,2.442,1.5,10.3,50.3,9.0
2022-02-11,1.5933,1.7991,1.9192,2.3465,2.5001,2.7605,2.7891,1.812,2.021,2.369,2.432,1.5,10.3,50.3,9.0
2022-02-14,1.582,1.7935,1.9017,2.359,2.5214,2.784,2.8018,1.866,2.023,2.359,2.424,1.5,10.3,50.3,9.0
2022-02-15,1.6052,1.7821,1.8847,2.3472,2.5169,2.7791,2.7968,1.807,2.0,2.348,2.415,1.5,10.3,50.3,9.0
2022-02-16,1.7065,1.89,1.9279,2.3281,2.497,2.7626,2.7892,1.942,2.057,2.34,2.41,1.5,10.3,50.3,9.0
2022-02-17,1.7528,1.92,1.9095,2.3013,2.4799,2.7493,2.7799,1.855,2.002,2.334,2.406,1.5,10.3,50.3,9.0
2022-02-18,1.8269,1.94,1.9781,2.3088,2.5086,2.7669,2.7975,2.11,2.098,2.323,2.4,1.5,10.3,50.3,9.0
2022-02-21,1.8256,1.96,2.0326,2.3408,2.5701,2.8175,2.83,2.195,2.14,2.315,2.392,1.5,10.3,50.3,9.0
2022-02-22,1.8689,1.9682,2.1162,2.3561,2.6007,2.8164,2.82,2.039,2.191,2.31,2.385,1.5,10.3,50.3,9.0
2022-02-23,1.9322,1.9613,2.0935,2.3486,2.5608,2.7865,2.79,2.043,2.176,2.308,2.383,1.5,10.3,50.3,9.0
2022-02-24,1.9574,1.9862,2.0948,2.3386,2.5561,2.7875,2.7875,2.197,2.187,2.307,2.379,1.5,10.3,50.3,9.0
2022-02-25,1.9334,1.98,2.0242,2.295,2.5274,2.7662,2.775,2.231,2.322,2.306,2.374,1.5,10.3,50.3,9.0
2022-02-28,1.9,2.0,2.0442,2.293,2.5105,2.7697,2.775,2.234,2.249,2.305,2.37,0.9,9.1,50.1,9.8
2022-03-01,1.8962,2.0028,2.0537,2.303,2.5419,2.7973,2.8025,1.801,2.029,2.303,2.366,0.9,9.1,50.1,9.8
2022-03-02,1.9139,2.0137,2.0867,2.3156,2.5651,2.8088,2.8175,1.887,2.046,2.302,2.365,0.9,9.1,50.1,9.8
2022-03-03,1.9103,2.0448,2.1167,2.3407,2.5958,2.8283,2.83,1.729,2.005,2.3,2.363,0.9,9.1,50.1,9.8
2022-03-04,1.8864,2.0356,2.1074,2.3309,2.5705,2.8108,2.8125,1.902,2.048,2.3,2.362,0.9,9.1,50.1,9.8
2022-03-07,1.8013,2.0018,2.0849,2.3312,2.5546,2.8038,2.8126,2.039,2.068,2.3,2.36,0.9,9.1,50.1,9.8
2022-03-08,1.7446,1.9725,2.0687,2.3017,2.5422,2.8103,2.8276,2.056,2.114,2.3,2.361,0.9,9.1,50.1,9.8
2022-03-09,1.8902,2.034,2.115,2.3165,2.568,2.8254,2.8426,2.024,2.059,2.3,2.359,0.9,9.1,50.1,9.8
2022-03-10,1.9004,2.0453,2.115,2.3265,2.5888,2.8329,2.8502,2.025,2.082,2.3,2.362,0.9,9.1,50.1,9.8
2022-03-11,1.9006,2.0353,2.0863,2.3227,2.5153,2.7696,2.7902,2.051,2.102,2.3,2.362,0.9,9.1,50.1,9.8
2022-03-14,1.8053,1.9573,2.0725,2.2816,2.4809,2.7471,2.7677,2.063,2.104,2.3,2.362,0.9,9.1,50.1,9.8
2022-03-15,1.9276,1.9976,2.1275,2.3329,2.569,2.8023,2.8177,2.063,2.122,2.301,2.363,0.9,9.1,50.1,9.8
2022-03-16,2.02,2.02,2.1431,2.3521,2.5549,2.7849,2.7952,2.04,2.115,2.302,2.366,0.9,9.1,50.1,9.8
2022-03-17,2.03,2.03,2.1368,2.3608,2.547,2.7825,2.7876,2.009,2.083,2.301,2.367,0.9,9.1,50.1,9.8
2022-03-18,1.99,1.99,2.1106,2.3393,2.5382,2.7842,2.7927,1.992,2.073,2.303,2.368,0.9,9.1,50.1,9.8
2022-03-21,2.0019,2.0097,2.15,2.3847,2.5735,2.8059,2.8127,2.015,2.104,2.303,2.368,0.9,9.1,50.1,9.8
2022-03-22,2.0101,2.0179,2.1649,2.4421,2.6046,2.8267,2.8302,1.946,2.073,2.303,2.369,0.9,9.1,50.1,9.8
2022-03-23,2.0506,2.0584,2.168,2.4582,2.6062,2.8234,2.8302,2.003,2.074,2.305,2.368,0.9,9.1,50.1,9.8
2022-03-24,2.0639,2.1316,2.1704,2.4433,2.5861,2.8001,2.8052,2.005,2.056,2.308,2.369,0.9,9.1,50.1,9.8
2022-03-25,2.0406,2.1305,2.1632,2.4309,2.5756,2.825,2.7972,2.001,2.207,2.31,2.369,0.9,9.1,50.1,9.8
2022-03-28,2.0157,2.1302,2.1595,2.439,2.5837,2.82,2.7903,1.946,2.188,2.313,2.37,0.9,9.1,50.1,9.8
2022-03-29,2.0109,2.0649,2.1582,2.4414,2.5864,2.82,2.7853,1.727,2.145,2.314,2.372,0.9,9.1,50.1,9.8
2022-03-30,1.9502,2.0737,2.1545,2.4302,2.5662,2.805,2.7703,1.557,2.171,2.313,2.371,0.9,9.1,50.1,9.8
2022-03-31,1.9112,2.0419,2.1299,2.4151,2.5733,2.815,2.7878,2.011,2.197,2.313,2.373,0.9,8.8,50.2,9.2
2022-04-01,1.8842,2.0161,2.1052,2.3807,2.5495,2.7925,2.7743,1.604,2.017,2.307,2.372,0.9,8.8,50.2,9.2
2022-04-02,1.8882,2.0158,2.1006,2.376,2.5342,2.79,2.7714,1.308,1.837,2.306,2.37,0.9,8.8,50.2,9.2
2022-04-06,1.8538,2.0154,2.0832,2.3561,2.5209,2.775,2.7604,1.848,2.004,2.305,2.37,0.9,8.8,50.2,9.2
2022-04-07,1.8333,2.019,2.06,2.3446,2.5086,2.755,2.7394,1.825,2.051,2.29,2.36,0.9,8.8,50.2,9.2
2022-04-08,1.8073,2.018,2.0669,2.3541,2.524,2.77,2.7529,1.751,1.985,2.295,2.363,0.9,8.8,50.2,9.2
2022-04-11,1.8148,2.0311,2.0757,2.3874,2.552,2.785,2.768,1.856,1.947,2.291,2.357,0.9,8.8,50.2,9.2
2022-04-12,1.9043,2.0097,2.0729,2.4033,2.5671,2.7925,2.7705,1.772,2.04,2.284,2.351,0.9,8.8,50.2,9.2
2022-04-13,1.9257,2.0013,2.0521,2.3894,2.5526,2.7825,2.7631,1.665,1.966,2.276,2.347,0.9,8.8,50.2,9.2
2022-04-14,1.9061,1.961,2.0264,2.3701,2.5441,2.78,2.7656,1.552,1.905,2.267,2.343,0.9,8.8,50.2,9.2
2022-04-15,1.8704,1.9422,1.9918,2.3454,2.5226,2.77,2.7578,1.339,1.822,2.253,2.336,0.9,8.8,50.2,9.2
2022-04-18,1.8631,1.9563,2.0143,2.3851,2.5798,2.815,2.8107,1.403,1.876,2.245,2.331,0.9,8.8,50.2,9.2
2022-04-19,1.8281,1.9592,2.0184,2.3938,2.5635,2.825,2.8208,1.294,1.801,2.237,2.327,0.9,8.8,50.2,9.2
2022-04-20,1.8585,1.9654,2.0136,2.4088,2.5862,2.845,2.833,1.303,1.937,2.23,2.323,0.9,8.8,50.2,9.2
2022-04-21,1.861,1.9528,1.9825,2.3989,2.5788,2.845,2.8259,1.294,1.804,2.222,2.313,0.9,8.8,50.2,9.2
2022-04-22,1.8815,1.9493,1.9542,2.4202,2.6018,2.86,2.8409,1.255,1.7,2.213,2.305,0.9,8.8,50.2,9.2
2022-04-24,1.8744,1.93,1.9523,2.4201,2.6023,2.8549,2.8335,1.302,1.809,2.194,2.274,0.9,8.8,50.2,9.2
2022-04-25,1.8801,1.8956,1.9282,2.3965,2.5776,2.8349,2.816,1.303,1.712,2.181,2.262,0.9,8.8,50.2,9.2
2022-04-26,1.871,1.89,1.9633,2.4078,2.5894,2.8425,2.826,1.306,1.681,2.166,2.252,0.9,8.8,50.2,9.2
2022-04-27,1.8544,1.9073,2.041,2.4342,2.6131,2.855,2.8411,1.303,1.743,2.154,2.242,0.9,8.8,50.2,9.2
2022-04-28,1.8995,1.9399,2.0563,2.4476,2.6334,2.86,2.8486,1.301,1.88,2.142,2.231,0.9,8.8,50.2,9.2
2022-04-29,1.8476,1.9001,2.032,2.4315,2.6136,2.8475,2.8386,1.838,2.006,2.125,2.217,0.9,8.8,50.2,9.2
2022-05-05,1.8427,1.8945,2.0367,2.4391,2.6075,2.8399,2.8282,1.783,1.903,2.116,2.209,1.5,8.3,49.5,9.7
2022-05-06,1.832,1.8714,2.0454,2.4463,2.6204,2.8399,2.8273,1.351,1.789,2.114,2.202,1.5,8.3,49.5,9.7
2022-05-07,1.8314,1.8711,2.0423,2.445,2.6207,2.8374,2.8263,1.294,1.699,2.109,2.195,1.5,8.3,49.5,9.7
2022-05-09,1.8131,1.8874,2.0373,2.4335,2.6037,2.8249,2.8154,1.309,1.814,2.089,2.186,1.5,8.3,49.5,9.7
2022-05-10,1.8031,1.8788,2.0306,2.4117,2.5789,2.813,2.8089,1.305,1.63,2.078,2.181,1.5,8.3,49.5,9.7
2022-05-11,1.8003,1.9334,2.051,2.4121,2.5997,2.8225,2.824,1.325,1.708,2.071,2.173,1.5,8.3,49.5,9.7
2022-05-12,1.7808,1.9147,2.0261,2.3923,2.5723,2.8027,2.8055,1.309,1.714,2.064,2.166,1.5,8.3,49.5,9.7
2022-05-13,1.7204,1.8858,2.0125,2.3909,2.5852,2.8103,2.814,1.31,1.671,2.015,2.155,1.5,8.3,49.5,9.7
2022-05-16,1.7059,1.8409,1.997,2.3802,2.5817,2.8114,2.8216,1.311,1.714,1.978,2.145,1.5,8.3,49.5,9.7
2022-05-17,1.6799,1.7921,1.9474,2.357,2.5725,2.8023,2.8178,1.325,1.584,1.945,2.109,1.5,8.3,49.5,9.7
2022-05-18,1.6601,1.7905,1.9275,2.3356,2.5424,2.7899,2.7801,1.326,1.647,1.941,2.078,1.5,8.3,49.5,9.7
2022-05-19,1.6638,1.8036,1.9421,2.3386,2.5428,2.7849,2.7774,1.414,1.654,1.937,2.067,1.5,8.3,49.5,9.7
2022-05-20,1.6506,1.7944,1.9565,2.3524,2.5503,2.79,2.79,1.322,1.665,1.932,2.05,1.5,8.3,49.5,9.7
2022-05-23,1.6512,1.7275,1.9568,2.3426,2.531,2.771,2.7675,1.323,1.693,1.9,2.021,1.5,8.3,49.5,9.7
2022-05-24,1.5817,1.6959,1.9677,2.3505,2.5439,2.7675,2.765,1.325,1.681,1.897,2.013,1.5,8.3,49.5,9.7
2022-05-25,1.6017,1.7589,1.9773,2.3527,2.5415,2.76,2.7575,1.347,1.785,1.871,2.009,1.5,8.3,49.5,9.7
2022-05-26,1.5815,1.7391,1.9246,2.3156,2.4885,2.7058,2.71,1.364,1.765,1.875,1.99,1.5,8.3,49.5,9.7
2022-05-27,1.5778,1.7321,1.9133,2.2905,2.4767,2.6954,2.6974,1.381,1.777,1.854,1.995,1.5,8.3,49.5,9.7
2022-05-30,1.5998,1.7351,1.9141,2.3036,2.5113,2.7275,2.7225,1.405,1.814,1.856,1.997,1.5,8.3,49.5,9.7
2022-05-31,1.5996,1.7333,1.916,2.3413,2.5464,2.7569,2.7426,1.588,1.898,1.865,1.998,2.1,8.0,47.4,10.5
2022-06-01,1.5206,1.7295,1.9415,2.3463,2.5594,2.7674,2.7551,1.413,1.652,1.865,1.998,2.1,8.0,47.4,10.5
2022-06-02,1.5325,1.7531,1.9564,2.3413,2.563,2.7748,2.7601,1.432,1.674,1.87,1.999,2.1,8.0,47.4,10.5
2022-06-06,1.5418,1.7877,2.0199,2.3743,2.5994,2.7997,2.7776,1.454,1.701,1.873,2.001,2.1,8.0,47.4,10.5
2022-06-07,1.5566,1.7966,2.018,2.3674,2.5842,2.7822,2.7576,1.421,1.708,1.877,2.003,2.1,8.0,47.4,10.5
2022-06-08,1.5656,1.7845,2.0282,2.3625,2.585,2.7848,2.7661,1.419,1.689,1.882,2.003,2.1,8.0,47.4,10.5
2022-06-09,1.5572,1.7882,2.0151,2.3533,2.5726,2.7698,2.7576,1.414,1.707,1.887,2.003,2.1,8.0,47.4,10.5
2022-06-10,1.5315,1.7758,2.0051,2.3478,2.568,2.7673,2.7526,1.403,1.675,1.89,2.0,2.1,8.0,47.4,10.5
2022-06-13,1.5613,1.7737,2.0026,2.3531,2.5899,2.7798,2.7652,1.408,1.7,1.889,2.002,2.1,8.0,47.4,10.5
2022-06-14,1.5602,1.8367,2.0176,2.3587,2.5952,2.7799,2.7702,1.413,1.656,1.892,2.002,2.1,8.0,47.4,10.5
2022-06-15,1.5862,1.8469,2.036,2.3637,2.6112,2.7924,2.7827,1.413,1.708,1.893,2.002,2.1,8.0,47.4,10.5
2022-06-16,1.5613,1.8418,2.0352,2.354,2.5936,2.7774,2.7728,1.413,1.688,1.892,2.0,2.1,8.0,47.4,10.5
2022-06-17,1.6118,1.7891,2.0102,2.3449,2.5944,2.79,2.7752,1.414,1.737,1.891,2.0,2.1,8.0,47.4,10.5
2022-06-20,1.6267,1.8039,2.0056,2.3492,2.6163,2.793,2.7853,1.418,1.829,1.891,2.0,2.1,8.0,47.4,10.5
2022-06-21,1.6245,1.8167,2.0018,2.3785,2.6118,2.79,2.7853,1.438,1.796,1.891,2.0,2.1,8.0,47.4,10.5
2022-06-22,1.6029,1.7994,1.9869,2.374,2.6045,2.7875,2.7773,1.444,1.783,1.892,2.0,2.1,8.0,47.4,10.5
2022-06-23,1.5821,1.7593,1.9608,2.3719,2.6077,2.79,2.7803,1.437,1.755,1.893,2.0,2.1,8.0,47.4,10.5
2022-06-24,1.5829,1.7611,1.9653,2.3826,2.634,2.8,2.7978,1.435,1.85,1.893,2.0,2.1,8.0,47.4,10.5
2022-06-27,1.5824,1.7783,1.9971,2.4517,2.6704,2.85,2.8329,1.438,1.992,1.894,2.0,2.1,8.0,47.4,10.5
2022-06-28,1.6356,1.7841,1.9976,2.4732,2.6825,2.86,2.8414,1.438,1.98,1.895,2.0,2.1,8.0,47.4,10.5
2022-06-29,1.6817,1.7783,1.9763,2.4615,2.6732,2.8525,2.8294,1.372,2.025,1.898,2.0,2.1,8.0,47.4,10.5
2022-06-30,1.6006,1.7919,1.9504,2.4491,2.6529,2.8375,2.8205,1.901,2.2,1.898,2.0,2.1,6.4,49.6,11.1
2022-07-01,1.5328,1.7598,1.9324,2.4455,2.6485,2.8425,2.8255,1.441,1.798,1.887,2.0,2.1,6.4,49.6,11.1
2022-07-04,1.5484,1.7831,1.9831,2.492,2.6965,2.865,2.8445,1.418,1.624,1.878,2.0,2.1,6.4,49.6,11.1
2022-07-05,1.5578,1.8136,2.01,2.5045,2.693,2.865,2.8333,1.367,1.669,1.86,2.0,2.1,6.4,49.6,11.1
2022-07-06,1.6169,1.7915,1.9911,2.5079,2.6902,2.86,2.8356,1.21,1.641,1.834,1.998,2.1,6.4,49.6,11.1
2022-07-07,1.6599,1.7553,1.9824,2.5028,2.6857,2.855,2.8356,1.222,1.626,1.822,1.995,2.1,6.4,49.6,11.1
2022-07-08,1.6309,1.729,1.9584,2.4962,2.6785,2.855,2.8384,1.216,1.651,1.807,1.9925,2.1,6.4,49.6,11.1
2022-07-11,1.6305,1.7001,1.9417,2.456,2.6535,2.84,2.8266,1.223,1.627,1.797,1.9895,2.1,6.4,49.6,11.1
2022-07-12,1.6004,1.6865,1.9345,2.4304,2.6209,2.815,2.8117,1.211,1.621,1.789,1.9855,2.1,6.4,49.6,11.1
2022-07-13,1.6231,1.673,1.9376,2.4294,2.6134,2.8125,2.8067,1.219,1.617,1.784,1.9835,2.1,6.4,49.6,11.1
2022-07-14,1.6256,1.6505,1.9147,2.3964,2.587,2.79,2.7907,1.195,1.629,1.775,1.979,2.1,6.4,49.6,11.1
2022-07-15,1.6037,1.6378,1.8837,2.3953,2.5848,2.7875,2.7857,1.211,1.593,1.774,1.977,2.1,6.4,49.6,11.1
2022-07-18,1.5861,1.6185,1.8488,2.3784,2.5789,2.7784,2.7837,1.218,1.646,1.772,1.974,2.1,6.4,49.6,11.1
2022-07-19,1.5895,1.6004,1.8491,2.3805,2.5868,2.7782,2.7859,1.242,1.629,1.77,1.948,2.1,6.4,49.6,11.1
2022-07-20,1.5964,1.6367,1.8712,2.37,2.5634,2.7564,2.771,1.27,1.679,1.773,1.924,2.1,6.4,49.6,11.1
2022-07-21,1.5857,1.6359,1.8717,2.3575,2.5516,2.7512,2.7635,1.254,1.679,1.767,1.909,2.1,6.4,49.6,11.1
2022-07-22,1.5767,1.6944,1.9036,2.3762,2.5801,2.7716,2.787,1.194,1.635,1.757,1.893,2.1,6.4,49.6,11.1
2022-07-25,1.5487,1.6962,1.9007,2.365,2.5555,2.7642,2.779,1.074,1.639,1.756,1.881,2.1,6.4,49.6,11.1
2022-07-26,1.5411,1.6769,1.881,2.3355,2.5415,2.7534,2.77,1.018,1.632,1.755,1.872,2.1,6.4,49.6,11.1
2022-07-27,1.5399,1.6691,1.8772,2.3337,2.5205,2.7522,2.7701,1.008,1.613,1.748,1.863,2.1,6.4,49.6,11.1
2022-07-28,1.5506,1.6856,1.8905,2.3613,2.5483,2.7694,2.785,1.014,1.546,1.742,1.854,2.1,6.4,49.6,11.1
2022-07-29,1.4988,1.6562,1.8623,2.3228,2.5136,2.7374,2.756,1.254,1.705,1.737,1.846,2.1,6.4,49.6,11.1
2022-08-01,1.4558,1.5902,1.8269,2.2912,2.4895,2.7079,2.7292,1.177,1.56,1.721,1.825,2.5,6.1,50.2,11.4
2022-08-02,1.4172,1.5451,1.7705,2.2855,2.4899,2.7038,2.7314,1.076,1.526,1.704,1.799,2.5,6.1,50.2,11.4
2022-08-03,1.4395,1.5446,1.7528,2.2495,2.4501,2.6852,2.7218,1.026,1.385,1.679,1.767,2.5,6.1,50.2,11.4
2022-08-04,1.4095,1.53,1.6907,2.2448,2.4379,2.685,2.7192,1.025,1.381,1.622,1.729,2.5,6.1,50.2,11.4
2022-08-05,1.4169,1.5473,1.7116,2.27,2.4657,2.6979,2.7339,1.019,1.384,1.594,1.699,2.5,6.1,50.2,11.4
2022-08-08,1.439,1.5534,1.7316,2.2822,2.4715,2.7056,2.7409,1.013,1.391,1.569,1.667,2.5,6.1,50.2,11.4
2022-08-09,1.4689,1.5755,1.7886,2.3116,2.4889,2.7055,2.74,1.018,1.409,1.546,1.647,2.5,6.1,50.2,11.4
2022-08-10,1.4699,1.6221,1.8136,2.3287,2.4914,2.7095,2.7366,1.068,1.43,1.533,1.637,2.5,6.1,50.2,11.4
2022-08-11,1.4871,1.6621,1.8161,2.3357,2.4839,2.7024,2.7317,1.03,1.404,1.53,1.629,2.5,6.1,50.2,11.4
2022-08-12,1.4508,1.6614,1.8115,2.3358,2.4892,2.7072,2.7347,1.044,1.413,1.513,1.622,2.5,6.1,50.2,11.4
2022-08-15,1.418,1.6016,1.7167,2.2433,2.395,2.6216,2.6582,1.043,1.425,1.505,1.607,2.5,6.1,50.2,11.4
2022-08-16,1.4111,1.5799,1.7199,2.2449,2.3828,2.6011,2.6346,1.075,1.392,1.5,1.599,2.5,6.1,50.2,11.4
2022-08-17,1.4309,1.6027,1.719,2.2475,2.3801,2.6019,2.6124,1.138,1.467,1.498,1.598,2.5,6.1,50.2,11.4
2022-08-18,1.4557,1.607,1.7004,2.2235,2.3578,2.5716,2.58,1.187,1.479,1.491,1.598,2.5,6.1,50.2,11.4
2022-08-19,1.4308,1.5953,1.7248,2.2279,2.3708,2.5812,2.5875,1.211,1.509,1.492,1.597,2.5,6.1,50.2,11.4
2022-08-22,1.4308,1.6144,1.757,2.2432,2.3967,2.5821,2.5925,1.1433,1.5089,1.4911,1.5956,2.5,6.1,50.2,11.4
2022-08-23,1.4604,1.6315,1.7571,2.2719,2.4091,2.5971,2.6075,1.109,1.499,1.491,1.594,2.5,6.1,50.2,11.4
2022-08-24,1.4603,1.6362,1.7496,2.2629,2.4122,2.5976,2.61,1.122,1.445,1.49,1.593,2.5,6.1,50.2,11.4
2022-08-25,1.4606,1.6493,1.7912,2.2829,2.4448,2.6233,2.639,1.153,1.515,1.49,1.593,2.5,6.1,50.2,11.4
2022-08-26,1.4611,1.6841,1.7922,2.2629,2.4433,2.6314,2.643,1.258,1.745,1.495,1.594,2.5,6.1,50.2,11.4
2022-08-29,1.4631,1.6799,1.7561,2.2165,2.413,2.6123,2.6225,1.235,1.639,1.498,1.596,2.5,6.1,50.2,11.4
2022-08-30,1.4635,1.658,1.7406,2.1916,2.4071,2.6065,2.613,1.124,1.649,1.5,1.599,2.5,6.1,50.2,11.4
2022-08-31,1.4704,1.6631,1.7378,2.1918,2.4065,2.6144,2.6225,1.401,1.78,1.501,1.6,2.7,4.2,49.0,12.0
2022-09-01,1.4708,1.6629,1.7243,2.19,2.3965,2.6064,2.6125,1.463,1.497,1.5,1.6,2.7,4.2,49.0,12.0
2022-09-02,1.4416,1.6654,1.7193,2.183,2.4024,2.6124,2.6226,1.175,1.51,1.5,1.6,2.7,4.2,49.0,12.0
2022-09-05,1.4436,1.6473,1.7132,2.1743,2.3882,2.6035,2.618,1.033,1.409,1.5,1.6,2.7,4.2,49.0,12.0
2022-09-06,1.4442,1.6413,1.7127,2.1696,2.3835,2.5987,2.614,1.069,1.449,1.5,1.6,2.7,4.2,49.0,12.0
2022-09-07,1.4628,1.6535,1.7365,2.1748,2.3914,2.6043,2.6215,1.113,1.524,1.5,1.6,2.7,4.2,49.0,12.0
2022-09-08,1.4733,1.6663,1.749,2.1752,2.3986,2.6091,2.6256,1.159,1.502,1.501,1.601,2.7,4.2,49.0,12.0
2022-09-09,1.4613,1.6574,1.7597,2.1779,2.4184,2.6262,2.635,1.173,1.476,1.503,1.6,2.7,4.2,49.0,12.0
2022-09-13,1.4642,1.669,1.7697,2.1897,2.4303,2.6327,2.6427,1.171,1.521,1.502,1.599,2.7,4.2,49.0,12.0
2022-09-14,1.4747,1.6918,1.8015,2.2133,2.4499,2.6487,2.6625,1.173,1.557,1.508,1.599,2.7,4.2,49.0,12.0
2022-09-15,1.4961,1.7049,1.8058,2.2241,2.4546,2.6527,2.6625,1.226,1.547,1.508,1.599,2.7,4.2,49.0,12.0
2022-09-16,1.4907,1.7078,1.8298,2.2496,2.4666,2.6647,2.673,1.294,1.643,1.511,1.599,2.7,4.2,49.0,12.0
2022-09-19,1.4726,1.7349,1.8506,2.2606,2.459,2.6683,2.675,1.41,1.699,1.536,1.601,2.7,4.2,49.0,12.0
2022-09-20,1.4736,1.7448,1.8483,2.2514,2.4415,2.66,2.664,1.458,1.687,1.573,1.606,2.7,4.2,49.0,12.0
2022-09-21,1.5091,1.7422,1.8282,2.2386,2.4325,2.6412,2.6451,1.468,1.726,1.593,1.607,2.7,4.2,49.0,12.0
2022-09-22,1.4729,1.7335,1.8232,2.2353,2.4429,2.6372,2.6501,1.461,1.646,1.617,1.609,2.7,4.2,49.0,12.0
2022-09-23,1.482,1.7358,1.828,2.2491,2.4688,2.6533,2.6802,1.465,1.608,1.625,1.612,2.7,4.2,49.0,12.0
2022-09-26,1.513,1.7485,1.8608,2.2916,2.512,2.6803,2.7154,1.429,1.84,1.646,1.621,2.7,4.2,49.0,12.0
2022-09-27,1.5509,1.7592,1.8711,2.2857,2.5026,2.6901,2.7051,1.399,1.697,1.665,1.634,2.7,4.2,49.0,12.0
2022-09-28,1.5957,1.832,1.9024,2.308,2.5315,2.735,2.7401,1.27,1.747,1.682,1.652,2.7,4.2,49.0,12.0
2022-09-29,1.608,1.8313,1.893,2.3326,2.5616,2.75,2.7501,0.964,2.015,1.71,1.666,2.7,4.2,49.0,12.0
2022-09-30,1.6026,1.81,1.8535,2.3341,2.5836,2.7551,2.7601,2.081,2.055,1.711,1.673,2.5,2.3,49.4,12.2
2022-10-08,1.5463,1.7547,1.8323,2.3404,2.5811,2.7577,2.7626,1.652,1.699,1.698,1.676,2.5,2.3,49.4,12.2
2022-10-09,1.4963,1.7409,1.829,2.2832,2.5486,2.7402,2.7452,1.178,1.616,1.655,1.674,2.5,2.3,49.4,12.2
2022-10-10,1.4919,1.691,1.7908,2.2784,2.5306,2.7304,2.7402,1.11,1.497,1.644,1.679,2.5,2.3,49.4,12.2
2022-10-11,1.4679,1.6996,1.7867,2.2959,2.535,2.7329,2.7426,1.183,1.621,1.634,1.678,2.5,2.3,49.4,12.2
2022-10-12,1.472,1.7052,1.8067,2.295,2.5219,2.7279,2.7352,1.155,1.611,1.62,1.671,2.5,2.3,49.4,12.2
2022-10-13,1.5243,1.6681,1.8051,2.2875,2.5122,2.7202,2.7252,1.182,1.638,1.619,1.677,2.5,2.3,49.4,12.2
2022-10-14,1.5142,1.6845,1.7851,2.2598,2.4905,2.6951,2.6977,1.133,1.594,1.613,1.68,2.5,2.3,49.4,12.2
2022-10-17,1.5133,1.6752,1.7856,2.2752,2.4931,2.6977,2.7002,1.167,1.558,1.613,1.684,2.5,2.3,49.4,12.2
2022-10-18,1.5462,1.6847,1.7856,2.2725,2.4911,2.6991,2.7002,1.134,1.53,1.61,1.686,2.5,2.3,49.4,12.2
2022-10-19,1.6172,1.7106,1.7806,2.2622,2.4762,2.7027,2.7052,1.116,1.547,1.609,1.691,2.5,2.3,49.4,12.2
2022-10-20,1.6265,1.7104,1.7656,2.2676,2.4841,2.7128,2.7175,1.154,1.581,1.612,1.697,2.5,2.3,49.4,12.2
2022-10-21,1.6439,1.7356,1.7706,2.2802,2.4918,2.7229,2.7278,1.23,1.682,1.62,1.702,2.5,2.3,49.4,12.2
2022-10-24,1.6723,1.7501,1.77,2.2794,2.4852,2.7104,2.7153,1.394,1.726,1.628,1.71,2.5,2.3,49.4,12.2
2022-10-25,1.7101,1.7601,1.7945,2.2899,2.5031,2.7206,2.7278,1.763,1.876,1.639,1.724,2.5,2.3,49.4,12.2
2022-10-26,1.7184,1.8,1.8005,2.2611,2.4835,2.6979,2.7025,1.775,1.995,1.657,1.734,2.5,2.3,49.4,12.2
2022-10-27,1.6998,1.7508,1.7551,2.2573,2.4636,2.6904,2.6953,1.764,2.013,1.673,1.741,2.5,2.3,49.4,12.2
2022-10-28,1.6539,1.7299,1.7403,2.2416,2.4337,2.6605,2.6653,1.327,1.963,1.675,1.743,2.5,2.3,49.4,12.2
2022-10-31,1.6249,1.6816,1.7305,2.2263,2.4272,2.654,2.6433,1.739,1.952,1.68,1.745,2.8,0.9,50.1,12.1
2022-11-01,1.628,1.6918,1.7523,2.2451,2.4476,2.67,2.6629,1.843,1.829,1.683,1.75,2.8,0.9,50.1,12.1
2022-11-02,1.6685,1.7111,1.7633,2.265,2.4629,2.695,2.6854,1.755,1.771,1.684,1.752,2.8,0.9,50.1,12.1
2022-11-03,1.6761,1.7252,1.753,2.2663,2.4632,2.69,2.6776,1.324,1.718,1.676,1.752,2.8,0.9,50.1,12.1
2022-11-04,1.68,1.7403,1.7628,2.2848,2.4887,2.7125,2.7023,1.386,1.702,1.675,1.754,2.8,0.9,50.1,12.1
2022-11-07,1.68,1.7454,1.7516,2.2956,2.4945,2.71,2.7003,1.62,1.786,1.677,1.769,2.8,0.9,50.1,12.1
2022-11-08,1.6965,1.7628,1.7774,2.3097,2.4841,2.7023,2.6853,1.756,1.812,1.688,1.781,2.8,0.9,50.1,12.1
2022-11-09,1.7509,1.7612,1.8156,2.3222,2.4968,2.7074,2.6953,1.808,1.855,1.698,1.807,2.8,0.9,50.1,12.1
2022-11-10,1.7713,1.7834,1.8584,2.3229,2.5022,2.71,2.7028,1.826,1.938,1.7,1.838,2.8,0.9,50.1,12.1
2022-11-11,1.8104,1.8134,1.9614,2.3641,2.5348,2.7474,2.7354,1.704,1.888,1.716,1.868,2.8,0.9,50.1,12.1
2022-11-14,2.0067,2.0329,2.0663,2.4939,2.6474,2.8499,2.8354,1.646,1.846,1.768,1.912,2.8,0.9,50.1,12.1
2022-11-15,2.0506,2.0527,2.1342,2.4978,2.6475,2.8398,2.8155,1.853,1.929,1.831,2.009,2.8,0.9,50.1,12.1
2022-11-16,2.1722,2.2,2.2014,2.5405,2.6824,2.8598,2.8329,1.936,1.998,1.884,2.116,2.8,0.9,50.1,12.1
2022-11-17,2.1699,2.17,2.1715,2.4831,2.6379,2.8149,2.8026,1.699,1.863,1.93,2.213,2.8,0.9,50.1,12.1
2022-11-18,2.1,2.1001,2.1718,2.4793,2.6281,2.83,2.825,1.364,1.791,1.933,2.238,2.8,0.9,50.1,12.1
2022-11-21,2.0995,2.0996,2.1504,2.4526,2.6195,2.8225,2.818,1.139,1.675,1.938,2.241,2.8,0.9,50.1,12.1
2022-11-22,2.0999,2.1,2.1431,2.4253,2.6158,2.83,2.8276,0.871,1.665,1.947,2.248,2.8,0.9,50.1,12.1
2022-11-23,2.0701,2.1003,2.1024,2.3857,2.5813,2.7932,2.7975,1.039,1.673,1.949,2.25,2.8,0.9,50.1,12.1
2022-11-24,1.9504,2.0268,2.0581,2.3604,2.5723,2.7886,2.795,1.044,1.769,1.94,2.195,2.8,0.9,50.1,12.1
2022-11-25,2.0002,2.0422,2.0685,2.4154,2.6144,2.8215,2.83,1.021,1.744,1.924,2.188,2.8,0.9,50.1,12.1
2022-11-28,2.0002,2.0422,2.0699,2.4304,2.6541,2.8516,2.86,1.033,1.881,1.913,2.185,2.8,0.9,50.1,12.1
2022-11-29,2.0221,2.0641,2.1139,2.4715,2.7047,2.8737,2.88,1.023,1.865,1.909,2.186,2.8,0.9,50.1,12.1
2022-11-30,2.0811,2.0941,2.1341,2.4717,2.6945,2.8745,2.885,1.515,1.915,1.915,2.193,2.1,-1.3,49.2,11.8
2022-12-01,2.081,2.094,2.1456,2.4517,2.6749,2.8558,2.86,1.458,1.729,1.919,2.197,2.1,-1.3,49.2,11.8
2022-12-02,2.0627,2.141,2.1554,2.4473,2.6702,2.855,2.8676,1.157,1.693,1.923,2.2,2.1,-1.3,49.2,11.8
2022-12-05,2.0539,2.1317,2.1462,2.4533,2.6866,2.8652,2.8902,1.08,1.689,1.929,2.201,2.1,-1.3,49.2,11.8
2022-12-06,2.0551,2.1506,2.1566,2.483,2.7325,2.8882,2.9152,1.043,1.677,1.935,2.207,2.1,-1.3,49.2,11.8
2022-12-07,2.0917,2.1665,2.2495,2.4833,2.7061,2.8494,2.8702,1.007,1.663,1.952,2.231,2.1,-1.3,49.2,11.8
2022-12-08,2.0716,2.1583,2.2457,2.4936,2.6952,2.8563,2.8853,1.064,1.71,1.967,2.25,2.1,-1.3,49.2,11.8
2022-12-09,2.0505,2.1735,2.2869,2.5033,2.7344,2.8654,2.8903,1.071,1.759,1.978,2.259,2.1,-1.3,49.2,11.8
2022-12-12,2.0605,2.184,2.3019,2.5349,2.7414,2.8738,2.8902,1.052,1.61,2.006,2.273,2.1,-1.3,49.2,11.8
2022-12-13,2.1005,2.2321,2.3369,2.5797,2.7595,2.8768,2.8952,1.032,1.748,2.037,2.283,2.1,-1.3,49.2,11.8
2022-12-14,2.0901,2.2029,2.3019,2.5252,2.6968,2.8347,2.8655,1.199,1.669,2.065,2.298,2.1,-1.3,49.2,11.8
2022-12-15,2.1,2.1523,2.3169,2.52,2.7057,2.8522,2.8829,1.223,1.626,2.123,2.321,2.1,-1.3,49.2,11.8
2022-12-16,2.1057,2.1871,2.3169,2.531,2.7052,2.8528,2.8856,1.224,1.752,2.171,2.339,2.1,-1.3,49.2,11.8
2022-12-19,2.15,2.1507,2.2969,2.5018,2.6705,2.8254,2.8632,1.217,1.8,2.21,2.355,2.1,-1.3,49.2,11.8
2022-12-20,2.1602,2.1763,2.2969,2.5074,2.6757,2.8331,2.8732,1.166,1.807,2.222,2.361,2.1,-1.3,49.2,11.8
2022-12-21,2.22,2.2213,2.2919,2.4917,2.6612,2.8256,2.8606,0.921,1.687,2.246,2.384,2.1,-1.3,49.2,11.8
2022-12-22,2.2123,2.2156,2.2669,2.4773,2.6416,2.8255,2.8503,0.783,1.579,2.271,2.395,2.1,-1.3,49.2,11.8
2022-12-23,2.1203,2.1673,2.2269,2.4608,2.6062,2.8152,2.8251,0.585,1.687,2.287,2.402,2.1,-1.3,49.2,11.8
2022-12-26,2.1216,2.1962,2.2469,2.4684,2.6276,2.8205,2.8378,0.82,1.961,2.306,2.405,2.1,-1.3,49.2,11.8
2022-12-27,2.1412,2.1887,2.2469,2.4663,2.6703,2.8312,2.8657,0.632,2.004,2.321,2.411,2.1,-1.3,49.2,11.8
2022-12-28,2.1501,2.2087,2.2369,2.4712,2.6704,2.8317,2.8503,0.522,2.019,2.332,2.416,2.1,-1.3,49.2,11.8
2022-12-29,2.1128,2.1387,2.1669,2.4165,2.6382,2.8207,2.8376,0.441,2.261,2.34,2.418,2.1,-1.3,49.2,11.8
2022-12-30,2.0519,2.0697,2.0969,2.404,2.6446,2.8182,2.8353,1.957,2.223,2.346,2.422,2.1,-1.3,49.2,11.8
2022-12-31,2.0519,2.0697,2.0969,2.404,2.6446,2.8182,2.8353,,,,,1.6,-1.3,48.0,12.4
2023-01-03,1.9162,2.0658,2.112,2.4096,2.6298,2.8107,2.8228,1.475,1.92,2.334,2.415,1.6,-1.3,48.0,12.4
2023-01-04,1.8252,2.0254,2.067,2.3964,2.6071,2.7958,2.8103,1.003,1.582,2.255,2.38,1.6,-1.3,48.0,12.4
2023-01-05,1.8053,2.0098,2.082,2.4111,2.625,2.8112,2.8304,0.574,1.388,2.189,2.352,1.6,-1.3,48.0,12.4
2023-01-06,1.8022,2.0489,2.097,2.4419,2.6495,2.8208,2.8328,0.539,1.58,2.15,2.335,1.6,-1.3,48.0,12.4
2023-01-09,1.839,2.0377,2.0996,2.4627,2.6649,2.8332,2.8428,0.671,1.729,2.135,2.331,1.6,-1.3,48.0,12.4
2023-01-10,1.8727,2.0662,2.122,2.5036,2.7104,2.86,2.8602,1.116,1.933,2.138,2.338,1.6,-1.3,48.0,12.4
2023-01-11,1.8417,2.0689,2.127,2.5131,2.6989,2.8507,2.8603,1.426,1.996,2.174,2.347,1.6,-1.3,48.0,12.4
2023-01-12,1.8145,2.0263,2.097,2.5029,2.6974,2.8567,2.8778,1.465,1.992,2.194,2.353,1.6,-1.3,48.0,12.4
2023-01-13,1.8088,2.0225,2.097,2.5188,2.7096,2.8677,2.901,1.242,1.94,2.22,2.353,1.6,-1.3,48.0,12.4
2023-01-16,1.8477,2.0342,2.127,2.5552,2.7571,2.8784,2.9167,1.568,2.054,2.244,2.356,1.6,-1.3,48.0,12.4
2023-01-17,1.8514,2.058,2.127,2.5461,2.7346,2.8635,2.9017,1.852,2.195,2.264,2.366,1.6,-1.3,48.0,12.4
2023-01-18,1.9514,2.118,2.1615,2.5486,2.7257,2.8745,2.9222,1.933,2.135,2.285,2.374,1.6,-1.3,48.0,12.4
2023-01-19,1.969,2.1399,2.1677,2.5418,2.721,2.8694,2.9145,1.656,2.281,2.291,2.376,1.6,-1.3,48.0,12.4
2023-01-20,1.9173,2.0799,2.1648,2.5379,2.7288,2.8756,2.9331,1.834,1.988,2.294,2.377,1.6,-1.3,48.0,12.4
2023-01-28,1.8701,2.0257,2.1496,2.5465,2.7283,2.8723,2.9341,1.432,1.915,2.272,2.373,1.6,-1.3,48.0,12.4
2023-01-29,1.8545,2.0247,2.1519,2.5307,2.7225,2.8595,2.9219,1.202,1.854,2.264,2.367,1.6,-1.3,48.0,12.4
2023-01-30,1.8258,1.9797,2.176,2.5405,2.7238,2.8615,2.9133,1.411,2.05,2.24,2.365,1.6,-1.3,48.0,12.4
2023-01-31,1.7856,1.9713,2.1535,2.529,2.7039,2.8511,2.8977,1.988,2.121,2.227,2.364,1.8,-0.7,47.0,11.8
2023-02-01,1.8148,2.0212,2.1631,2.5388,2.7091,2.8638,2.9101,2.119,2.045,2.205,2.362,1.8,-0.7,47.0,11.8
2023-02-02,1.8219,2.0221,2.1507,2.5151,2.6945,2.858,2.897,1.635,1.959,2.19,2.36,1.8,-0.7,47.0,11.8
2023-02-03,1.8507,2.0121,2.1504,2.5244,2.6921,2.8582,2.8943,1.262,1.85,2.173,2.357,1.8,-0.7,47.0,11.8
2023-02-06,1.8741,2.02,2.1581,2.5311,2.7054,2.8682,2.9017,1.782,2.007,2.174,2.359,1.8,-0.7,47.0,11.8
2023-02-07,1.9052,2.0253,2.163,2.54,2.6983,2.8671,2.8964,2.241,2.086,2.184,2.36,1.8,-0.7,47.0,11.8
2023-02-08,2.0045,2.0553,2.1617,2.5443,2.703,2.8716,2.8973,2.365,2.194,2.191,2.365,1.8,-0.7,47.0,11.8
2023-02-09,2.006,2.0614,2.1673,2.5322,2.6959,2.8666,2.8912,2.318,2.198,2.196,2.37,1.8,-0.7,47.0,11.8
2023-02-10,1.985,2.0657,2.1682,2.5383,2.6961,2.8744,2.9003,1.865,1.961,2.198,2.371,1.8,-0.7,47.0,11.8
2023-02-13,1.985,2.0658,2.1734,2.5426,2.6967,2.8694,2.8943,1.412,1.923,2.199,2.371,1.8,-0.7,47.0,11.8
2023-02-14,1.9816,2.0628,2.1781,2.5374,2.695,2.8648,2.8914,1.576,2.007,2.2,2.373,1.8,-0.7,47.0,11.8
2023-02-15,2.0306,2.0688,2.1792,2.5431,2.6945,2.8607,2.8918,1.902,1.996,2.2,2.379,1.8,-0.7,47.0,11.8
2023-02-16,2.031,2.069,2.1916,2.5429,2.6921,2.858,2.8907,2.005,2.095,2.214,2.383,1.8,-0.7,47.0,11.8
2023-02-17,2.0429,2.1169,2.1973,2.5329,2.6976,2.8587,2.892,2.115,2.198,2.222,2.385,1.8,-0.7,47.0,11.8
2023-02-20,2.0719,2.1544,2.2395,2.5511,2.7392,2.8796,2.917,2.157,2.104,2.236,2.392,1.8,-0.7,47.0,11.8
2023-02-21,2.1013,2.1923,2.2422,2.5614,2.739,2.88,2.919,2.195,2.136,2.253,2.397,1.8,-0.7,47.0,11.8
2023-02-22,2.1008,2.1691,2.24,2.5568,2.7342,2.8735,2.9175,1.765,2.158,2.267,2.403,1.8,-0.7,47.0,11.8
2023-02-23,2.1041,2.2,2.2603,2.5619,2.7446,2.8785,2.922,1.475,2.163,2.278,2.406,1.8,-0.7,47.0,11.8
2023-02-24,2.058,2.2,2.2948,2.5647,2.7395,2.8712,2.9126,1.433,2.243,2.285,2.416,1.8,-0.7,47.0,11.8
2023-02-27,2.0567,2.2014,2.3165,2.573,2.7398,2.873,2.9117,1.817,2.177,2.287,2.423,1.8,-0.7,47.0,11.8
2023-02-28,2.0605,2.2101,2.3291,2.5734,2.7374,2.8673,2.9017,2.083,2.352,2.292,2.437,2.1,-0.8,50.1,12.6
2023-03-01,2.0618,2.18,2.3197,2.5692,2.7354,2.8667,2.8977,2.087,2.09,2.294,2.45,2.1,-0.8,50.1,12.6
2023-03-02,2.0502,2.1842,2.3247,2.5691,2.7513,2.8753,2.9111,1.62,1.993,2.294,2.459,2.1,-0.8,50.1,12.6
2023-03-03,2.0708,2.213,2.323,2.5672,2.7387,2.8719,2.9026,1.291,1.931,2.295,2.466,2.1,-0.8,50.1,12.6
2023-03-06,2.0522,2.1948,2.2955,2.5506,2.7114,2.8521,2.8826,1.231,1.816,2.299,2.469,2.1,-0.8,50.1,12.6
2023-03-07,2.0423,2.1859,2.288,2.5464,2.7014,2.8463,2.8726,1.436,1.873,2.314,2.476,2.1,-0.8,50.1,12.6
2023-03-08,2.0403,2.1926,2.273,2.5412,2.7123,2.8482,2.8828,1.648,1.915,2.333,2.486,2.1,-0.8,50.1,12.6
2023-03-09,2.0563,2.1934,2.273,2.5311,2.7027,2.8428,2.8752,1.373,1.921,2.35,2.491,2.1,-0.8,50.1,12.6
2023-03-10,2.061,2.1921,2.263,2.5239,2.6955,2.8365,2.8627,1.829,2.013,2.364,2.497,2.1,-0.8,50.1,12.6
2023-03-13,2.0622,2.194,2.263,2.5324,2.7047,2.8402,2.8703,1.614,1.959,2.371,2.498,2.1,-0.8,50.1,12.6
2023-03-14,2.0725,2.1955,2.269,2.5277,2.6968,2.8373,2.8652,1.829,2.055,2.378,2.499,2.1,-0.8,50.1,12.6
2023-03-15,2.1352,2.1954,2.279,2.5328,2.6987,2.8393,2.8652,2.109,2.089,2.384,2.5,2.1,-0.8,50.1,12.6
2023-03-16,2.1201,2.184,2.249,2.5235,2.6839,2.8294,2.8552,2.294,2.177,2.39,2.5,2.1,-0.8,50.1,12.6
2023-03-17,2.1005,2.1845,2.249,2.5236,2.6865,2.8294,2.8602,2.262,2.086,2.397,2.5,2.1,-0.8,50.1,12.6
2023-03-20,2.0524,2.1546,2.234,2.5025,2.6576,2.8219,2.8504,2.273,2.163,2.397,2.492,2.1,-0.8,50.1,12.6
2023-03-21,2.1017,2.1909,2.249,2.5153,2.6801,2.8244,2.8604,2.459,2.198,2.398,2.487,2.1,-0.8,50.1,12.6
2023-03-22,2.1002,2.1938,2.2728,2.5209,2.6882,2.8344,2.8577,2.024,2.078,2.396,2.479,2.1,-0.8,50.1,12.6
2023-03-23,2.0804,2.1898,2.2678,2.521,2.694,2.8444,2.8652,1.558,1.937,2.399,2.476,2.1,-0.8,50.1,12.6
2023-03-24,2.0707,2.2018,2.2928,2.5377,2.7066,2.8544,2.8676,1.288,1.703,2.399,2.473,2.1,-0.8,50.1,12.6
2023-03-27,2.0625,2.1978,2.2728,2.5279,2.6922,2.8469,2.8551,1.106,2.117,2.4,2.468,2.1,-0.8,50.1,12.6
2023-03-28,2.0818,2.188,2.2778,2.5302,2.7003,2.8494,2.8556,1.121,2.028,2.402,2.464,2.1,-0.8,50.1,12.6
2023-03-29,2.0702,2.1819,2.2753,2.5227,2.6954,2.8357,2.8532,0.901,2.157,2.4,2.456,2.1,-0.8,50.1,12.6
2023-03-30,2.0408,2.2029,2.2728,2.5258,2.7007,2.8378,2.8603,0.836,2.144,2.4,2.454,2.1,-0.8,50.1,12.6
2023-03-31,1.9006,2.1097,2.2328,2.5089,2.6837,2.8304,2.8528,1.838,2.215,2.4,2.448,1.0,-1.4,52.6,12.9
2023-04-03,1.8824,2.1002,2.2328,2.5118,2.6949,2.8356,2.8604,1.354,1.924,2.364,2.429,1.0,-1.4,52.6,12.9
2023-04-04,1.8739,2.0615,2.2303,2.5118,2.6979,2.8356,2.8584,1.103,1.87,2.343,2.423,1.0,-1.4,52.6,12.9
2023-04-06,1.8701,2.0603,2.2278,2.5146,2.7028,2.8339,2.8605,1.34,1.978,2.33,2.414,1.0,-1.4,52.6,12.9
2023-04-07,1.8548,2.0527,2.2278,2.5095,2.688,2.8258,2.8464,1.374,1.997,2.322,2.41,1.0,-1.4,52.6,12.9
2023-04-10,1.8728,2.0613,2.2228,2.5047,2.6918,2.8235,2.8455,1.324,2.004,2.313,2.414,1.0,-1.4,52.6,12.9
2023-04-11,1.8783,2.0629,2.2128,2.4936,2.6793,2.8057,2.8203,1.421,1.985,2.312,2.415,1.0,-1.4,52.6,12.9
2023-04-12,1.9283,2.0465,2.2091,2.4866,2.669,2.7936,2.8158,1.39,1.997,2.311,2.418,1.0,-1.4,52.6,12.9
2023-04-13,1.9583,2.045,2.2066,2.4895,2.6793,2.8014,2.8277,1.326,1.998,2.307,2.421,1.0,-1.4,52.6,12.9
2023-04-14,2.0,2.0243,2.2091,2.4922,2.6826,2.8039,2.8281,1.605,2.0,2.306,2.422,1.0,-1.4,52.6,12.9
2023-04-17,1.9987,2.0426,2.2141,2.5041,2.6946,2.8191,2.8432,1.818,2.048,2.308,2.424,1.0,-1.4,52.6,12.9
2023-04-18,1.9919,2.0235,2.2016,2.4997,2.6852,2.8105,2.8319,2.047,2.078,2.31,2.426,1.0,-1.4,52.6,12.9
2023-04-19,2.001,2.022,2.1891,2.4881,2.6735,2.8069,2.8333,2.13,2.097,2.31,2.432,1.0,-1.4,52.6,12.9
2023-04-20,2.0114,2.0277,2.1905,2.4915,2.671,2.8046,2.8332,2.207,2.101,2.309,2.429,1.0,-1.4,52.6,12.9
2023-04-21,2.0217,2.0327,2.1894,2.492,2.669,2.8,2.8258,2.272,2.199,2.31,2.429,1.0,-1.4,52.6,12.9
2023-04-23,2.0247,2.0359,2.1906,2.4914,2.6682,2.797,2.822,1.806,2.096,2.312,2.429,1.0,-1.4,52.6,12.9
2023-04-24,2.0047,2.0223,2.1855,2.4894,2.6632,2.7968,2.8176,1.599,2.117,2.312,2.43,1.0,-1.4,52.6,12.9
2023-04-25,2.0027,2.0116,2.1754,2.4887,2.6599,2.7944,2.8157,1.683,2.022,2.312,2.43,1.0,-1.4,52.6,12.9
2023-04-26,2.0132,2.0516,2.1727,2.4782,2.6375,2.7799,2.8058,1.217,2.062,2.31,2.43,1.0,-1.4,52.6,12.9
2023-04-27,1.9833,2.0221,2.156,2.4527,2.6152,2.753,2.7852,0.868,2.211,2.309,2.43,1.0,-1.4,52.6,12.9
2023-04-28,1.9541,2.0221,2.1464,2.4501,2.613,2.7452,2.7788,2.134,2.3,2.309,2.428,1.0,-1.4,52.6,12.9
2023-05-04,1.9801,2.0432,2.1362,2.4366,2.5968,2.7309,2.7613,1.658,1.963,2.294,2.414,0.7,-2.5,51.9,12.7
2023-05-05,1.9512,2.041,2.1266,2.4083,2.5645,2.7035,2.7338,1.234,1.815,2.277,2.401,0.7,-2.5,51.9,12.7
2023-05-06,1.9795,2.0401,2.1215,2.4084,2.5635,2.7056,2.7311,1.095,1.745,2.259,2.393,0.7,-2.5,51.9,12.7
2023-05-08,1.9734,2.0422,2.1323,2.4203,2.5854,2.7276,2.7484,1.408,1.795,2.248,2.386,0.7,-2.5,51.9,12.7
2023-05-09,1.9544,2.0395,2.1203,2.416,2.578,2.719,2.7383,1.239,1.825,2.235,2.377,0.7,-2.5,51.9,12.7
2023-05-10,1.9447,2.0399,2.0883,2.3882,2.5482,2.6981,2.721,1.11,1.902,2.228,2.363,0.7,-2.5,51.9,12.7
2023-05-11,1.9049,2.0,2.0353,2.3551,2.5211,2.6781,2.701,1.102,1.803,2.212,2.349,0.7,-2.5,51.9,12.7
2023-05-12,1.8911,2.0038,2.0441,2.3523,2.5164,2.6876,2.7058,1.32,1.829,2.199,2.325,0.7,-2.5,51.9,12.7
2023-05-15,1.8918,2.0168,2.0602,2.3761,2.5395,2.6981,2.719,1.523,1.874,2.189,2.311,0.7,-2.5,51.9,12.7
2023-05-16,1.8967,2.0091,2.0653,2.3776,2.5371,2.6952,2.7129,1.476,1.766,2.18,2.294,0.7,-2.5,51.9,12.7
2023-05-17,1.9312,2.0075,2.078,2.3654,2.5533,2.7007,2.721,1.54,1.844,2.16,2.288,0.7,-2.5,51.9,12.7
2023-05-18,1.9324,2.0186,2.0729,2.3757,2.5454,2.7004,2.7184,1.463,1.76,2.136,2.278,0.7,-2.5,51.9,12.7
2023-05-19,1.9003,1.9893,2.0554,2.3583,2.5204,2.6934,2.7151,1.408,1.91,2.131,2.269,0.7,-2.5,51.9,12.7
2023-05-22,1.8425,1.945,2.0218,2.3267,2.4888,2.6891,2.7132,1.276,1.897,2.124,2.262,0.7,-2.5,51.9,12.7
2023-05-23,1.745,1.8689,1.9909,2.3069,2.4665,2.6717,2.6962,1.224,1.824,2.117,2.255,0.7,-2.5,51.9,12.7
2023-05-24,1.7304,1.8734,1.9893,2.3153,2.4794,2.6793,2.7037,1.271,1.762,2.113,2.252,0.7,-2.5,51.9,12.7
2023-05-25,1.7204,1.8792,1.979,2.3175,2.4795,2.6777,2.7065,1.578,1.908,2.111,2.243,0.7,-2.5,51.9,12.7
2023-05-26,1.7205,1.8772,2.0188,2.3203,2.5007,2.693,2.7205,1.438,1.992,2.108,2.238,0.7,-2.5,51.9,12.7
2023-05-29,1.7175,1.8814,1.9979,2.2985,2.4871,2.6824,2.695,1.37,1.937,2.104,2.233,0.7,-2.5,51.9,12.7
2023-05-30,1.7034,1.8807,1.9835,2.2889,2.488,2.6874,2.7,1.296,1.993,2.098,2.223,0.7,-2.5,51.9,12.7
2023-05-31,1.7101,1.8541,1.9829,2.251,2.4558,2.6641,2.685,1.716,2.058,2.093,2.219,0.1,-3.6,49.2,12.4
2023-06-01,1.7113,1.8499,1.9721,2.2363,2.4256,2.649,2.6825,1.74,1.848,2.083,2.213,0.1,-3.6,49.2,12.4
2023-06-02,1.7056,1.849,1.9731,2.2646,2.4532,2.6637,2.6951,1.307,1.814,2.068,2.199,0.1,-3.6,49.2,12.4
2023-06-05,1.7028,1.8244,1.939,2.2537,2.4549,2.6617,2.6926,1.23,1.847,2.063,2.193,0.1,-3.6,49.2,12.4
2023-06-06,1.6736,1.8124,1.9177,2.2348,2.438,2.6516,2.6826,1.275,1.767,2.056,2.186,0.1,-3.6,49.2,12.4
2023-06-07,1.6555,1.8074,1.8955,2.227,2.4413,2.6496,2.6827,1.404,1.855,2.049,2.181,0.1,-3.6,49.2,12.4
2023-06-08,1.6561,1.8155,1.8887,2.242,2.4522,2.6496,2.6822,1.339,1.85,2.043,2.177,0.1,-3.6,49.2,12.4
2023-06-09,1.6513,1.7841,1.8636,2.2213,2.434,2.629,2.6703,1.251,1.826,2.031,2.161,0.1,-3.6,49.2,12.4
2023-06-12,1.6652,1.7884,1.8663,2.2421,2.4361,2.6293,2.6704,1.289,1.83,2.024,2.148,0.1,-3.6,49.2,12.4
2023-06-13,1.6648,1.7831,1.8514,2.224,2.4031,2.5921,2.6227,1.673,1.84,2.013,2.134,0.1,-3.6,49.2,12.4
2023-06-14,1.6502,1.7581,1.8365,2.224,2.398,2.5852,2.6178,1.321,1.846,2.008,2.12,0.1,-3.6,49.2,12.4
2023-06-15,1.6834,1.784,1.8616,2.247,2.4366,2.6235,2.6482,1.43,1.839,2.003,2.106,0.1,-3.6,49.2,12.4
2023-06-16,1.6949,1.8041,1.8817,2.2687,2.4543,2.6445,2.6626,1.92,1.925,2.004,2.105,0.1,-3.6,49.2,12.4
2023-06-19,1.7019,1.8322,1.9018,2.3207,2.5027,2.6776,2.6876,2.228,1.984,2.021,2.114,0.1,-3.6,49.2,12.4
2023-06-20,1.6933,1.8573,1.9118,2.3006,2.4811,2.6671,2.6751,1.989,2.043,2.046,2.126,0.1,-3.6,49.2,12.4
2023-06-21,1.7005,1.8635,1.9161,2.2799,2.4744,2.6613,2.6701,1.844,2.009,2.061,2.135,0.1,-3.6,49.2,12.4
2023-06-25,1.6918,1.8572,1.912,2.2634,2.4592,2.6437,2.6576,1.413,1.95,2.074,2.144,0.1,-3.6,49.2,12.4
2023-06-26,1.691,1.8687,1.912,2.2824,2.4723,2.6516,2.6677,1.15,1.867,2.078,2.148,0.1,-3.6,49.2,12.4
2023-06-27,1.678,1.9023,1.952,2.2923,2.4773,2.6591,2.6676,1.112,1.851,2.088,2.155,0.1,-3.6,49.2,12.4
2023-06-28,1.6841,1.8781,1.942,2.2709,2.466,2.6575,2.6651,1.107,1.867,2.096,2.161,0.1,-3.6,49.2,12.4
2023-06-29,1.661,1.8691,1.932,2.2565,2.457,2.6525,2.6526,1.086,1.884,2.098,2.167,0.1,-3.6,49.2,12.4
2023-06-30,1.6535,1.7704,1.8723,2.2253,2.4247,2.6276,2.6351,1.484,2.063,2.099,2.168,0.2,-4.6,48.8,11.6
2023-07-03,1.626,1.7546,1.8425,2.2324,2.4333,2.6327,2.6402,1.056,1.795,2.098,2.165,0.2,-4.6,48.8,11.6
2023-07-04,1.6258,1.7478,1.8326,2.246,2.4436,2.6426,2.6477,1.188,1.758,2.094,2.164,0.2,-4.6,48.8,11.6
2023-07-05,1.6355,1.7339,1.8227,2.241,2.4333,2.6303,2.6402,1.117,1.808,2.09,2.158,0.2,-4.6,48.8,11.6
2023-07-06,1.6754,1.7061,1.8227,2.2423,2.4335,2.6283,2.6392,1.048,1.763,2.086,2.147,0.2,-4.6,48.8,11.6
2023-07-07,1.6542,1.6976,1.8279,2.2411,2.4295,2.6231,2.6403,1.104,1.779,2.084,2.138,0.2,-4.6,48.8,11.6
2023-07-10,1.654,1.696,1.8279,2.2471,2.4395,2.6232,2.6403,1.154,1.726,2.078,2.128,0.2,-4.6,48.8,11.6
2023-07-11,1.6459,1.6627,1.8231,2.2467,2.4343,2.6183,2.6353,1.183,1.744,2.078,2.118,0.2,-4.6,48.8,11.6
2023-07-12,1.6531,1.7304,1.8183,2.2505,2.4369,2.6208,2.6378,1.235,1.781,2.077,2.109,0.2,-4.6,48.8,11.6
2023-07-13,1.6455,1.774,1.8384,2.2563,2.4502,2.6258,2.6413,1.439,1.782,2.078,2.107,0.2,-4.6,48.8,11.6
2023-07-14,1.6619,1.7926,1.8385,2.2488,2.4512,2.626,2.6444,1.332,1.806,2.068,2.101,0.2,-4.6,48.8,11.6
2023-07-17,1.6557,1.7793,1.7635,2.2328,2.4348,2.621,2.6364,1.312,1.86,2.069,2.1,0.2,-4.6,48.8,11.6
2023-07-18,1.6275,1.7793,1.7635,2.2222,2.4248,2.6085,2.6234,1.531,1.892,2.07,2.1,0.2,-4.6,48.8,11.6
2023-07-19,1.628,1.8397,1.7535,2.2199,2.409,2.6099,2.6233,1.65,1.872,2.068,2.1,0.2,-4.6,48.8,11.6
2023-07-20,1.6126,1.8195,1.7485,2.2169,2.4043,2.6052,2.6214,1.558,1.832,2.068,2.1,0.2,-4.6,48.8,11.6
2023-07-21,1.6034,1.8142,1.7385,2.2063,2.392,2.5912,2.6079,1.531,1.826,2.068,2.1,0.2,-4.6,48.8,11.6
2023-07-24,1.6161,1.8082,1.7335,2.2054,2.3873,2.581,2.5934,1.534,1.808,2.0673,2.1,0.2,-4.6,48.8,11.6
2023-07-25,1.6735,1.8478,1.7782,2.2697,2.4627,2.6441,2.663,1.516,1.843,2.066,2.1,0.2,-4.6,48.8,11.6
2023-07-26,1.6506,1.8956,1.7882,2.2477,2.4328,2.6242,2.643,1.459,1.853,2.066,2.099,0.2,-4.6,48.8,11.6
2023-07-27,1.6007,1.855,1.8182,2.2327,2.4232,2.6143,2.6395,1.396,1.818,2.066,2.098,0.2,-4.6,48.8,11.6
2023-07-28,1.6051,1.8449,1.8181,2.2448,2.441,2.6275,2.6533,1.473,1.826,2.066,2.098,0.2,-4.6,48.8,11.6
2023-07-31,1.601,1.7863,1.8102,2.2566,2.4544,2.6373,2.6597,1.847,1.963,2.065,2.097,0.0,-5.4,49.0,11.3
2023-08-01,1.5841,1.7843,1.7751,2.2533,2.4599,2.6393,2.6607,1.558,1.806,2.056,2.098,0.0,-5.4,49.0,11.3
2023-08-02,1.5607,1.7732,1.7663,2.2493,2.4526,2.6304,2.6525,1.301,1.777,2.045,2.098,0.0,-5.4,49.0,11.3
2023-08-03,1.5514,1.7657,1.7421,2.2265,2.4254,2.6202,2.6435,1.083,1.671,2.025,2.092,0.0,-5.4,49.0,11.3
2023-08-04,1.5472,1.7656,1.7511,2.2376,2.428,2.6206,2.6469,1.141,1.64,2.004,2.085,0.0,-5.4,49.0,11.3
2023-08-07,1.537,1.7586,1.7599,2.2512,2.4259,2.6149,2.6462,1.518,1.737,1.988,2.08,0.0,-5.4,49.0,11.3
2023-08-08,1.5644,1.7602,1.7796,2.2495,2.4211,2.6096,2.6454,1.361,1.775,1.968,2.075,0.0,-5.4,49.0,11.3
2023-08-09,1.5451,1.8194,1.8093,2.256,2.4237,2.6142,2.6461,1.541,1.782,1.952,2.074,0.0,-5.4,49.0,11.3
2023-08-10,1.5444,1.8293,1.8265,2.2623,2.429,2.6202,2.6475,1.34,1.758,1.941,2.067,0.0,-5.4,49.0,11.3
2023-08-11,1.5319,1.8186,1.8305,2.2573,2.4216,2.609,2.6381,1.331,1.777,1.921,2.065,0.0,-5.4,49.0,11.3
2023-08-14,1.5257,1.7972,1.8156,2.2416,2.4048,2.5922,2.6212,1.684,1.832,1.908,2.063,0.0,-5.4,49.0,11.3
2023-08-15,1.5027,1.7961,1.8245,2.2247,2.3772,2.5577,2.5759,1.77,1.886,1.885,2.045,0.0,-5.4,49.0,11.3
2023-08-16,1.565,1.7953,1.8375,2.2108,2.365,2.5498,2.5649,1.833,1.831,1.876,2.04,0.0,-5.4,49.0,11.3
2023-08-17,1.619,1.7955,1.8397,2.2081,2.3703,2.5533,2.5678,1.842,1.868,1.874,2.03,0.0,-5.4,49.0,11.3
2023-08-18,1.6119,1.8142,1.8323,2.1984,2.3657,2.5454,2.5639,1.946,1.886,1.863,2.026,0.0,-5.4,49.0,11.3
2023-08-21,1.6061,1.8344,1.8705,2.1942,2.3456,2.5156,2.5403,1.937,1.875,1.857,2.024,0.0,-5.4,49.0,11.3
2023-08-22,1.6066,1.8236,1.899,2.207,2.3636,2.5317,2.5564,1.818,1.824,1.855,2.019,0.0,-5.4,49.0,11.3
2023-08-23,1.5907,1.83,1.8964,2.2047,2.3665,2.5271,2.5535,1.738,1.81,1.855,2.016,0.0,-5.4,49.0,11.3
2023-08-24,1.5715,1.8231,1.8772,2.2025,2.3653,2.5315,2.5543,1.569,1.795,1.854,2.016,0.0,-5.4,49.0,11.3
2023-08-25,1.5725,1.8355,1.8951,2.2226,2.3877,2.5488,2.5702,1.819,1.896,1.851,2.014,0.0,-5.4,49.0,11.3
2023-08-28,1.6416,1.9124,1.9245,2.2483,2.4075,2.5638,2.5837,1.91,2.056,1.869,2.02,0.0,-5.4,49.0,11.3
2023-08-29,1.7053,1.996,1.9902,2.2634,2.4203,2.57,2.57,1.973,2.091,1.88,2.028,0.0,-5.4,49.0,11.3
2023-08-30,1.7102,1.9799,1.9392,2.2288,2.3989,2.56,2.56,1.911,2.235,1.902,2.036,0.0,-5.4,49.0,11.3
2023-08-31,1.7009,1.91,1.9051,2.2215,2.3996,2.5575,2.5575,1.865,2.103,1.913,2.043,-0.3,-4.4,49.3,10.7
2023-09-01,1.6514,1.9596,1.9578,2.244,2.4382,2.5949,2.585,1.677,1.814,1.91,2.044,-0.3,-4.4,49.3,10.7
2023-09-04,1.6526,1.9795,1.9822,2.2752,2.4691,2.6249,2.6124,1.528,1.728,1.911,2.044,-0.3,-4.4,49.3,10.7
2023-09-05,1.6186,1.9587,1.9929,2.2704,2.4697,2.6224,2.615,1.39,1.733,1.911,2.046,-0.3,-4.4,49.3,10.7
2023-09-06,1.6009,2.0097,2.0801,2.3205,2.5039,2.6499,2.6375,1.493,1.795,1.914,2.052,-0.3,-4.4,49.3,10.7
2023-09-07,1.6508,2.0596,2.0874,2.3254,2.4986,2.6498,2.635,1.84,1.904,1.93,2.067,-0.3,-4.4,49.3,10.7
2023-09-08,1.6601,2.0695,2.0952,2.3337,2.493,2.6474,2.6375,1.893,1.835,1.945,2.081,-0.3,-4.4,49.3,10.7
2023-09-11,1.7451,2.1011,2.1352,2.3455,2.493,2.6448,2.63,1.906,1.955,1.968,2.094,-0.3,-4.4,49.3,10.7
2023-09-12,1.7651,2.0935,2.1252,2.3423,2.4808,2.6408,2.623,1.834,1.931,1.999,2.104,-0.3,-4.4,49.3,10.7
2023-09-13,1.8029,2.0819,2.1027,2.323,2.4685,2.6249,2.615,1.524,1.874,2.027,2.117,-0.3,-4.4,49.3,10.7
2023-09-14,1.8015,2.09,2.1027,2.3421,2.462,2.6174,2.6075,1.766,1.917,2.056,2.144,-0.3,-4.4,49.3,10.7
2023-09-15,1.8023,2.0969,2.1327,2.349,2.4939,2.6474,2.64,1.763,1.9,2.083,2.165,-0.3,-4.4,49.3,10.7
2023-09-18,1.806,2.1167,2.1727,2.3854,2.5126,2.6499,2.65,1.912,1.891,2.11,2.194,-0.3,-4.4,49.3,10.7
2023-09-19,1.8171,2.1219,2.1877,2.3882,2.5234,2.6625,2.6625,1.837,1.925,2.126,2.221,-0.3,-4.4,49.3,10.7
2023-09-20,1.8507,2.143,2.2077,2.3871,2.5211,2.6675,2.665,2.038,1.961,2.157,2.243,-0.3,-4.4,49.3,10.7
2023-09-21,1.8613,2.131,2.1877,2.3696,2.5092,2.655,2.6576,1.884,1.951,2.192,2.26,-0.3,-4.4,49.3,10.7
2023-09-22,1.8529,2.1686,2.1977,2.3907,2.5296,2.68,2.6776,1.727,1.988,2.211,2.273,-0.3,-4.4,49.3,10.7
2023-09-25,1.9096,2.1755,2.2127,2.4002,2.5511,2.7,2.6976,1.694,2.005,2.229,2.282,-0.3,-4.4,49.3,10.7
2023-09-26,2.0584,2.2665,2.2327,2.4152,2.5491,2.7,2.6951,1.741,1.969,2.26,2.294,-0.3,-4.4,49.3,10.7
2023-09-27,2.1032,2.2889,2.2077,2.4059,2.5354,2.6975,2.6877,1.706,1.848,2.278,2.303,-0.3,-4.4,49.3,10.7
2023-09-28,2.0009,2.1998,2.1677,2.3713,2.5256,2.6775,2.6751,2.155,2.195,2.285,2.302,-0.3,-4.4,49.3,10.7
2023-10-07,1.8109,2.0903,2.1477,2.3702,2.5175,2.6603,2.6651,1.701,1.831,2.272,2.3,0.1,-3.0,49.7,10.6
2023-10-08,1.7658,2.065,2.1377,2.3677,2.5178,2.6602,2.6626,1.597,1.764,2.264,2.3,0.1,-3.0,49.7,10.6
2023-10-09,1.782,2.1099,2.1577,2.3968,2.5352,2.6607,2.6702,1.73,1.801,2.236,2.3,0.1,-3.0,49.7,10.6
2023-10-10,1.8133,2.16,2.1977,2.4389,2.555,2.6825,2.6811,1.827,1.861,2.237,2.302,0.1,-3.0,49.7,10.6
2023-10-11,1.8633,2.1936,2.2377,2.4901,2.5899,2.705,2.6976,1.864,1.895,2.236,2.304,0.1,-3.0,49.7,10.6
2023-10-12,1.8657,2.1842,2.1977,2.4687,2.5803,2.7,2.6911,1.81,1.889,2.234,2.305,0.1,-3.0,49.7,10.6
2023-10-13,1.8957,2.1792,2.1777,2.451,2.5528,2.6825,2.6702,1.741,1.893,2.229,2.308,0.1,-3.0,49.7,10.6
2023-10-16,1.9357,2.189,2.1877,2.4758,2.5629,2.6973,2.6777,1.722,1.793,2.223,2.309,0.1,-3.0,49.7,10.6
2023-10-17,1.9852,2.1986,2.2227,2.487,2.573,2.7025,2.6882,1.814,1.844,2.218,2.313,0.1,-3.0,49.7,10.6
2023-10-18,2.0402,2.2278,2.2457,2.5117,2.6029,2.715,2.7052,1.835,1.899,2.219,2.321,0.1,-3.0,49.7,10.6
2023-10-19,2.1302,2.2689,2.2907,2.5348,2.6205,2.7275,2.7177,1.859,1.929,2.226,2.333,0.1,-3.0,49.7,10.6
2023-10-20,2.1802,2.2888,2.3107,2.501,2.5982,2.715,2.7052,1.907,2.103,2.235,2.34,0.1,-3.0,49.7,10.6
2023-10-23,2.1802,2.2688,2.3007,2.4895,2.5887,2.7125,2.7047,1.931,1.933,2.245,2.35,0.1,-3.0,49.7,10.6
2023-10-24,2.2052,2.2973,2.3257,2.495,2.5862,2.725,2.7177,1.877,1.988,2.256,2.364,0.1,-3.0,49.7,10.6
2023-10-25,2.3048,2.3597,2.2838,2.4484,2.5515,2.7075,2.7052,1.952,2.006,2.266,2.378,0.1,-3.0,49.7,10.6
2023-10-26,2.3045,2.3794,2.2838,2.4646,2.5667,2.7175,2.7152,1.65,2.045,2.268,2.39,0.1,-3.0,49.7,10.6
2023-10-27,2.3027,2.3789,2.2807,2.448,2.5518,2.7103,2.7133,1.626,2.053,2.269,2.399,0.1,-3.0,49.7,10.6
2023-10-30,2.2905,2.358,2.2251,2.4337,2.5526,2.7105,2.7141,1.695,2.041,2.271,2.406,0.1,-3.0,49.7,10.6
2023-10-31,2.2929,2.3578,2.2051,2.4301,2.5325,2.6878,2.6938,1.75,1.965,2.268,2.415,0.0,-2.5,50.2,10.3
2023-11-01,2.3114,2.3846,2.2501,2.4376,2.5299,2.6815,2.6853,1.789,1.889,2.265,2.421,0.0,-2.5,50.2,10.3
2023-11-02,2.2867,2.3392,2.2151,2.4077,2.4975,2.655,2.6553,1.494,1.837,2.262,2.426,0.0,-2.5,50.2,10.3
2023-11-03,2.2785,2.3289,2.2202,2.4225,2.5177,2.6635,2.6613,1.623,1.742,2.25,2.43,0.0,-2.5,50.2,10.3
2023-11-06,2.2798,2.3277,2.2303,2.4249,2.5181,2.66,2.6554,1.579,1.752,2.249,2.438,0.0,-2.5,50.2,10.3
2023-11-07,2.2904,2.3476,2.2505,2.4454,2.5329,2.6699,2.6632,1.637,1.817,2.245,2.445,0.0,-2.5,50.2,10.3
2023-11-08,2.3189,2.3583,2.2479,2.4385,2.5211,2.6529,2.6464,1.73,1.822,2.24,2.449,0.0,-2.5,50.2,10.3
2023-11-09,2.316,2.3572,2.2406,2.4474,2.5204,2.655,2.6494,1.647,1.824,2.236,2.45,0.0,-2.5,50.2,10.3
2023-11-10,2.3276,2.3668,2.2306,2.4365,2.5029,2.6475,2.6444,1.701,1.826,2.235,2.451,0.0,-2.5,50.2,10.3
2023-11-13,2.3116,2.3554,2.2059,2.4237,2.4909,2.646,2.6454,1.754,1.84,2.234,2.451,0.0,-2.5,50.2,10.3
2023-11-14,2.3167,2.3498,2.1713,2.4263,2.5039,2.6575,2.6573,1.913,1.967,2.234,2.452,0.0,-2.5,50.2,10.3
2023-11-15,2.3194,2.3646,2.1613,2.4063,2.5021,2.6613,2.6633,1.863,1.896,2.227,2.453,0.0,-2.5,50.2,10.3
2023-11-16,2.3141,2.3645,2.1415,2.3938,2.5027,2.6517,2.6558,1.907,1.951,2.229,2.457,0.0,-2.5,50.2,10.3
2023-11-17,2.3118,2.3592,2.1221,2.3852,2.5058,2.647,2.6524,1.8822,1.9622,2.23,2.4611,0.0,-2.5,50.2,10.3
2023-11-20,2.3075,2.3633,2.1477,2.403,2.5243,2.6539,2.6584,1.897,1.962,2.223,2.461,0.0,-2.5,50.2,10.3
2023-11-21,2.319,2.378,2.2024,2.4331,2.545,2.6614,2.6684,1.89,1.961,2.221,2.461,0.0,-2.5,50.2,10.3
2023-11-22,2.3756,2.4049,2.3112,2.4559,2.5661,2.6783,2.6823,1.899,1.997,2.224,2.462,0.0,-2.5,50.2,10.3
2023-11-23,2.3605,2.4196,2.3264,2.4861,2.5837,2.6987,2.7023,1.896,1.949,2.226,2.462,0.0,-2.5,50.2,10.3
2023-11-24,2.3607,2.4196,2.3317,2.4911,2.5961,2.703,2.7053,1.837,2.195,2.236,2.462,0.0,-2.5,50.2,10.3
2023-11-27,2.3715,2.439,2.3889,2.5037,2.6012,2.7093,2.7108,1.809,2.094,2.255,2.463,0.0,-2.5,50.2,10.3
2023-11-28,2.3767,2.4392,2.3564,2.4817,2.5762,2.6834,2.6898,1.711,2.051,2.267,2.465,0.0,-2.5,50.2,10.3
2023-11-29,2.455,2.4375,2.3566,2.4842,2.584,2.6792,2.6826,1.608,2.076,2.279,2.481,0.0,-2.5,50.2,10.3
2023-11-30,2.3874,2.3606,2.3367,2.4721,2.5691,2.6664,2.668,1.858,2.166,2.297,2.493,-0.2,-2.6,49.5,10.3
2023-12-01,2.3941,2.3704,2.3439,2.4725,2.5665,2.6588,2.6625,1.618,1.795,2.302,2.503,-0.2,-2.6,49.5,10.3
2023-12-04,2.4115,2.433,2.3769,2.4947,2.592,2.675,2.6725,1.724,1.759,2.308,2.519,-0.2,-2.6,49.5,10.3
2023-12-05,2.4111,2.448,2.3817,2.4924,2.5843,2.665,2.665,1.714,1.816,2.327,2.533,-0.2,-2.6,49.5,10.3
2023-12-06,2.4762,2.4898,2.3971,2.5102,2.5952,2.6705,2.6725,1.606,1.763,2.34,2.537,-0.2,-2.6,49.5,10.3
2023-12-07,2.4413,2.4698,2.3816,2.4773,2.5644,2.6576,2.664,1.619,1.755,2.354,2.554,-0.2,-2.6,49.5,10.3
2023-12-08,2.419,2.4593,2.3791,2.4724,2.557,2.6575,2.6636,1.63,1.798,2.372,2.564,-0.2,-2.6,49.5,10.3
2023-12-11,2.4196,2.4543,2.3816,2.4649,2.5427,2.6353,2.644,1.755,1.855,2.411,2.572,-0.2,-2.6,49.5,10.3
2023-12-12,2.4238,2.459,2.3826,2.4622,2.5342,2.6335,2.6375,1.761,1.839,2.439,2.585,-0.2,-2.6,49.5,10.3
2023-12-13,2.405,2.4041,2.3526,2.4279,2.5136,2.6106,2.6226,1.634,1.789,2.445,2.593,-0.2,-2.6,49.5,10.3
2023-12-14,2.3601,2.379,2.3351,2.4188,2.5188,2.6217,2.6376,1.628,1.763,2.451,2.597,-0.2,-2.6,49.5,10.3
2023-12-15,2.3041,2.3293,2.3076,2.3915,2.4916,2.6032,2.6227,1.594,1.753,2.454,2.601,-0.2,-2.6,49.5,10.3
2023-12-18,2.2998,2.2883,2.2951,2.3901,2.4867,2.6002,2.6126,1.623,1.818,2.464,2.603,-0.2,-2.6,49.5,10.3
2023-12-19,2.2653,2.2814,2.3001,2.4148,2.5088,2.6052,2.6191,1.57,1.767,2.468,2.601,-0.2,-2.6,49.5,10.3
2023-12-20,2.2418,2.2845,2.3051,2.4142,2.5197,2.6068,2.6222,1.592,1.784,2.472,2.601,-0.2,-2.6,49.5,10.3
2023-12-21,2.22,2.27,2.2801,2.3948,2.4783,2.5753,2.5901,1.711,1.801,2.491,2.604,-0.2,-2.6,49.5,10.3
2023-12-22,2.2206,2.2415,2.2526,2.3726,2.4562,2.5698,2.5877,1.616,1.762,2.501,2.604,-0.2,-2.6,49.5,10.3
2023-12-25,2.1506,2.2269,2.2246,2.335,2.4172,2.5453,2.5678,1.592,1.822,2.506,2.601,-0.2,-2.6,49.5,10.3
2023-12-26,2.1181,2.16,2.2046,2.2945,2.4123,2.5503,2.5804,1.494,1.844,2.509,2.6,-0.2,-2.6,49.5,10.3
2023-12-27,1.9545,2.1,2.1546,2.2597,2.3836,2.5401,2.5577,1.467,1.864,2.506,2.59,-0.2,-2.6,49.5,10.3
2023-12-28,1.9007,2.06,2.1196,2.2876,2.4081,2.5427,2.5694,1.429,1.937,2.499,2.556,-0.2,-2.6,49.5,10.3
2023-12-29,1.8017,2.06,2.0796,2.2894,2.4001,2.5328,2.5553,1.746,1.867,2.482,2.53,-0.2,-2.6,49.5,10.3
2023-12-31,1.8017,2.06,2.0796,2.2894,2.4001,2.5328,2.5553,,,,,-0.5,-3.0,49.4,10.0
2024-01-02,1.8057,2.082,2.1166,2.342,2.4374,2.56,2.5601,1.586,1.786,2.398,2.45,-0.5,-3.0,49.4,10.0
2024-01-03,1.8091,2.0998,2.1416,2.3381,2.4212,2.5452,2.5531,1.604,1.805,2.354,2.423,-0.5,-3.0,49.4,10.0
2024-01-04,1.8406,2.1212,2.1541,2.3269,2.4089,2.535,2.5368,1.589,1.783,2.329,2.399,-0.5,-3.0,49.4,10.0
2024-01-05,1.8025,2.0815,2.1091,2.2931,2.3903,2.5175,2.5175,1.588,1.77,2.32,2.396,-0.5,-3.0,49.4,10.0
2024-01-08,1.8125,2.0682,2.1191,2.3083,2.408,2.5175,2.5136,1.585,1.772,2.312,2.396,-0.5,-3.0,49.4,10.0
2024-01-09,1.8208,2.0891,2.0991,2.2909,2.3905,2.495,2.4862,1.582,1.79,2.304,2.397,-0.5,-3.0,49.4,10.0
2024-01-10,1.8196,2.08,2.1091,2.2973,2.4062,2.502,2.4982,1.588,1.797,2.298,2.4,-0.5,-3.0,49.4,10.0
2024-01-11,1.8296,2.0791,2.0941,2.2942,2.4042,2.5026,2.4992,1.627,1.799,2.296,2.4,-0.5,-3.0,49.4,10.0
2024-01-12,1.8308,2.079,2.0941,2.2941,2.4156,2.52,2.5172,1.678,1.846,2.297,2.4,-0.5,-3.0,49.4,10.0
2024-01-15,1.8508,2.07,2.0991,2.3008,2.4256,2.525,2.5212,1.677,1.862,2.297,2.4,-0.5,-3.0,49.4,10.0
2024-01-16,1.8708,2.08,2.1091,2.315,2.4406,2.525,2.5252,1.745,1.934,2.3,2.401,-0.5,-3.0,49.4,10.0
2024-01-17,2.0057,2.075,2.1041,2.3055,2.4003,2.512,2.5077,1.832,1.943,2.3,2.402,-0.5,-3.0,49.4,10.0
2024-01-18,2.0073,2.07,2.0991,2.3072,2.3954,2.5135,2.5092,1.734,1.819,2.3,2.4,-0.5,-3.0,49.4,10.0
2024-01-19,1.9792,2.0487,2.0841,2.2901,2.378,2.505,2.5027,1.724,1.831,2.3,2.4,-0.5,-3.0,49.4,10.0
2024-01-22,1.9866,2.0407,2.0813,2.2813,2.3709,2.4902,2.4922,1.76,1.844,2.3,2.4,-0.5,-3.0,49.4,10.0
2024-01-23,1.9787,2.0382,2.0841,2.2975,2.3835,2.504,2.5042,1.76,1.807,2.3,2.4,-0.5,-3.0,49.4,10.0
2024-01-24,1.9787,2.0274,2.0691,2.2675,2.3713,2.505,2.5042,1.808,1.84,2.3,2.4,-0.5,-3.0,49.4,10.0
2024-01-25,1.955,1.9962,2.0342,2.2358,2.3314,2.4815,2.4984,1.844,1.872,2.3,2.4,-0.5,-3.0,49.4,10.0
2024-01-26,1.9042,1.9865,2.0229,2.2391,2.3441,2.4839,2.4994,1.82,1.899,2.301,2.4,-0.5,-3.0,49.4,10.0
2024-01-29,1.862,1.9498,1.9401,2.2158,2.3222,2.474,2.494,1.731,1.863,2.302,2.4,-0.5,-3.0,49.4,10.0
2024-01-30,1.8096,1.8725,1.8751,2.1721,2.2849,2.4324,2.4557,1.618,1.959,2.3,2.398,-0.5,-3.0,49.4,10.0
2024-01-31,1.791,1.8706,1.8802,2.193,2.2872,2.4167,2.433,1.708,1.829,2.282,2.388,-0.3,-2.7,49.0,9.7
2024-02-01,1.7753,1.8572,1.8802,2.2107,2.3048,2.4215,2.4354,1.676,1.809,2.262,2.375,-0.3,-2.7,49.0,9.7
2024-02-02,1.7718,1.8782,1.8903,2.1886,2.2799,2.4115,2.4244,1.719,1.846,2.252,2.369,-0.3,-2.7,49.0,9.7
2024-02-04,1.7718,1.8738,1.8803,2.1743,2.2728,2.3961,2.4053,1.711,1.958,2.239,2.363,-0.3,-2.7,49.0,9.7
2024-02-05,1.7505,1.8445,1.8829,2.1887,2.2751,2.3978,2.4002,1.68,1.946,2.227,2.35,-0.3,-2.7,49.0,9.7
2024-02-06,1.7558,1.8518,1.9269,2.2405,2.3329,2.4503,2.4525,1.727,1.966,2.224,2.345,-0.3,-2.7,49.0,9.7
2024-02-07,1.744,1.8511,1.9287,2.1864,2.2985,2.415,2.4153,1.716,1.947,2.219,2.342,-0.3,-2.7,49.0,9.7
2024-02-08,1.7277,1.8541,1.9265,2.1891,2.2885,2.4353,2.4379,1.697,1.791,2.213,2.334,-0.3,-2.7,49.0,9.7
2024-02-09,1.7127,1.8481,1.9265,2.1891,2.2885,2.43,2.4302,1.853,1.857,2.21,2.33,-0.3,-2.7,49.0,9.7
2024-02-18,1.687,1.8593,1.9292,2.1884,2.2972,2.4356,2.4393,1.699,1.817,2.2,2.318,-0.3,-2.7,49.0,9.7
2024-02-19,1.6713,1.8779,1.9157,2.1909,2.3058,2.4263,2.4344,1.607,1.785,2.186,2.303,-0.3,-2.7,49.0,9.7
2024-02-20,1.6632,1.7937,1.8649,2.1634,2.2759,2.4041,2.4134,1.63,1.787,2.166,2.27,-0.3,-2.7,49.0,9.7
2024-02-21,1.6017,1.7497,1.8149,2.1634,2.2683,2.4018,2.4119,1.698,1.819,2.145,2.243,-0.3,-2.7,49.0,9.7
2024-02-22,1.6052,1.744,1.7731,2.1284,2.2439,2.3835,2.4033,1.635,1.815,2.132,2.219,-0.3,-2.7,49.0,9.7
2024-02-23,1.5512,1.7215,1.7699,2.1234,2.2495,2.381,2.4009,1.747,1.816,2.122,2.214,-0.3,-2.7,49.0,9.7
2024-02-26,1.5512,1.7129,1.767,2.1134,2.2244,2.3629,2.3789,1.779,1.883,2.116,2.208,-0.3,-2.7,49.0,9.7
2024-02-27,1.5855,1.6785,1.7739,2.1334,2.2419,2.3675,2.3809,1.819,1.904,2.107,2.204,-0.3,-2.7,49.0,9.7
2024-02-28,1.6625,1.7031,1.7863,2.1103,2.2223,2.34,2.3376,1.7056,1.8178,2.1033,2.1989,-0.3,-2.7,49.0,9.7
2024-02-29,1.6454,1.6939,1.7871,2.1005,2.2178,2.34,2.3375,1.639,1.775,2.099,2.193,-0.8,-2.5,49.2,8.7
2024-03-01,1.628,1.6885,1.7833,2.1405,2.2632,2.3799,2.3675,1.694,1.806,2.088,2.182,-0.8,-2.5,49.2,8.7
2024-03-04,1.6055,1.6643,1.7612,2.123,2.2489,2.3569,2.3475,1.711,1.811,2.086,2.171,-0.8,-2.5,49.2,8.7
2024-03-05,1.5955,1.7017,1.7732,2.1108,2.2285,2.3358,2.3169,1.719,1.855,2.086,2.167,-0.8,-2.5,49.2,8.7
2024-03-06,1.6006,1.7026,1.7574,2.0708,2.1675,2.2828,2.265,1.713,1.822,2.088,2.165,-0.8,-2.5,49.2,8.7
2024-03-07,1.5809,1.6528,1.7578,2.0857,2.1959,2.2973,2.2776,1.713,1.827,2.088,2.164,-0.8,-2.5,49.2,8.7
2024-03-08,1.5819,1.6641,1.7525,2.0906,2.2089,2.3023,2.2825,1.72,1.848,2.087,2.16,-0.8,-2.5,49.2,8.7
2024-03-11,1.6056,1.6655,1.7575,2.111,2.232,2.3198,2.305,1.731,1.853,2.086,2.159,-0.8,-2.5,49.2,8.7
2024-03-12,1.5931,1.6673,1.7975,2.1517,2.2716,2.3598,2.3476,1.721,1.853,2.091,2.158,-0.8,-2.5,49.2,8.7
2024-03-13,1.6237,1.6762,1.8175,2.1548,2.2587,2.3448,2.3326,1.735,1.882,2.095,2.159,-0.8,-2.5,49.2,8.7
2024-03-14,1.6437,1.6969,1.8475,2.1528,2.2595,2.3672,2.3425,1.746,1.88,2.1,2.161,-0.8,-2.5,49.2,8.7
2024-03-15,1.6537,1.6907,1.8325,2.1276,2.2428,2.3496,2.32,1.766,1.89,2.101,2.163,-0.8,-2.5,49.2,8.7
2024-03-18,1.6724,1.6813,1.7825,2.0812,2.2168,2.3294,2.2926,1.746,1.854,2.106,2.163,-0.8,-2.5,49.2,8.7
2024-03-19,1.6739,1.6873,1.7725,2.0742,2.2074,2.3154,2.2801,1.754,1.87,2.117,2.163,-0.8,-2.5,49.2,8.7
2024-03-20,1.6658,1.6835,1.7725,2.0828,2.2233,2.3369,2.2951,1.765,1.844,2.123,2.16,-0.8,-2.5,49.2,8.7
2024-03-21,1.6412,1.7004,1.7625,2.063,2.2036,2.322,2.2851,1.771,1.834,2.126,2.162,-0.8,-2.5,49.2,8.7
2024-03-22,1.6403,1.6952,1.7625,2.0695,2.2143,2.337,2.3051,1.772,1.845,2.13,2.163,-0.8,-2.5,49.2,8.7
2024-03-25,1.65,1.7073,1.7875,2.0793,2.2281,2.3543,2.3151,1.774,1.898,2.135,2.159,-0.8,-2.5,49.2,8.7
2024-03-26,1.6365,1.6829,1.79,2.08,2.2279,2.3593,2.3175,1.77,1.957,2.137,2.16,-0.8,-2.5,49.2,8.7
2024-03-27,1.6408,1.6679,1.7525,2.0545,2.1948,2.32,2.2876,1.77,1.972,2.141,2.159,-0.8,-2.5,49.2,8.7
2024-03-28,1.6411,1.6685,1.7525,2.0549,2.2112,2.33,2.3026,1.734,1.948,2.143,2.156,-0.8,-2.5,49.2,8.7
2024-03-29,1.6414,1.6591,1.7225,2.0315,2.1974,2.3175,2.2901,1.718,1.967,2.14,2.156,-0.8,-2.5,49.2,8.7
2024-04-01,1.6333,1.6464,1.7425,2.0643,2.2172,2.3375,2.3082,1.728,1.857,2.128,2.157,0.7,-2.7,49.1,8.7
2024-04-02,1.6202,1.6329,1.7275,2.0553,2.1967,2.3225,2.2927,1.704,1.833,2.11,2.151,0.7,-2.7,49.1,8.7
2024-04-03,1.6122,1.6249,1.7225,2.0428,2.1897,2.31,2.2837,1.685,1.821,2.097,2.143,0.7,-2.7,49.1,8.7
2024-04-07,1.6102,1.6189,1.7225,2.0446,2.1946,2.3175,2.2937,1.708,1.805,2.082,2.141,0.7,-2.7,49.1,8.7
2024-04-08,1.5892,1.5988,1.7025,2.02,2.169,2.3,2.2822,1.711,1.815,2.062,2.133,0.7,-2.7,49.1,8.7
2024-04-09,1.5792,1.5848,1.6925,2.0183,2.1533,2.295,2.2802,1.718,1.816,2.05,2.12,0.7,-2.7,49.1,8.7
2024-04-10,1.5601,1.6148,1.7033,2.0187,2.1591,2.3025,2.2972,1.722,1.817,2.049,2.117,0.7,-2.7,49.1,8.7
2024-04-11,1.5501,1.6084,1.7033,2.0164,2.1378,2.2901,2.2928,1.721,1.815,2.039,2.105,0.7,-2.7,49.1,8.7
2024-04-12,1.5502,1.6051,1.6958,1.9925,2.1119,2.2583,2.2837,1.717,1.82,2.025,2.09,0.7,-2.7,49.1,8.7
2024-04-15,1.5407,1.6051,1.7033,2.0135,2.1263,2.254,2.2798,1.716,1.797,2.012,2.071,0.7,-2.7,49.1,8.7
2024-04-16,1.541,1.6156,1.7233,2.0212,2.1288,2.2447,2.2723,1.715,1.805,2.005,2.058,0.7,-2.7,49.1,8.7
2024-04-17,1.5461,1.6384,1.7133,2.0161,2.1053,2.2366,2.2608,1.723,1.816,2.0,2.049,0.7,-2.7,49.1,8.7
2024-04-18,1.5459,1.6317,1.6983,1.9935,2.0804,2.2315,2.2537,1.776,1.836,1.996,2.041,0.7,-2.7,49.1,8.7
2024-04-19,1.5529,1.6331,1.6933,1.9931,2.0755,2.2241,2.254,1.797,1.87,1.989,2.035,0.7,-2.7,49.1,8.7
2024-04-22,1.5723,1.6231,1.6833,1.9774,2.0735,2.2125,2.2435,1.78,1.831,1.972,2.027,0.7,-2.7,49.1,8.7
2024-04-23,1.5813,1.6151,1.6633,1.9457,2.0563,2.195,2.226,1.788,1.824,1.963,2.018,0.7,-2.7,49.1,8.7
2024-04-24,1.6228,1.66,1.6696,1.9853,2.0965,2.2449,2.2727,1.784,1.855,1.959,2.014,0.7,-2.7,49.1,8.7
2024-04-25,1.5803,1.6597,1.6046,1.9443,2.0668,2.2242,2.2612,1.846,1.885,1.956,1.999,0.7,-2.7,49.1,8.7
2024-04-26,1.6103,1.6599,1.6646,1.9981,2.1245,2.2778,2.3084,1.879,1.912,1.952,1.993,0.7,-2.7,49.1,8.7
2024-04-28,1.6219,1.66,1.6932,2.0333,2.1575,2.309,2.3244,1.806,1.951,1.95,1.994,0.7,-2.7,49.1,8.7
2024-04-29,1.6342,1.6627,1.7831,2.0647,2.1876,2.3344,2.353,1.823,2.08,1.962,2.005,0.7,-2.7,49.1,8.7
2024-04-30,1.5342,1.6596,1.6928,1.9836,2.1484,2.2822,2.3028,1.921,2.109,1.961,2.002,0.1,-2.8,50.8,8.3
2024-05-06,1.6485,1.6584,1.7022,1.9819,2.1268,2.2786,2.3081,1.777,1.874,1.958,2.001,0.1,-2.8,50.8,8.3
2024-05-07,1.6442,1.6675,1.7028,1.96,2.0994,2.2521,2.2896,1.744,1.845,1.951,1.996,0.1,-2.8,50.8,8.3
2024-05-08,1.632,1.6868,1.7071,1.9797,2.1068,2.2595,2.2955,1.837,1.867,1.945,1.99,0.1,-2.8,50.8,8.3
2024-05-09,1.6202,1.6673,1.7205,2.0084,2.1295,2.2889,2.3186,1.727,1.822,1.943,1.991,0.1,-2.8,50.8,8.3
2024-05-10,1.6199,1.6665,1.7044,1.993,2.1301,2.2816,2.3122,1.733,1.836,1.94,1.989,0.1,-2.8,50.8,8.3
2024-05-11,1.6277,1.6645,1.7092,2.009,2.1556,2.3087,2.3361,1.724,1.85,1.941,1.988,0.1,-2.8,50.8,8.3
2024-05-13,1.5816,1.6172,1.6417,1.9517,2.096,2.2638,2.29,1.781,1.836,1.931,1.983,0.1,-2.8,50.8,8.3
2024-05-14,1.5714,1.5837,1.6132,1.9482,2.086,2.2564,2.2938,1.769,1.837,1.927,1.977,0.1,-2.8,50.8,8.3
2024-05-15,1.5811,1.6,1.6134,1.9446,2.0916,2.261,2.302,1.727,1.808,1.923,1.975,0.1,-2.8,50.8,8.3
2024-05-16,1.57,1.5905,1.628,1.9696,2.1035,2.278,2.3147,1.724,1.801,1.911,1.969,0.1,-2.8,50.8,8.3
2024-05-17,1.6003,1.6025,1.6073,1.9206,2.0928,2.2707,2.3077,1.719,1.808,1.907,1.963,0.1,-2.8,50.8,8.3
2024-05-20,1.5361,1.5629,1.6136,1.9315,2.0983,2.2714,2.3105,1.719,1.803,1.905,1.958,0.1,-2.8,50.8,8.3
2024-05-21,1.5323,1.5741,1.6129,1.952,2.1028,2.2741,2.3141,1.758,1.847,1.906,1.958,0.1,-2.8,50.8,8.3
2024-05-22,1.5516,1.5711,1.6052,1.9372,2.0959,2.2697,2.3123,1.779,1.838,1.908,1.958,0.1,-2.8,50.8,8.3
2024-05-23,1.5608,1.5683,1.6085,1.9327,2.0884,2.2546,2.3063,1.769,1.829,1.905,1.957,0.1,-2.8,50.8,8.3
2024-05-24,1.5606,1.5823,1.6375,1.943,2.096,2.2613,2.3134,1.766,1.818,1.905,1.958,0.1,-2.8,50.8,8.3
2024-05-27,1.5513,1.61,1.6612,1.954,2.0961,2.2566,2.3084,1.767,1.888,1.904,1.958,0.1,-2.8,50.8,8.3
2024-05-28,1.5413,1.6048,1.6552,1.9391,2.0871,2.2468,2.2994,1.81,1.885,1.905,1.957,0.1,-2.8,50.8,8.3
2024-05-29,1.5632,1.6037,1.6567,1.9295,2.0848,2.2438,2.2776,1.849,1.897,1.905,1.957,0.1,-2.8,50.8,8.3
2024-05-30,1.5616,1.6039,1.6531,1.9275,2.0862,2.2446,2.2826,1.746,1.903,1.906,1.957,0.1,-2.8,50.8,8.3
2024-05-31,1.5428,1.6099,1.6444,1.936,2.085,2.2526,2.2926,1.805,1.851,1.907,1.955,0.3,-2.5,50.4,7.2
2024-06-03,1.5051,1.5856,1.6457,1.9324,2.0699,2.2328,2.2853,1.723,1.811,1.905,1.953,0.3,-2.5,50.4,7.2
2024-06-04,1.5435,1.5793,1.6461,1.9197,2.0708,2.2308,2.2854,1.663,1.785,1.9,1.949,0.3,-2.5,50.4,7.2
2024-06-05,1.4956,1.5654,1.6319,1.8969,2.0573,2.2093,2.2808,1.664,1.776,1.899,1.948,0.3,-2.5,50.4,7.2
2024-06-06,1.4817,1.5447,1.6105,1.8922,2.0595,2.2136,2.2828,1.656,1.78,1.897,1.948,0.3,-2.5,50.4,7.2
2024-06-07,1.4818,1.5397,1.604,1.8932,2.0598,2.2156,2.2833,1.719,1.751,1.898,1.949,0.3,-2.5,50.4,7.2
2024-06-11,1.4901,1.5463,1.599,1.8923,2.0555,2.2113,2.2791,1.679,1.802,1.9,1.947,0.3,-2.5,50.4,7.2
2024-06-12,1.5001,1.553,1.599,1.8976,2.0634,2.2152,2.276,1.68,1.796,1.898,1.943,0.3,-2.5,50.4,7.2
2024-06-13,1.5514,1.5704,1.597,1.9024,2.0655,2.2144,2.2678,1.723,1.817,1.9,1.94,0.3,-2.5,50.4,7.2
2024-06-14,1.5414,1.5734,1.594,1.8953,2.0588,2.2062,2.2558,1.732,1.813,1.9,1.939,0.3,-2.5,50.4,7.2
2024-06-17,1.5376,1.5724,1.604,1.9109,2.0659,2.2116,2.2609,1.783,1.862,1.898,1.935,0.3,-2.5,50.4,7.2
2024-06-18,1.5204,1.5632,1.604,1.9039,2.0568,2.198,2.2537,1.829,1.882,1.9,1.934,0.3,-2.5,50.4,7.2
2024-06-19,1.5227,1.5638,1.599,1.8776,2.0236,2.1683,2.2429,1.853,1.861,1.9,1.929,0.3,-2.5,50.4,7.2
2024-06-20,1.5068,1.5545,1.599,1.8823,2.0289,2.1706,2.2445,1.877,1.89,1.9,1.927,0.3,-2.5,50.4,7.2
2024-06-21,1.5007,1.5445,1.5915,1.8969,2.039,2.1819,2.2571,1.96,1.939,1.9,1.923,0.3,-2.5,50.4,7.2
2024-06-24,1.473,1.539,1.5915,1.8805,2.0255,2.158,2.2451,1.98,2.008,1.9,1.922,0.3,-2.5,50.4,7.2
2024-06-25,1.4414,1.4867,1.5615,1.856,2.0159,2.148,2.235,1.964,2.014,1.9,1.921,0.3,-2.5,50.4,7.2
2024-06-26,1.4606,1.4844,1.544,1.8397,1.9987,2.1355,2.2225,1.976,2.083,1.9,1.919,0.3,-2.5,50.4,7.2
2024-06-27,1.4204,1.4464,1.549,1.8088,1.9769,2.1054,2.2081,1.879,2.028,1.9,1.918,0.3,-2.5,50.4,7.2
2024-06-28,1.4411,1.4489,1.539,1.796,1.9782,2.103,2.2058,1.889,2.099,1.9,1.918,0.3,-2.5,50.4,7.2
2024-07-01,1.4325,1.4457,1.5565,1.8257,2.02,2.141,2.2486,1.749,1.802,1.899,1.917,0.3,-1.4,49.5,7.0
2024-07-02,1.4228,1.4478,1.5365,1.7936,1.9875,2.1087,2.2369,1.715,1.796,1.896,1.917,0.3,-1.4,49.5,7.0
2024-07-03,1.4257,1.4434,1.524,1.7838,1.9589,2.0965,2.2426,1.688,1.8,1.895,1.914,0.3,-1.4,49.5,7.0
2024-07-04,1.4363,1.4575,1.529,1.8035,1.9711,2.1042,2.2502,1.712,1.811,1.892,1.91,0.3,-1.4,49.5,7.0
2024-07-05,1.4436,1.4549,1.529,1.8255,1.9995,2.1293,2.2754,1.764,1.807,1.888,1.908,0.3,-1.4,49.5,7.0
2024-07-08,1.49,1.4934,1.579,1.8654,2.0347,2.1547,2.2904,1.754,1.82,1.887,1.907,0.3,-1.4,49.5,7.0
2024-07-09,1.495,1.4993,1.554,1.8401,2.0074,2.1248,2.2698,1.679,1.804,1.886,1.907,0.3,-1.4,49.5,7.0
2024-07-10,1.47,1.4757,1.5515,1.8406,2.0131,2.1326,2.2707,1.64,1.8,1.883,1.906,0.3,-1.4,49.5,7.0
2024-07-11,1.4517,1.4569,1.539,1.8272,2.0064,2.1278,2.2648,1.67,1.803,1.879,1.904,0.3,-1.4,49.5,7.0
2024-07-12,1.4567,1.4573,1.539,1.8237,2.0016,2.1229,2.2604,1.668,1.801,1.878,1.899,0.3,-1.4,49.5,7.0
2024-07-15,1.4664,1.467,1.5365,1.8169,1.9891,2.1084,2.2541,1.78,1.821,1.879,1.897,0.3,-1.4,49.5,7.0
2024-07-16,1.4763,1.477,1.529,1.817,1.9841,2.1034,2.2613,1.894,1.894,1.878,1.897,0.3,-1.4,49.5,7.0
2024-07-17,1.5001,1.502,1.524,1.817,1.9579,2.1054,2.2598,1.913,1.885,1.878,1.896,0.3,-1.4,49.5,7.0
2024-07-18,1.4976,1.5997,1.5315,1.8188,1.9607,2.1169,2.2673,1.933,1.893,1.879,1.897,0.3,-1.4,49.5,7.0
2024-07-19,1.4874,1.5995,1.5265,1.8004,1.9534,2.1101,2.2614,1.855,1.855,1.877,1.895,0.3,-1.4,49.5,7.0
2024-07-22,1.455,1.5635,1.488,1.7674,1.9141,2.0682,2.2461,1.647,1.715,1.873,1.894,0.3,-1.4,49.5,7.0
2024-07-23,1.4401,1.5481,1.4705,1.7432,1.8918,2.0407,2.2322,1.736,1.751,1.867,1.888,0.3,-1.4,49.5,7.0
2024-07-24,1.4463,1.5182,1.4655,1.7401,1.8972,2.0485,2.2381,1.739,1.742,1.862,1.887,0.3,-1.4,49.5,7.0
2024-07-25,1.4203,1.4984,1.465,1.7431,1.8923,2.039,2.2168,1.764,1.871,1.855,1.882,0.3,-1.4,49.5,7.0
2024-07-26,1.3979,1.5034,1.4769,1.7468,1.8976,2.041,2.1944,1.689,1.913,1.848,1.877,0.3,-1.4,49.5,7.0
2024-07-29,1.3924,1.4984,1.45,1.7393,1.8933,2.0313,2.1574,1.631,1.895,1.843,1.869,0.3,-1.4,49.5,7.0
2024-07-30,1.3915,1.4519,1.43,1.7222,1.8836,2.0215,2.148,1.639,1.814,1.839,1.865,0.3,-1.4,49.5,7.0
2024-07-31,1.4032,1.4899,1.4201,1.7062,1.849,1.992,2.1494,1.782,1.772,1.835,1.86,0.2,-0.8,49.5,6.2
2024-08-01,1.4124,1.4849,1.4101,1.6827,1.8262,1.9686,2.1297,1.608,1.7,1.828,1.857,0.2,-0.8,49.5,6.2
2024-08-02,1.3933,1.4847,1.3901,1.6741,1.8188,1.9598,2.1277,1.573,1.7,1.825,1.853,0.2,-0.8,49.5,6.2
2024-08-05,1.3815,1.4597,1.3902,1.674,1.8144,1.9659,2.1376,1.585,1.694,1.818,1.849,0.2,-0.8,49.5,6.2
2024-08-06,1.3821,1.4696,1.4103,1.6813,1.817,1.9634,2.1491,1.583,1.687,1.813,1.844,0.2,-0.8,49.5,6.2
2024-08-07,1.3877,1.4719,1.4065,1.6734,1.7995,1.9541,2.1414,1.617,1.708,1.807,1.839,0.2,-0.8,49.5,6.2
2024-08-08,1.3875,1.4746,1.4268,1.7024,1.8349,2.0103,2.181,1.681,1.763,1.805,1.835,0.2,-0.8,49.5,6.2
2024-08-09,1.4067,1.49,1.4562,1.7215,1.8706,2.0613,2.1986,1.778,1.795,1.803,1.8335,0.2,-0.8,49.5,6.2
2024-08-12,1.4312,1.51,1.5283,1.8032,1.9358,2.1375,2.2508,1.951,1.893,1.806,1.833,0.2,-0.8,49.5,6.2
2024-08-13,1.4997,1.4929,1.5008,1.7687,1.9011,2.1369,2.2255,1.928,1.828,1.813,1.837,0.2,-0.8,49.5,6.2
2024-08-14,1.4954,1.501,1.5059,1.761,1.8858,2.1027,2.1966,1.842,1.869,1.812,1.838,0.2,-0.8,49.5,6.2
2024-08-15,1.4879,1.541,1.5211,1.776,1.9058,2.1081,2.205,1.754,1.814,1.811,1.84,0.2,-0.8,49.5,6.2
2024-08-16,1.4835,1.5995,1.5341,1.781,1.8901,2.0986,2.1978,1.7,1.811,1.809,1.838,0.2,-0.8,49.5,6.2
2024-08-19,1.5063,1.6036,1.5406,1.7711,1.8834,2.0932,2.1816,1.682,1.722,1.81,1.837,0.2,-0.8,49.5,6.2
2024-08-20,1.5021,1.5886,1.5535,1.7765,1.8859,2.0895,2.171,1.712,1.761,1.812,1.838,0.2,-0.8,49.5,6.2
2024-08-21,1.5446,1.5983,1.5443,1.7668,1.8761,2.0786,2.167,1.722,1.808,1.812,1.84,0.2,-0.8,49.5,6.2
2024-08-22,1.5345,1.5825,1.5211,1.732,1.8726,2.0614,2.1582,1.765,1.821,1.815,1.843,0.2,-0.8,49.5,6.2
2024-08-23,1.5104,1.5648,1.4973,1.6924,1.8487,2.0577,2.1547,1.801,1.825,1.819,1.844,0.2,-0.8,49.5,6.2
2024-08-26,1.5008,1.5367,1.5042,1.6836,1.8447,2.0617,2.1628,1.862,1.936,1.823,1.845,0.2,-0.8,49.5,6.2
2024-08-27,1.5156,1.5369,1.5073,1.6942,1.8658,2.1048,2.1903,1.667,1.869,1.824,1.849,0.2,-0.8,49.5,6.2
2024-08-28,1.5103,1.5149,1.4963,1.695,1.8552,2.0715,2.1673,1.52,1.758,1.824,1.85,0.2,-0.8,49.5,6.2
2024-08-29,1.4934,1.5085,1.4912,1.6772,1.8671,2.0825,2.1703,1.514,1.628,1.822,1.85,0.2,-0.8,49.5,6.2
2024-08-30,1.4709,1.4949,1.49,1.6679,1.8522,2.0811,2.1704,1.529,1.647,1.822,1.85,0.2,-0.8,49.5,6.2
2024-09-02,1.4566,1.4889,1.465,1.6157,1.8085,2.0483,2.1457,1.516,1.689,1.821,1.85,0.5,-0.8,49.4,6.3
2024-09-03,1.4457,1.4796,1.43,1.5705,1.7853,2.0419,2.1432,1.568,1.68,1.822,1.85,0.5,-0.8,49.4,6.3
2024-09-04,1.4281,1.4694,1.455,1.5651,1.775,2.0214,2.1336,1.529,1.67,1.823,1.85,0.5,-0.8,49.4,6.3
2024-09-05,1.4218,1.469,1.4475,1.55,1.7761,2.0111,2.1338,1.578,1.68,1.825,1.85,0.5,-0.8,49.4,6.3
2024-09-06,1.4221,1.4685,1.4352,1.5508,1.779,2.009,2.1388,1.716,1.676,1.831,1.85,0.5,-0.8,49.4,6.3
2024-09-09,1.445,1.4576,1.4152,1.5368,1.77,1.9755,2.1267,1.8,1.833,1.831,1.85,0.5,-0.8,49.4,6.3
2024-09-10,1.4045,1.4067,1.3552,1.4866,1.7497,1.9534,2.1143,1.955,1.834,1.832,1.851,0.5,-0.8,49.4,6.3
2024-09-11,1.4,1.4,1.3285,1.4608,1.7175,1.9463,2.1044,1.773,1.776,1.834,1.851,0.5,-0.8,49.4,6.3
2024-09-12,1.4,1.3895,1.326,1.4603,1.7232,1.9483,2.0998,1.777,1.794,1.83,1.85,0.5,-0.8,49.4,6.3
2024-09-13,1.39,1.39,1.326,1.463,1.7205,1.9331,2.0724,1.656,1.806,1.83,1.85,0.5,-0.8,49.4,6.3
2024-09-14,1.3732,1.3824,1.331,1.4428,1.7009,1.9143,2.0425,1.611,1.746,1.83,1.85,0.5,-0.8,49.4,6.3
2024-09-18,1.384,1.3942,1.366,1.4705,1.7217,1.9247,2.0403,1.744,1.86,1.831,1.85,0.5,-0.8,49.4,6.3
2024-09-19,1.404,1.4218,1.391,1.5003,1.7411,1.9347,2.045,1.879,1.947,1.833,1.851,0.5,-0.8,49.4,6.3
2024-09-20,1.396,1.429,1.391,1.4963,1.7281,1.9062,2.0431,1.932,1.929,1.834,1.852,0.5,-0.8,49.4,6.3
2024-09-23,1.4044,1.4284,1.3879,1.4993,1.7314,1.9044,2.0381,1.921,1.859,1.837,1.854,0.5,-0.8,49.4,6.3
2024-09-24,1.3929,1.4245,1.4179,1.5158,1.7521,1.9373,2.0728,1.785,1.92,1.836,1.85,0.5,-0.8,49.4,6.3
2024-09-25,1.4007,1.428,1.3879,1.5048,1.6995,1.8926,2.0437,1.643,1.873,1.83,1.845,0.5,-0.8,49.4,6.3
2024-09-26,1.411,1.4428,1.4029,1.5142,1.7316,1.933,2.0787,1.608,1.838,1.825,1.836,0.5,-0.8,49.4,6.3
2024-09-27,1.4109,1.4698,1.4379,1.5649,1.8312,2.0486,2.1714,1.401,1.661,1.822,1.835,0.5,-0.8,49.4,6.3
2024-09-29,1.4186,1.4639,1.4379,1.6616,1.9312,2.1311,2.2534,1.336,1.727,1.82,1.836,0.5,-0.8,49.4,6.3
2024-09-30,1.3986,1.449,1.3679,1.5636,1.8388,2.0732,2.1518,1.514,1.522,1.82,1.84,0.6,-1.8,49.1,6.3
2024-10-08,1.4,1.449,1.3729,1.6379,1.9106,2.1101,2.1928,1.509,1.697,1.82,1.84,0.6,-1.8,49.1,6.3
2024-10-09,1.4286,1.4675,1.4279,1.6935,1.8886,2.0857,2.176,1.618,1.803,1.82,1.841,0.6,-1.8,49.1,6.3
2024-10-10,1.4136,1.4575,1.4379,1.6459,1.8326,2.0441,2.1441,1.527,1.7,1.82,1.841,0.6,-1.8,49.1,6.3
2024-10-11,1.3936,1.4585,1.4429,1.6432,1.8171,2.037,2.1392,1.406,1.526,1.82,1.841,0.6,-1.8,49.1,6.3
2024-10-12,1.3707,1.4345,1.4179,1.644,1.8122,2.0423,2.1441,1.306,1.511,1.82,1.841,0.6,-1.8,49.1,6.3
2024-10-14,1.4091,1.5395,1.4479,1.6619,1.819,2.0376,2.1368,1.418,1.587,1.82,1.841,0.6,-1.8,49.1,6.3
2024-10-15,1.4198,1.5392,1.4504,1.6535,1.8065,2.0106,2.1254,1.407,1.517,1.82,1.842,0.6,-1.8,49.1,6.3
2024-10-16,1.4323,1.5291,1.4504,1.6469,1.8215,2.0181,2.1331,1.46,1.59,1.819,1.846,0.6,-1.8,49.1,6.3
2024-10-17,1.4,1.4989,1.4279,1.5989,1.7805,1.9888,2.1084,1.425,1.549,1.819,1.855,0.6,-1.8,49.1,6.3
2024-10-18,1.4098,1.4819,1.4329,1.6133,1.7882,2.0044,2.1209,1.399,1.568,1.818,1.858,0.6,-1.8,49.1,6.3
2024-10-21,1.4399,1.4686,1.4354,1.6397,1.7938,2.0076,2.1211,1.474,1.584,1.819,1.864,0.6,-1.8,49.1,6.3
2024-10-22,1.4318,1.4635,1.4349,1.671,1.8316,2.0401,2.1458,1.477,1.579,1.82,1.869,0.6,-1.8,49.1,6.3
2024-10-23,1.4156,1.4772,1.4254,1.6862,1.8443,2.0502,2.1559,1.49,1.595,1.82,1.873,0.6,-1.8,49.1,6.3
2024-10-24,1.3928,1.4391,1.4302,1.6854,1.8521,2.058,2.1661,1.53,1.596,1.822,1.879,0.6,-1.8,49.1,6.3
2024-10-25,1.3895,1.4371,1.4169,1.647,1.8428,2.043,2.1539,1.507,1.703,1.823,1.883,0.6,-1.8,49.1,6.3
2024-10-28,1.4322,1.4794,1.407,1.6353,1.8336,2.0522,2.1617,1.495,1.658,1.821,1.884,0.6,-1.8,49.1,6.3
2024-10-29,1.4322,1.469,1.4367,1.6198,1.8291,2.0502,2.1598,1.439,1.75,1.82,1.884,0.6,-1.8,49.1,6.3
2024-10-30,1.4257,1.449,1.4461,1.6082,1.822,2.0456,2.1597,1.394,1.656,1.82,1.884,0.6,-1.8,49.1,6.3
2024-10-31,1.4066,1.429,1.426,1.5835,1.7947,2.029,2.1476,1.364,1.656,1.82,1.884,0.4,-2.8,49.8,6.8
2024-11-01,1.4014,1.409,1.4065,1.5597,1.7674,2.0151,2.1406,1.36,1.507,1.818,1.879,0.4,-2.8,49.8,6.8
2024-11-04,1.3923,1.3991,1.4044,1.5589,1.7786,2.0149,2.1275,1.346,1.496,1.815,1.878,0.4,-2.8,49.8,6.8
2024-11-05,1.3835,1.3892,1.4077,1.5334,1.7691,1.9923,2.1106,1.338,1.5,1.811,1.877,0.4,-2.8,49.8,6.8
2024-11-06,1.3786,1.3891,1.4103,1.5248,1.7748,2.0002,2.1234,1.33,1.5,1.808,1.876,0.4,-2.8,49.8,6.8
2024-11-07,1.3615,1.3787,1.4022,1.4981,1.7552,1.9805,2.1115,1.319,1.555,1.803,1.87,0.4,-2.8,49.8,6.8
2024-11-08,1.3666,1.3787,1.4062,1.4992,1.7427,1.9763,2.1067,1.461,1.645,1.799,1.864,0.4,-2.8,49.8,6.8
2024-11-11,1.3691,1.4096,1.4032,1.5069,1.7409,1.9613,2.092,1.443,1.655,1.797,1.862,0.4,-2.8,49.8,6.8
2024-11-12,1.374,1.4096,1.4008,1.5016,1.713,1.9303,2.0729,1.525,1.687,1.797,1.859,0.4,-2.8,49.8,6.8
2024-11-13,1.3616,1.3896,1.4028,1.4963,1.7186,1.9528,2.0876,1.465,1.644,1.797,1.859,0.4,-2.8,49.8,6.8
2024-11-14,1.3627,1.3848,1.391,1.4799,1.7065,1.9379,2.0808,1.456,1.674,1.796,1.858,0.4,-2.8,49.8,6.8
2024-11-15,1.3607,1.3798,1.3875,1.4774,1.7099,1.9381,2.0948,1.47,1.685,1.796,1.856,0.4,-2.8,49.8,6.8
2024-11-18,1.3757,1.3794,1.3703,1.4774,1.724,1.9649,2.1117,1.47,1.697,1.794,1.856,0.4,-2.8,49.8,6.8
2024-11-19,1.3752,1.3788,1.3579,1.4556,1.7122,1.9419,2.0947,1.48,1.693,1.792,1.856,0.4,-2.8,49.8,6.8
2024-11-20,1.3801,1.3805,1.348,1.4533,1.7074,1.948,2.1025,1.47,1.684,1.791,1.857,0.4,-2.8,49.8,6.8
2024-11-21,1.3654,1.3697,1.3479,1.4435,1.6977,1.9194,2.0843,1.455,1.659,1.792,1.86,0.4,-2.8,49.8,6.8
2024-11-22,1.3726,1.3793,1.3504,1.4472,1.7031,1.9214,2.0832,1.456,1.653,1.789,1.86,0.4,-2.8,49.8,6.8
2024-11-25,1.382,1.3948,1.3603,1.4451,1.6936,1.8965,2.0682,1.464,1.727,1.787,1.86,0.4,-2.8,49.8,6.8
2024-11-26,1.3752,1.3898,1.3856,1.4551,1.6988,1.9044,2.0657,1.43,1.723,1.785,1.86,0.4,-2.8,49.8,6.8
2024-11-27,1.3761,1.3847,1.3845,1.4467,1.7021,1.9044,2.0553,1.385,1.7,1.784,1.859,0.4,-2.8,49.8,6.8
2024-11-28,1.3779,1.3798,1.3777,1.4418,1.6842,1.8789,2.0304,1.329,1.726,1.779,1.858,0.4,-2.8,49.8,6.8
2024-11-29,1.37,1.37,1.3698,1.4142,1.6598,1.876,2.0206,1.319,1.631,1.772,1.852,0.4,-2.8,49.8,6.8
2024-12-02,1.3424,1.35,1.35,1.3826,1.615,1.8346,1.981,1.414,1.591,1.754,1.825,0.3,-2.9,50.1,7.5
2024-12-03,1.3501,1.3547,1.3491,1.3901,1.6257,1.8432,1.9886,1.337,1.601,1.736,1.795,0.3,-2.9,50.1,7.5
2024-12-04,1.3525,1.3491,1.3432,1.3826,1.6026,1.8198,1.9612,1.381,1.588,1.716,1.772,0.3,-2.9,50.1,7.5
2024-12-05,1.3531,1.356,1.3479,1.3735,1.6086,1.8221,1.9462,1.479,1.688,1.711,1.762,0.3,-2.9,50.1,7.5
2024-12-06,1.3501,1.356,1.3485,1.3835,1.6111,1.8238,1.9539,1.478,1.686,1.711,1.755,0.3,-2.9,50.1,7.5
2024-12-09,1.3452,1.3492,1.3482,1.3841,1.585,1.7896,1.9168,1.516,1.736,1.71,1.753,0.3,-2.9,50.1,7.5
2024-12-10,1.3396,1.3264,1.3087,1.3397,1.5454,1.7276,1.8468,1.47,1.784,1.711,1.748,0.3,-2.9,50.1,7.5
2024-12-11,1.33,1.33,1.2782,1.3346,1.53,1.71,1.8218,1.528,1.722,1.711,1.744,0.3,-2.9,50.1,7.5
2024-12-12,1.3085,1.3095,1.2142,1.3053,1.4844,1.6876,1.8172,1.482,1.635,1.712,1.74,0.3,-2.9,50.1,7.5
2024-12-13,1.2836,1.2845,1.1582,1.2502,1.4353,1.6626,1.7771,1.404,1.758,1.71,1.735,0.3,-2.9,50.1,7.5
2024-12-16,1.2389,1.2471,1.1182,1.2095,1.4176,1.6301,1.7215,1.421,1.762,1.708,1.725,0.3,-2.9,50.1,7.5
2024-12-17,1.2003,1.209,1.1081,1.2144,1.4417,1.6441,1.7237,1.425,1.787,1.706,1.718,0.3,-2.9,50.1,7.5
2024-12-18,1.1518,1.1589,1.0782,1.2009,1.4515,1.6701,1.7564,1.428,1.776,1.704,1.715,0.3,-2.9,50.1,7.5
2024-12-19,1.1002,1.1088,1.0432,1.1747,1.4161,1.6451,1.7417,1.424,1.627,1.701,1.712,0.3,-2.9,50.1,7.5
2024-12-20,1.0002,1.0087,0.9807,1.1149,1.3727,1.6051,1.7018,1.414,1.62,1.7,1.708,0.3,-2.9,50.1,7.5
2024-12-23,0.8009,0.9397,0.9307,1.0949,1.3915,1.6101,1.7019,1.31,1.525,1.699,1.705,0.3,-2.9,50.1,7.5
2024-12-24,0.8119,0.9296,0.9307,1.085,1.4199,1.6351,1.7166,1.321,1.489,1.695,1.6985,0.3,-2.9,50.1,7.5
2024-12-25,0.7819,0.9497,0.9907,1.1042,1.4591,1.6601,1.7365,1.365,1.516,1.69,1.693,0.3,-2.9,50.1,7.5
2024-12-26,0.8029,0.9601,1.0157,1.1409,1.437,1.6251,1.7122,1.386,1.533,1.689,1.6922,0.3,-2.9,50.1,7.5
2024-12-27,0.8205,0.968,1.0393,1.1531,1.4059,1.593,1.6929,1.388,1.74,1.686,1.69,0.3,-2.9,50.1,7.5
2024-12-30,0.9086,0.958,1.1093,1.1965,1.4413,1.6212,1.7128,1.367,1.95,1.6846,1.685,0.3,-2.9,50.1,7.5
2024-12-31,0.9091,0.9565,1.0843,1.1872,1.4152,1.5887,1.6752,1.454,1.966,1.681,1.6855,0.2,-2.5,50.3,7.1
2025-01-02,0.9539,1.0065,1.0693,1.1694,1.3976,1.5315,1.6077,1.532,1.643,1.676,1.6825,0.2,-2.5,50.3,7.1
2025-01-03,1.0014,1.0057,1.0177,1.1122,1.3409,1.4894,1.6041,1.618,1.67,1.67,1.677,0.2,-2.5,50.3,7.1
2025-01-06,1.0227,1.0289,1.0391,1.1196,1.3493,1.4924,1.5966,1.454,1.596,1.646,1.663,0.2,-2.5,50.3,7.1
2025-01-07,1.08,1.08,1.08,1.1558,1.3895,1.5022,1.6093,1.483,1.541,1.641,1.655,0.2,-2.5,50.3,7.1
2025-01-08,1.1,1.1009,1.12,1.1833,1.3948,1.4997,1.6069,1.523,1.58,1.636,1.652,0.2,-2.5,50.3,7.1
2025-01-09,1.1917,1.1967,1.17,1.2412,1.4465,1.5322,1.6368,1.547,1.632,1.631,1.645,0.2,-2.5,50.3,7.1
2025-01-10,1.2,1.2,1.1961,1.2577,1.4342,1.545,1.6338,1.643,1.692,1.63,1.643,0.2,-2.5,50.3,7.1
2025-01-13,1.41,1.41,1.2361,1.3039,1.4792,1.5675,1.6592,1.823,1.96,1.649,1.648,0.2,-2.5,50.3,7.1
2025-01-14,1.4002,1.3878,1.2161,1.2907,1.4157,1.546,1.6446,1.965,2.162,1.662,1.658,0.2,-2.5,50.3,7.1
2025-01-15,1.4,1.2615,1.2061,1.2578,1.4207,1.5486,1.633,1.832,2.117,1.668,1.6665,0.2,-2.5,50.3,7.1
2025-01-16,1.45,1.3087,1.2217,1.2803,1.4257,1.5486,1.6394,1.833,2.192,1.681,1.674,0.2,-2.5,50.3,7.1
2025-01-17,1.4251,1.3012,1.2617,1.2806,1.4307,1.5744,1.6593,1.848,2.039,1.688,1.677,0.2,-2.5,50.3,7.1
2025-01-20,1.4423,1.4388,1.3,1.3059,1.4357,1.5852,1.6747,1.835,2.013,1.6925,1.687,0.2,-2.5,50.3,7.1
2025-01-21,1.43,1.4285,1.285,1.281,1.4107,1.5656,1.6496,1.779,1.906,1.702,1.6935,0.2,-2.5,50.3,7.1
2025-01-22,1.4051,1.3764,1.285,1.281,1.4257,1.5652,1.6602,1.78,1.813,1.702,1.693,0.2,-2.5,50.3,7.1
2025-01-23,1.4135,1.3869,1.3099,1.3028,1.4557,1.585,1.6645,1.764,1.995,1.704,1.694,0.2,-2.5,50.3,7.1
2025-01-24,1.4416,1.4109,1.3399,1.3437,1.4657,1.5873,1.6565,1.77,2.078,1.705,1.697,0.2,-2.5,50.3,7.1
2025-01-26,1.4196,1.3911,1.3474,1.3337,1.4557,1.5873,1.6537,1.669,1.864,1.705,1.6995,0.2,-2.5,50.3,7.1
2025-01-27,1.3775,1.36,1.3036,1.3108,1.4124,1.5484,1.6299,1.708,1.715,1.706,1.702,0.2,-2.5,50.3,7.1
2025-02-05,1.3991,1.3606,1.2599,1.309,1.4049,1.5373,1.6207,1.793,1.844,1.708,1.707,0.1,-2.3,50.1,7.3
2025-02-06,1.3889,1.3431,1.21,1.2871,1.3791,1.5125,1.5958,1.792,1.785,1.708,1.71,0.1,-2.3,50.1,7.3
2025-02-07,1.3839,1.3094,1.2229,1.2796,1.3945,1.5224,1.6032,1.816,1.732,1.705,1.711,0.1,-2.3,50.1,7.3
2025-02-08,1.3825,1.3181,1.2271,1.2758,1.3945,1.5224,1.6057,1.769,1.634,1.703,1.712,0.1,-2.3,50.1,7.3
2025-02-10,1.4198,1.3608,1.2582,1.3092,1.4377,1.5494,1.6342,1.841,1.729,1.7,1.714,0.1,-2.3,50.1,7.3
2025-02-11,1.42,1.3661,1.2667,1.2967,1.4279,1.5396,1.6274,1.919,1.838,1.71,1.721,0.1,-2.3,50.1,7.3
2025-02-12,1.4225,1.3719,1.2671,1.3086,1.438,1.5524,1.6336,1.832,1.845,1.715,1.726,0.1,-2.3,50.1,7.3
2025-02-13,1.4196,1.3662,1.2846,1.3272,1.448,1.5625,1.6346,1.827,1.763,1.719,1.73,0.1,-2.3,50.1,7.3
2025-02-14,1.4112,1.387,1.3795,1.3747,1.4804,1.5976,1.6546,1.889,1.894,1.731,1.738,0.1,-2.3,50.1,7.3
2025-02-17,1.4997,1.4314,1.419,1.3939,1.5035,1.6218,1.6934,1.893,1.999,1.747,1.75,0.1,-2.3,50.1,7.3
2025-02-18,1.5016,1.5088,1.458,1.4289,1.5335,1.6567,1.7006,1.933,2.209,1.766,1.763,0.1,-2.3,50.1,7.3
2025-02-19,1.4962,1.5034,1.4619,1.4239,1.5029,1.6344,1.6626,1.915,1.934,1.77,1.7702,0.1,-2.3,50.1,7.3
2025-02-20,1.5003,1.5143,1.4758,1.4639,1.5379,1.6657,1.685,1.919,1.992,1.778,1.7802,0.1,-2.3,50.1,7.3
2025-02-21,1.5282,1.5288,1.4797,1.4839,1.6045,1.7028,1.72,1.931,2.139,1.787,1.7912,0.1,-2.3,50.1,7.3
2025-02-24,1.587,1.5339,1.4802,1.5239,1.6451,1.7519,1.7625,1.866,1.941,1.79,1.797,0.1,-2.3,50.1,7.3
2025-02-25,1.6281,1.5592,1.4671,1.5175,1.6222,1.7169,1.7275,1.862,2.128,1.792,1.818,0.1,-2.3,50.1,7.3
2025-02-26,1.5997,1.5644,1.4537,1.4975,1.61,1.7038,1.7251,1.875,2.131,1.812,1.8555,0.1,-2.3,50.1,7.3
2025-02-27,1.6096,1.5744,1.4974,1.5354,1.644,1.7385,1.7576,1.867,2.24,1.847,1.89,0.1,-2.3,50.1,7.3
2025-02-28,1.6096,1.5845,1.4597,1.5182,1.6041,1.6918,1.7152,1.865,2.093,1.868,1.922,0.5,-2.3,49.1,7.0
2025-03-03,1.5893,1.5634,1.4322,1.4814,1.5565,1.6572,1.6955,1.816,1.812,1.883,1.946,0.5,-2.3,49.1,7.0
2025-03-04,1.5972,1.5155,1.4397,1.4965,1.5639,1.6745,1.7079,1.686,1.718,1.892,1.9625,0.5,-2.3,49.1,7.0
2025-03-05,1.5975,1.5161,1.4447,1.5016,1.5527,1.6618,1.7083,1.755,1.751,1.908,1.975,0.5,-2.3,49.1,7.0
2025-03-06,1.6,1.5816,1.4697,1.5468,1.598,1.7117,1.7455,1.79,1.748,1.91,1.982,0.5,-2.3,49.1,7.0
2025-03-07,1.6,1.6241,1.5547,1.5923,1.6672,1.7773,1.8002,1.801,1.718,1.916,1.991,0.5,-2.3,49.1,7.0
2025-03-10,1.64,1.6429,1.5497,1.6123,1.6744,1.7879,1.8128,1.819,1.78,1.937,2.005,0.5,-2.3,49.1,7.0
2025-03-11,1.6403,1.672,1.5823,1.6777,1.7368,1.8579,1.8853,1.782,1.786,1.948,2.01,0.5,-2.3,49.1,7.0
2025-03-12,1.6301,1.6395,1.5779,1.6415,1.6668,1.7894,1.8334,1.758,1.78,1.954,2.015,0.5,-2.3,49.1,7.0
2025-03-13,1.6,1.599,1.5779,1.6222,1.6792,1.8015,1.8565,1.771,1.774,1.961,2.012,0.5,-2.3,49.1,7.0
2025-03-14,1.5847,1.5839,1.5629,1.6214,1.6416,1.7724,1.8317,1.811,1.742,1.963,2.004,0.5,-2.3,49.1,7.0
2025-03-17,1.6209,1.6437,1.5879,1.6871,1.7123,1.8587,1.8957,1.805,1.819,1.965,1.994,0.5,-2.3,49.1,7.0
2025-03-18,1.6131,1.6151,1.5879,1.6676,1.6974,1.8452,1.8885,1.785,1.903,1.967,1.992,0.5,-2.3,49.1,7.0
2025-03-19,1.6104,1.6395,1.5879,1.6607,1.6991,1.8359,1.8708,1.763,1.856,1.974,1.987,0.5,-2.3,49.1,7.0
2025-03-20,1.6,1.5995,1.5629,1.6188,1.6741,1.7959,1.8309,1.785,1.778,1.971,1.98,0.5,-2.3,49.1,7.0
2025-03-21,1.5901,1.5956,1.5579,1.636,1.6981,1.813,1.8458,1.76,1.754,1.971,1.968,0.5,-2.3,49.1,7.0
2025-03-24,1.58,1.5812,1.5354,1.6387,1.6927,1.8022,1.8413,1.75,1.745,1.966,1.961,0.5,-2.3,49.1,7.0
2025-03-25,1.57,1.57,1.5404,1.6339,1.6773,1.7899,1.8183,1.775,1.815,1.955,1.942,0.5,-2.3,49.1,7.0
2025-03-26,1.5402,1.5539,1.5279,1.614,1.6517,1.7569,1.7943,1.785,1.9,1.951,1.934,0.5,-2.3,49.1,7.0
2025-03-27,1.5404,1.5585,1.5279,1.5988,1.6579,1.7472,1.8062,1.738,2.004,1.945,1.924,0.5,-2.3,49.1,7.0
2025-03-28,1.5208,1.549,1.5279,1.5876,1.6562,1.7454,1.8126,1.728,1.936,1.939,1.921,0.5,-2.3,49.1,7.0
2025-03-31,1.52,1.5491,1.5379,1.606,1.6523,1.7432,1.8129,1.739,2.023,1.928,1.912,-0.7,-2.2,50.2,7.0
2025-04-01,1.52,1.5528,1.5454,1.6268,1.6669,1.7533,1.8104,1.823,1.807,1.916,1.907,-0.7,-2.2,50.2,7.0
2025-04-02,1.5233,1.5398,1.5404,1.5985,1.6368,1.7259,1.7887,1.756,1.805,1.905,1.902,-0.7,-2.2,50.2,7.0
2025-04-03,1.5095,1.4967,1.4829,1.5263,1.5616,1.649,1.718,1.617,1.689,1.865,1.871,-0.7,-2.2,50.2,7.0
2025-04-07,1.4496,1.44,1.4429,1.4664,1.4967,1.5914,1.6318,1.79,1.694,1.819,1.824,-0.7,-2.2,50.2,7.0
2025-04-08,1.5171,1.4913,1.4779,1.5062,1.5452,1.6409,1.6633,1.744,1.725,1.811,1.81,-0.7,-2.2,50.2,7.0
2025-04-09,1.4862,1.4827,1.4328,1.4689,1.5216,1.626,1.6508,1.741,1.703,1.804,1.806,-0.7,-2.2,50.2,7.0
2025-04-10,1.4509,1.4709,1.4128,1.4387,1.4916,1.6018,1.6444,1.607,1.681,1.795,1.8,-0.7,-2.2,50.2,7.0
2025-04-11,1.38,1.3816,1.3978,1.4315,1.4895,1.6024,1.6568,1.609,1.619,1.787,1.786,-0.7,-2.2,50.2,7.0
2025-04-14,1.4,1.4005,1.4153,1.4605,1.5043,1.5974,1.6584,1.644,1.665,1.782,1.777,-0.7,-2.2,50.2,7.0
2025-04-15,1.4099,1.4105,1.4228,1.4621,1.5015,1.6007,1.6583,1.701,1.695,1.776,1.775,-0.7,-2.2,50.2,7.0
2025-04-16,1.4002,1.4128,1.4178,1.4618,1.4896,1.5918,1.643,1.708,1.696,1.772,1.772,-0.7,-2.2,50.2,7.0
2025-04-17,1.4189,1.412,1.4301,1.4741,1.5048,1.5992,1.6522,1.634,1.652,1.766,1.767,-0.7,-2.2,50.2,7.0
2025-04-18,1.42,1.422,1.43,1.4822,1.504,1.5952,1.6493,1.66,1.654,1.763,1.761,-0.7,-2.2,50.2,7.0
2025-04-21,1.4844,1.5145,1.448,1.4945,1.5303,1.6128,1.6664,1.716,1.68,1.758,1.759,-0.7,-2.2,50.2,7.0
2025-04-22,1.4638,1.5042,1.4432,1.4866,1.5179,1.5978,1.6509,1.709,1.67,1.754,1.755,-0.7,-2.2,50.2,7.0
2025-04-23,1.4738,1.504,1.4513,1.5018,1.5379,1.6153,1.6611,1.626,1.644,1.749,1.753,-0.7,-2.2,50.2,7.0
2025-04-24,1.4531,1.4989,1.4532,1.5208,1.547,1.6208,1.664,1.61,1.69,1.747,1.75,-0.7,-2.2,50.2,7.0
2025-04-25,1.4468,1.4793,1.4501,1.5192,1.5433,1.6158,1.6606,1.567,1.638,1.747,1.75,-0.7,-2.2,50.2,7.0
2025-04-27,1.4618,1.4793,1.4501,1.523,1.5443,1.6161,1.6607,1.606,1.641,1.748,1.75,-0.7,-2.2,50.2,7.0
2025-04-28,1.4508,1.4697,1.4601,1.5177,1.5393,1.6029,1.6483,1.603,1.723,1.747,1.75,-0.7,-2.2,50.2,7.0
2025-04-29,1.485,1.4784,1.455,1.5009,1.5352,1.5822,1.6241,1.541,1.748,1.745,1.75,-0.7,-2.2,50.2,7.0
2025-04-30,1.4659,1.4691,1.4599,1.4766,1.5163,1.5806,1.6243,1.76,1.762,1.743,1.75,-0.1,-2.5,50.5,7.0
2025-05-06,1.4797,1.467,1.4624,1.4939,1.5255,1.5832,1.6298,1.702,1.707,1.732,1.748,-0.1,-2.5,50.5,7.0
2025-05-07,1.4496,1.4379,1.4474,1.4815,1.5156,1.597,1.6418,1.657,1.661,1.719,1.737,-0.1,-2.5,50.5,7.0
2025-05-08,1.4161,1.41,1.4149,1.4504,1.5009,1.569,1.6331,1.539,1.594,1.702,1.72,-0.1,-2.5,50.5,7.0
2025-05-09,1.4,1.4005,1.4194,1.4633,1.4957,1.572,1.6351,1.497,1.519,1.684,1.696,-0.1,-2.5,50.5,7.0
2025-05-12,1.4101,1.4106,1.4232,1.4661,1.5519,1.622,1.688,1.422,1.496,1.661,1.672,-0.1,-2.5,50.5,7.0
2025-05-13,1.4102,1.4184,1.4131,1.4533,1.5421,1.6067,1.6704,1.406,1.49,1.647,1.662,-0.1,-2.5,50.5,7.0
2025-05-14,1.4061,1.4111,1.4228,1.4727,1.5622,1.6215,1.6736,1.405,1.501,1.639,1.653,-0.1,-2.5,50.5,7.0
2025-05-15,1.3902,1.4048,1.4385,1.5048,1.577,1.6338,1.6798,1.404,1.497,1.629,1.645,-0.1,-2.5,50.5,7.0
2025-05-16,1.3954,1.4159,1.4508,1.507,1.577,1.6329,1.6793,1.654,1.545,1.625,1.647,-0.1,-2.5,50.5,7.0
2025-05-19,1.433,1.435,1.4429,1.4973,1.5672,1.6146,1.6893,1.537,1.562,1.624,1.645,-0.1,-2.5,50.5,7.0
2025-05-20,1.4321,1.4128,1.4483,1.5041,1.5722,1.616,1.7004,1.509,1.556,1.617,1.642,-0.1,-2.5,50.5,7.0
2025-05-21,1.4332,1.4342,1.4496,1.4997,1.5647,1.6166,1.71,1.509,1.549,1.615,1.64,-0.1,-2.5,50.5,7.0
2025-05-22,1.4324,1.4477,1.4495,1.4958,1.5649,1.6168,1.7186,1.465,1.523,1.613,1.64,-0.1,-2.5,50.5,7.0
2025-05-23,1.4261,1.4461,1.4481,1.4956,1.565,1.6131,1.7208,1.565,1.552,1.611,1.642,-0.1,-2.5,50.5,7.0
2025-05-26,1.4418,1.4599,1.4581,1.4944,1.5628,1.6124,1.7201,1.506,1.579,1.612,1.643,-0.1,-2.5,50.5,7.0
2025-05-27,1.4474,1.46,1.4649,1.499,1.5703,1.6259,1.7261,1.452,1.598,1.614,1.644,-0.1,-2.5,50.5,7.0
2025-05-28,1.4637,1.4793,1.4628,1.5002,1.5753,1.6296,1.6832,1.411,1.578,1.615,1.647,-0.1,-2.5,50.5,7.0
2025-05-29,1.4713,1.4741,1.4783,1.5153,1.5903,1.6419,1.6877,1.411,1.602,1.621,1.652,-0.1,-2.5,50.5,7.0
2025-05-30,1.4462,1.4504,1.4552,1.4777,1.564,1.6254,1.6712,1.471,1.617,1.62,1.652,-0.1,-2.5,50.5,7.0
2025-06-03,1.44,1.4405,1.4627,1.4877,1.5797,1.6352,1.6764,1.41,1.515,1.62,1.652,-0.1,-2.7,49.0,8.0
2025-06-04,1.4302,1.436,1.4527,1.4703,1.565,1.6257,1.6704,1.408,1.543,1.62,1.652,-0.1,-2.7,49.0,8.0
2025-06-05,1.4177,1.4264,1.4352,1.4555,1.5585,1.6221,1.6741,1.408,1.534,1.62,1.652,-0.1,-2.7,49.0,8.0
2025-06-06,1.4,1.41,1.4102,1.4354,1.5459,1.5929,1.6547,1.411,1.5,1.619,1.651,-0.1,-2.7,49.0,8.0
2025-06-09,1.4199,1.41,1.4102,1.4354,1.5437,1.5917,1.6559,1.378,1.497,1.618,1.649,-0.1,-2.7,49.0,8.0
2025-06-10,1.4059,1.4098,1.4077,1.4509,1.5456,1.5954,1.6569,1.362,1.496,1.62,1.645,-0.1,-2.7,49.0,8.0
2025-06-11,1.3852,1.4018,1.4052,1.4385,1.5426,1.5815,1.642,1.361,1.502,1.62,1.642,-0.1,-2.7,49.0,8.0
2025-06-12,1.3898,1.3814,1.4052,1.4408,1.5437,1.5886,1.6475,1.367,1.521,1.62,1.639,-0.1,-2.7,49.0,8.0
2025-06-13,1.38,1.3813,1.4002,1.4258,1.5447,1.587,1.644,1.411,1.508,1.622,1.638,-0.1,-2.7,49.0,8.0
2025-06-16,1.3858,1.3954,1.3987,1.4054,1.5401,1.5883,1.6432,1.388,1.51,1.621,1.636,-0.1,-2.7,49.0,8.0
2025-06-17,1.37,1.375,1.3702,1.3808,1.5101,1.5745,1.6364,1.369,1.508,1.621,1.634,-0.1,-2.7,49.0,8.0
2025-06-18,1.3503,1.3723,1.3602,1.3889,1.5082,1.5758,1.6384,1.366,1.505,1.62,1.63,-0.1,-2.7,49.0,8.0
2025-06-19,1.3502,1.3628,1.3642,1.397,1.5078,1.5781,1.6425,1.367,1.524,1.621,1.63,-0.1,-2.7,49.0,8.0
2025-06-20,1.3405,1.3599,1.3552,1.4,1.5025,1.5743,1.6396,1.368,1.529,1.62,1.629,-0.1,-2.7,49.0,8.0
2025-06-23,1.3447,1.3695,1.3552,1.4028,1.5027,1.579,1.6418,1.367,1.497,1.62,1.629,-0.1,-2.7,49.0,8.0
2025-06-24,1.3297,1.353,1.3627,1.4133,1.5129,1.5938,1.648,1.37,1.629,1.62,1.629,-0.1,-2.7,49.0,8.0
2025-06-25,1.3342,1.3528,1.3652,1.4108,1.5214,1.6063,1.6544,1.371,1.671,1.622,1.63,-0.1,-2.7,49.0,8.0
2025-06-26,1.3199,1.3538,1.3627,1.4057,1.5139,1.6038,1.6462,1.37,1.67,1.622,1.63,-0.1,-2.7,49.0,8.0
2025-06-27,1.3303,1.3591,1.3452,1.3931,1.5065,1.6028,1.6462,1.371,1.668,1.62,1.63,-0.1,-2.7,49.0,8.0
2025-06-30,1.3222,1.34,1.3402,1.3959,1.5129,1.6123,1.6469,1.422,1.763,1.622,1.63,-0.1,-3.3,49.5,7.9
2025-07-01,1.3021,1.335,1.3377,1.3985,1.5075,1.6098,1.6433,1.367,1.53,1.617,1.628,-0.1,-3.3,49.5,7.9
2025-07-02,1.3007,1.3321,1.3352,1.391,1.4975,1.6033,1.6396,1.365,1.497,1.6095,1.6195,-0.1,-3.3,49.5,7.9
2025-07-03,1.2907,1.3244,1.3372,1.3772,1.4933,1.6026,1.6407,1.315,1.456,1.594,1.606,-0.1,-3.3,49.5,7.9
2025-07-04,1.2807,1.3187,1.3362,1.3791,1.4929,1.603,1.6433,1.313,1.423,1.581,1.597,-0.1,-3.3,49.5,7.9
2025-07-07,1.2814,1.3194,1.3402,1.3813,1.4932,1.6035,1.6406,1.312,1.458,1.557,1.579,-0.1,-3.3,49.5,7.9
2025-07-08,1.2811,1.3106,1.3552,1.3884,1.5032,1.6057,1.6444,1.312,1.455,1.546,1.57,-0.1,-3.3,49.5,7.9
2025-07-09,1.2811,1.3131,1.3602,1.3942,1.5141,1.6058,1.6446,1.313,1.464,1.539,1.562,-0.1,-3.3,49.5,7.9
2025-07-10,1.2811,1.3194,1.3727,1.4098,1.5236,1.6167,1.6616,1.316,1.474,1.538,1.559,-0.1,-3.3,49.5,7.9
2025-07-11,1.2812,1.3182,1.3702,1.4158,1.5292,1.6305,1.6653,1.333,1.475,1.535,1.557,-0.1,-3.3,49.5,7.9
2025-07-14,1.2878,1.3219,1.3752,1.4267,1.5417,1.636,1.6726,1.415,1.515,1.538,1.561,-0.1,-3.3,49.5,7.9
2025-07-15,1.2891,1.3176,1.3652,1.4108,1.5251,1.6187,1.6557,1.535,1.546,1.541,1.559,-0.1,-3.3,49.5,7.9
2025-07-16,1.2898,1.3239,1.3573,1.4116,1.5273,1.6195,1.6617,1.466,1.504,1.54,1.559,-0.1,-3.3,49.5,7.9
2025-07-17,1.3067,1.3305,1.3548,1.4114,1.5248,1.6195,1.663,1.463,1.504,1.539,1.557,-0.1,-3.3,49.5,7.9
2025-07-18,1.3019,1.3244,1.349,1.4043,1.5256,1.6195,1.6652,1.462,1.494,1.536,1.555,-0.1,-3.3,49.5,7.9
2025-07-21,1.3353,1.3748,1.3565,1.4202,1.5421,1.6375,1.6774,1.366,1.477,1.534,1.553,-0.1,-3.3,49.5,7.9
2025-07-22,1.3056,1.3698,1.359,1.4229,1.5559,1.653,1.6907,1.317,1.462,1.529,1.549,-0.1,-3.3,49.5,7.9
2025-07-23,1.3058,1.365,1.3741,1.4467,1.5749,1.6685,1.7041,1.367,1.463,1.529,1.551,-0.1,-3.3,49.5,7.9
2025-07-24,1.3008,1.3699,1.3941,1.4744,1.5939,1.6933,1.7376,1.635,1.545,1.536,1.553,-0.1,-3.3,49.5,7.9
2025-07-25,1.3014,1.3725,1.3835,1.4777,1.6048,1.6926,1.7324,1.52,1.62,1.545,1.559,-0.1,-3.3,49.5,7.9
2025-07-28,1.3441,1.3724,1.3634,1.455,1.5848,1.6751,1.7146,1.467,1.596,1.549,1.56,-0.1,-3.3,49.5,7.9
2025-07-29,1.3574,1.3849,1.4111,1.4793,1.6107,1.7126,1.7466,1.366,1.545,1.55,1.56,-0.1,-3.3,49.5,7.9
2025-07-30,1.3324,1.3898,1.3957,1.4558,1.5859,1.6951,1.718,1.317,1.501,1.55,1.564,-0.1,-3.3,49.5,7.9
2025-07-31,1.3274,1.3797,1.3807,1.443,1.571,1.6762,1.7044,1.392,1.497,1.55,1.566,0.1,-3.6,49.7,8.3
2025-08-01,1.3249,1.3697,1.3734,1.4451,1.5686,1.6724,1.7059,1.315,1.446,1.549,1.563,0.1,-3.6,49.7,8.3
2025-08-04,1.3106,1.3497,1.3697,1.4392,1.5768,1.6689,1.7083,1.314,1.436,1.547,1.559,0.1,-3.6,49.7,8.3
2025-08-05,1.3106,1.3439,1.3692,1.4392,1.5719,1.6644,1.7061,1.315,1.432,1.543,1.558,0.1,-3.6,49.7,8.3
2025-08-06,1.3106,1.3335,1.3654,1.4295,1.562,1.6594,1.6999,1.316,1.442,1.533,1.559,0.1,-3.6,49.7,8.3
2025-08-07,1.2915,1.3335,1.3608,1.4227,1.5471,1.6576,1.6894,1.315,1.434,1.529,1.56,0.1,-3.6,49.7,8.3
2025-08-08,1.2966,1.3356,1.3506,1.4159,1.5454,1.6576,1.6891,1.3144,1.4356,1.5256,1.5544,0.1,-3.6,49.7,8.3
2025-08-11,1.3095,1.341,1.3617,1.4321,1.5629,1.68,1.7203,1.315,1.432,1.527,1.549,0.1,-3.6,49.7,8.3
2025-08-12,1.3036,1.3424,1.3664,1.4257,1.5683,1.69,1.7271,1.315,1.433,1.527,1.548,0.1,-3.6,49.7,8.3
2025-08-13,1.2959,1.3404,1.3615,1.4092,1.5637,1.6875,1.7262,1.315,1.434,1.526,1.548,0.1,-3.6,49.7,8.3
2025-08-14,1.2815,1.3749,1.3665,1.4154,1.5638,1.6965,1.7341,1.315,1.426,1.525,1.549,0.1,-3.6,49.7,8.3
2025-08-15,1.282,1.3773,1.3665,1.4091,1.5948,1.707,1.7465,1.398,1.465,1.526,1.547,0.1,-3.6,49.7,8.3
2025-08-18,1.3701,1.3897,1.3865,1.4466,1.6398,1.7525,1.7872,1.436,1.483,1.528,1.549,0.1,-3.6,49.7,8.3
2025-08-19,1.38,1.38,1.3925,1.4907,1.6246,1.7475,1.7725,1.464,1.517,1.528,1.55,0.1,-3.6,49.7,8.3
2025-08-20,1.3603,1.38,1.3866,1.5059,1.6399,1.7675,1.782,1.473,1.534,1.532,1.55,0.1,-3.6,49.7,8.3
2025-08-21,1.3604,1.3799,1.3848,1.5112,1.6295,1.7475,1.7667,1.466,1.495,1.533,1.55,0.1,-3.6,49.7,8.3
2025-08-22,1.3507,1.3799,1.3707,1.5064,1.6324,1.7525,1.7818,1.418,1.463,1.53,1.55,0.1,-3.6,49.7,8.3
2025-08-25,1.3607,1.3696,1.3608,1.5022,1.6227,1.735,1.7643,1.356,1.484,1.53,1.55,0.1,-3.6,49.7,8.3
2025-08-26,1.3513,1.3721,1.3597,1.4973,1.6215,1.7295,1.7598,1.317,1.467,1.53,1.55,0.1,-3.6,49.7,8.3
2025-08-27,1.3463,1.3757,1.3632,1.4925,1.6259,1.7195,1.7988,1.315,1.491,1.526,1.55,0.1,-3.6,49.7,8.3
2025-08-28,1.3463,1.3796,1.3692,1.4977,1.6442,1.7445,1.8478,1.316,1.526,1.529,1.55,0.1,-3.6,49.7,8.3
2025-08-29,1.3513,1.3582,1.3698,1.4776,1.6322,1.732,1.8379,1.331,1.51,1.527,1.55,0.1,-3.6,49.7,8.3
2025-09-01,1.3513,1.36,1.3646,1.4776,1.6234,1.722,1.8257,1.315,1.438,1.521,1.549,0.0,-3.6,49.3,8.8
2025-09-02,1.3513,1.3581,1.3654,1.4751,1.6148,1.7145,1.8167,1.314,1.431,1.518,1.549,0.0,-3.6,49.3,8.8
2025-09-03,1.3513,1.3588,1.368,1.4701,1.5931,1.692,1.7984,1.316,1.433,1.517,1.55,0.0,-3.6,49.3,8.8
2025-09-04,1.3513,1.3586,1.3777,1.4751,1.5967,1.697,1.806,1.316,1.437,1.519,1.55,0.0,-3.6,49.3,8.8
2025-09-05,1.3491,1.3546,1.3959,1.4876,1.6121,1.722,1.826,1.316,1.427,1.52,1.55,0.0,-3.6,49.3,8.8
2025-09-08,1.3719,1.3903,1.4,1.495,1.6229,1.742,1.8514,1.353,1.438,1.52,1.55,0.0,-3.6,49.3,8.8
2025-09-09,1.3765,1.4,1.4,1.495,1.6283,1.7495,1.8641,1.419,1.467,1.522,1.551,0.0,-3.6,49.3,8.8
2025-09-10,1.3767,1.4017,1.415,1.5048,1.6492,1.7795,1.8992,1.425,1.449,1.528,1.553,0.0,-3.6,49.3,8.8
2025-09-11,1.3768,1.4,1.4,1.4923,1.621,1.757,1.8743,1.369,1.466,1.53,1.553,0.0,-3.6,49.3,8.8
2025-09-12,1.3741,1.4,1.4,1.4973,1.6139,1.7445,1.867,1.367,1.46,1.532,1.553,0.0,-3.6,49.3,8.8
2025-09-15,1.3782,1.3956,1.3975,1.4973,1.6187,1.747,1.8724,1.408,1.47,1.533,1.553,0.0,-3.6,49.3,8.8
2025-09-16,1.3783,1.3917,1.3975,1.5083,1.5891,1.717,1.8527,1.437,1.475,1.535,1.553,0.0,-3.6,49.3,8.8
2025-09-17,1.3813,1.3998,1.395,1.4953,1.5688,1.7225,1.8349,1.483,1.519,1.541,1.554,0.0,-3.6,49.3,8.8
2025-09-18,1.3822,1.3993,1.3875,1.5053,1.5896,1.7607,1.8546,1.514,1.528,1.544,1.556,0.0,-3.6,49.3,8.8
2025-09-19,1.3805,1.3998,1.39,1.5124,1.6186,1.7934,1.8789,1.461,1.488,1.547,1.562,0.0,-3.6,49.3,8.8
2025-09-22,1.401,1.4079,1.3825,1.5049,1.6091,1.7791,1.8647,1.427,1.466,1.55,1.562,0.0,-3.6,49.3,8.8
2025-09-23,1.415,1.415,1.385,1.5245,1.6238,1.7967,1.877,1.413,1.462,1.551,1.562,0.0,-3.6,49.3,8.8
2025-09-24,1.4005,1.4082,1.39,1.5335,1.6477,1.8194,1.9022,1.434,1.59,1.556,1.566,0.0,-3.6,49.3,8.8
2025-09-25,1.4004,1.4128,1.3925,1.5336,1.6398,1.8192,1.884,1.472,1.584,1.564,1.574,0.0,-3.6,49.3,8.8
2025-09-26,1.4,1.4,1.3825,1.5401,1.6234,1.8046,1.8768,1.321,1.501,1.566,1.576,0.0,-3.6,49.3,8.8
2025-09-28,1.4,1.4,1.3865,1.5359,1.6188,1.8075,1.8781,1.314,1.497,1.57,1.58,0.0,-3.6,49.3,8.8
2025-09-29,1.3802,1.4097,1.3825,1.5349,1.635,1.8152,1.887,1.315,1.523,1.571,1.58,0.0,-3.6,49.3,8.8
2025-09-30,1.3385,1.3897,1.3653,1.5204,1.6036,1.7733,1.8605,1.379,1.405,1.57,1.58,-0.4,-2.9,49.4,8.8
2025-10-09,1.3066,1.3982,1.3741,1.5144,1.5979,1.7651,1.8466,1.322,1.495,1.567,1.579,-0.4,-2.9,49.4,8.8
2025-10-10,1.3001,1.3884,1.3741,1.5198,1.605,1.7676,1.846,1.319,1.451,1.559,1.578,-0.4,-2.9,49.4,8.8
2025-10-11,1.2949,1.3833,1.3691,1.5029,1.5794,1.7428,1.8206,1.314,1.403,1.558,1.581,-0.4,-2.9,49.4,8.8
2025-10-13,1.3197,1.3791,1.3841,1.5114,1.5983,1.7654,1.8383,1.314,1.447,1.557,1.58,-0.4,-2.9,49.4,8.8
2025-10-14,1.3197,1.384,1.4091,1.5102,1.59,1.7483,1.8368,1.315,1.423,1.56,1.581,-0.4,-2.9,49.4,8.8
2025-10-15,1.3315,1.3877,1.4166,1.5183,1.5949,1.7561,1.8449,1.316,1.414,1.559,1.581,-0.4,-2.9,49.4,8.8
2025-10-16,1.3283,1.388,1.4166,1.5203,1.5975,1.7484,1.8407,1.316,1.419,1.559,1.581,-0.4,-2.9,49.4,8.8
2025-10-17,1.3269,1.3804,1.4434,1.514,1.5899,1.7359,1.8246,1.318,1.415,1.559,1.58,-0.4,-2.9,49.4,8.8
2025-10-20,1.3612,1.405,1.4713,1.536,1.6104,1.7617,1.8498,1.317,1.418,1.557,1.582,-0.4,-2.9,49.4,8.8
2025-10-21,1.3603,1.3959,1.4737,1.5311,1.6033,1.7517,1.8357,1.317,1.426,1.557,1.586,-0.4,-2.9,49.4,8.8
2025-10-22,1.3505,1.397,1.4789,1.5332,1.6027,1.7561,1.8293,1.318,1.422,1.557,1.592,-0.4,-2.9,49.4,8.8
2025-10-23,1.3509,1.3975,1.4764,1.5325,1.6061,1.7672,1.8391,1.318,1.417,1.556,1.594,-0.4,-2.9,49.4,8.8
2025-10-24,1.3524,1.3936,1.4716,1.5294,1.6174,1.7731,1.8486,1.32,1.414,1.557,1.594,-0.4,-2.9,49.4,8.8
2025-10-27,1.363,1.4014,1.4621,1.5169,1.6054,1.7574,1.8423,1.442,1.542,1.557,1.595,-0.4,-2.9,49.4,8.8
2025-10-28,1.3555,1.3865,1.4311,1.4655,1.5724,1.7235,1.8179,1.469,1.53,1.557,1.599,-0.4,-2.9,49.4,8.8
2025-10-29,1.3165,1.3663,1.3918,1.4254,1.5783,1.7023,1.8208,1.414,1.512,1.556,1.599,-0.4,-2.9,49.4,8.8
2025-10-30,1.2955,1.3522,1.3831,1.4132,1.5609,1.6834,1.8098,1.317,1.484,1.549,1.597,-0.4,-2.9,49.4,8.8
2025-10-31,1.2885,1.3535,1.3826,1.4146,1.5662,1.6768,1.7954,1.321,1.439,1.547,1.596,-0.3,-2.3,49.8,8.4
2025-11-03,1.2958,1.3544,1.3892,1.4211,1.5768,1.6819,1.7944,1.316,1.412,1.546,1.595,-0.3,-2.3,49.8,8.4
2025-11-04,1.2985,1.3662,1.3926,1.4311,1.5795,1.6872,1.7984,1.315,1.415,1.546,1.594,-0.3,-2.3,49.8,8.4
2025-11-05,1.2929,1.368,1.404,1.4452,1.5794,1.6884,1.7964,1.315,1.423,1.5415,1.589,-0.3,-2.3,49.8,8.4
2025-11-06,1.2993,1.3754,1.4011,1.4479,1.5856,1.7015,1.81,1.313,1.421,1.534,1.5875,-0.3,-2.3,49.8,8.4
2025-11-07,1.3093,1.3789,1.4045,1.4449,1.5873,1.7138,1.8142,1.327,1.422,1.526,1.584,-0.3,-2.3,49.8,8.4
2025-11-10,1.3355,1.3739,1.3994,1.4449,1.583,1.7066,1.8139,1.479,1.478,1.525,1.58,-0.3,-2.3,49.8,8.4
2025-11-11,1.3447,1.3682,1.4048,1.4384,1.5754,1.7073,1.8119,1.508,1.501,1.525,1.58,-0.3,-2.3,49.8,8.4
2025-11-12,1.3452,1.3713,1.409,1.438,1.568,1.7011,1.8071,1.415,1.474,1.523,1.58,-0.3,-2.3,49.8,8.4
2025-11-13,1.3429,1.3702,1.409,1.4405,1.5783,1.7075,1.8126,1.315,1.474,1.518,1.58,-0.3,-2.3,49.8,8.4
2025-11-14,1.3465,1.3701,1.4104,1.4397,1.5816,1.7128,1.814,1.363,1.468,1.518,1.58,-0.3,-2.3,49.8,8.4
2025-11-17,1.3798,1.3952,1.4064,1.4381,1.5846,1.7077,1.8109,1.508,1.514,1.52,1.58,-0.3,-2.3,49.8,8.4
2025-11-18,1.3811,1.4003,1.4056,1.4381,1.5899,1.7075,1.8121,1.525,1.518,1.52,1.58,-0.3,-2.3,49.8,8.4
2025-11-19,1.3857,1.4099,1.4027,1.4386,1.5953,1.7132,1.8179,1.42,1.487,1.52,1.58,-0.3,-2.3,49.8,8.4
2025-11-20,1.3844,1.4001,1.404,1.4356,1.5852,1.7012,1.8135,1.364,1.46,1.518,1.579,-0.3,-2.3,49.8,8.4
2025-11-21,1.3849,1.4002,1.4008,1.4348,1.5907,1.7053,1.8166,1.32,1.417,1.519,1.578,-0.3,-2.3,49.8,8.4
2025-11-24,1.3898,1.4098,1.4034,1.4348,1.5944,1.7001,1.821,1.316,1.447,1.52,1.58,-0.3,-2.3,49.8,8.4
2025-11-25,1.3905,1.4097,1.4052,1.4338,1.6019,1.7105,1.8301,1.316,1.433,1.52,1.58,-0.3,-2.3,49.8,8.4
2025-11-26,1.3922,1.4122,1.4067,1.4368,1.6203,1.7335,1.8462,1.316,1.453,1.519,1.579,-0.3,-2.3,49.8,8.4
2025-11-27,1.4073,1.4474,1.4093,1.4501,1.6304,1.7518,1.8537,1.314,1.425,1.52,1.58,-0.3,-2.3,49.8,8.4
2025-11-28,1.3987,1.4373,1.4017,1.4351,1.6183,1.7432,1.8412,1.301,1.437,1.52,1.58,-0.3,-2.3,49.8,8.4
2025-12-01,1.45,1.4391,1.4116,1.4353,1.6111,1.7351,1.8366,1.307,1.454,1.519,1.58,0.2,-2.1,49.0,8.2
2025-12-02,1.4499,1.4336,1.4081,1.4369,1.6165,1.7387,1.8442,1.302,1.434,1.519,1.58,0.2,-2.1,49.0,8.2
2025-12-03,1.43,1.4243,1.4116,1.4329,1.6196,1.743,1.8519,1.301,1.426,1.52,1.58,0.2,-2.1,49.0,8.2
2025-12-04,1.4201,1.4248,1.4034,1.4357,1.646,1.7736,1.8718,1.302,1.424,1.52,1.58,0.2,-2.1,49.0,8.2
2025-12-05,1.4149,1.4093,1.4016,1.4205,1.6322,1.7449,1.848,1.301,1.416,1.52,1.58,0.2,-2.1,49.0,8.2
2025-12-08,1.415,1.4091,1.4014,1.4155,1.6348,1.7424,1.8499,1.302,1.426,1.521,1.58,0.2,-2.1,49.0,8.2
2025-12-09,1.3975,1.3806,1.3969,1.4131,1.6299,1.7332,1.8425,1.303,1.431,1.523,1.581,0.2,-2.1,49.0,8.2
2025-12-10,1.3901,1.395,1.3951,1.4109,1.6266,1.7304,1.8447,1.298,1.439,1.523,1.582,0.2,-2.1,49.0,8.2
2025-12-11,1.3804,1.3898,1.3879,1.4109,1.6173,1.7205,1.8404,1.283,1.432,1.524,1.584,0.2,-2.1,49.0,8.2
2025-12-12,1.3706,1.3819,1.3879,1.4161,1.6279,1.741,1.8396,1.279,1.451,1.525,1.585,0.2,-2.1,49.0,8.2
2025-12-15,1.3881,1.3925,1.3872,1.4214,1.6391,1.7563,1.8488,1.274,1.432,1.533,1.591,0.2,-2.1,49.0,8.2
2025-12-16,1.3779,1.385,1.3822,1.4213,1.6362,1.7493,1.8458,1.276,1.429,1.537,1.595,0.2,-2.1,49.0,8.2
2025-12-17,1.376,1.3849,1.3797,1.4136,1.6241,1.7353,1.834,1.275,1.428,1.541,1.601,0.2,-2.1,49.0,8.2
2025-12-18,1.3535,1.3607,1.3747,1.3986,1.6201,1.7368,1.8356,1.273,1.426,1.55,1.603,0.2,-2.1,49.0,8.2
2025-12-19,1.35,1.35,1.3547,1.3941,1.6021,1.7258,1.8308,1.2733,1.4311,1.5544,1.6022,0.2,-2.1,49.0,8.2
2025-12-22,1.3202,1.35,1.3547,1.3951,1.6083,1.7393,1.8415,1.272,1.417,1.559,1.601,0.2,-2.1,49.0,8.2
2025-12-23,1.2954,1.3394,1.3422,1.3856,1.5957,1.7163,1.8352,1.272,1.399,1.567,1.6,0.2,-2.1,49.0,8.2
2025-12-24,1.2905,1.3344,1.3372,1.3784,1.5991,1.7083,1.8356,1.267,1.385,1.579,1.6,0.2,-2.1,49.0,8.2
2025-12-25,1.3056,1.3243,1.3072,1.3682,1.6028,1.7138,1.8386,1.262,1.4,1.584,1.6,0.2,-2.1,49.0,8.2
2025-12-26,1.3053,1.3185,1.2872,1.3627,1.5948,1.7033,1.8376,1.258,1.448,1.584,1.6,0.2,-2.1,49.0,8.2
2025-12-29,1.283,1.3398,1.3322,1.3762,1.6168,1.7256,1.8584,1.248,1.558,1.584,1.6,0.2,-2.1,49.0,8.2
2025-12-30,1.2657,1.3398,1.3372,1.378,1.6303,1.7333,1.8582,1.247,1.589,1.585,1.6,0.2,-2.1,49.0,8.2
2025-12-31,1.2657,1.3398,1.3372,1.383,1.6309,1.7359,1.8473,1.327,1.956,1.588,1.6,0.7,-2.2,49.2,8.0
